date,arrivals,year,month,month_sin,month_cos,time_index,is_covid,is_spring_trek,is_autumn_trek,is_monsoon,lag_1,lag_2,lag_3,lag_12,rolling_mean_3,rolling_std_3,rolling_mean_6,rolling_std_6,country_Australia,country_Bangladesh,country_Canada,country_China,country_France,country_Germany,country_India,country_Italy,country_Japan,country_Malaysia,country_Myanmar,country_Netherlands,country_Others,country_South Korea,country_Spain,country_Sri Lanka,country_Thailand,country_UK,country_USA
2020-01-01,3008.0,2020,1,0.0,1.0,12,0,0,0,0,3449.0,4970.0,5671.0,3251.0,4696.666666666667,1135.937645002283,3565.5,1809.8137749503398,1,0,0,0,0,0,0,0,0,0,0,0,0,0,0,0,0,0,0
2020-02-01,2542.0,2020,2,0.49999999999999994,0.8660254037844387,13,0,0,0,0,3008.0,3449.0,4970.0,2753.0,3809.0,1029.34979477338,3826.5,1534.272303080519,1,0,0,0,0,0,0,0,0,0,0,0,0,0,0,0,0,0,0
2020-03-01,1079.0,2020,3,0.8660254037844386,0.5000000000000001,14,1,1,0,0,2542.0,3008.0,3449.0,3275.0,2999.6666666666665,453.55742010613477,4015.6666666666665,1212.5356352151744,1,0,0,0,0,0,0,0,0,0,0,0,0,0,0,0,0,0,0
2020-04-01,2.0,2020,4,1.0,6.123233995736766e-17,15,1,1,0,0,1079.0,2542.0,3008.0,4521.0,2209.6666666666665,1006.5258731564394,3453.1666666666665,1666.412363932369,1,0,0,0,0,0,0,0,0,0,0,0,0,0,0,0,0,0,0
2020-05-01,4.0,2020,5,0.8660254037844387,-0.4999999999999998,16,1,1,0,0,2.0,1079.0,2542.0,2048.0,1207.6666666666667,1274.8789485019086,2508.3333333333335,1761.8261737943008,1,0,0,0,0,0,0,0,0,0,0,0,0,0,0,0,0,0,0
2020-06-01,2.0,2020,6,0.49999999999999994,-0.8660254037844387,17,1,0,0,1,4.0,2.0,1079.0,1731.0,361.6666666666667,621.2296945038378,1680.6666666666667,1524.588294152446,1,0,0,0,0,0,0,0,0,0,0,0,0,0,0,0,0,0,0
2020-07-01,2.0,2020,7,1.2246467991473532e-16,-1.0,18,1,0,0,1,2.0,4.0,2.0,1442.0,2.6666666666666665,1.154700537572637,1106.1666666666667,1366.196532958075,1,0,0,0,0,0,0,0,0,0,0,0,0,0,0,0,0,0,0
2020-08-01,11.0,2020,8,-0.4999999999999997,-0.8660254037844388,19,1,0,0,1,2.0,2.0,4.0,1407.0,2.6666666666666665,1.154700537572637,605.1666666666666,1041.985876423795,1,0,0,0,0,0,0,0,0,0,0,0,0,0,0,0,0,0,0
2020-09-01,11.0,2020,9,-0.8660254037844384,-0.5000000000000004,20,1,0,1,0,11.0,2.0,2.0,4454.0,5.0,5.1961524225274855,183.33333333333334,438.7991188079846,1,0,0,0,0,0,0,0,0,0,0,0,0,0,0,0,0,0,0
2020-10-01,49.0,2020,10,-1.0,-1.8369701987210297e-16,21,1,0,1,0,11.0,11.0,2.0,5671.0,8.0,5.196152422527616,5.333333333333333,4.457203906450029,1,0,0,0,0,0,0,0,0,0,0,0,0,0,0,0,0,0,0
2020-11-01,34.0,2020,11,-0.8660254037844386,0.5000000000000001,22,1,0,1,0,49.0,11.0,11.0,4970.0,23.666666666666668,21.939310229163542,13.166666666666666,18.037923014129973,1,0,0,0,0,0,0,0,0,0,0,0,0,0,0,0,0,0,0
2020-12-01,49.0,2020,12,-0.5000000000000004,0.8660254037844384,23,1,0,0,0,34.0,49.0,11.0,3449.0,31.333333333333332,19.1398362932258,18.166666666666668,19.114566870941225,1,0,0,0,0,0,0,0,0,0,0,0,0,0,0,0,0,0,0
2021-01-01,66.0,2021,1,0.0,1.0,24,1,0,0,0,49.0,34.0,49.0,3008.0,44.0,8.660254037737923,26.0,20.726794252778785,1,0,0,0,0,0,0,0,0,0,0,0,0,0,0,0,0,0,0
2021-02-01,37.0,2021,2,0.49999999999999994,0.8660254037844387,25,1,0,0,0,66.0,49.0,34.0,2542.0,49.666666666666664,16.01041327797293,36.666666666666664,22.31292599960164,1,0,0,0,0,0,0,0,0,0,0,0,0,0,0,0,0,0,0
2021-03-01,99.0,2021,3,0.8660254037844386,0.5000000000000001,26,1,1,0,0,37.0,66.0,49.0,1079.0,50.666666666666664,14.57166199619976,41.0,18.536450577093653,1,0,0,0,0,0,0,0,0,0,0,0,0,0,0,0,0,0,0
2021-04-01,97.0,2021,4,1.0,6.123233995736766e-17,27,1,1,0,0,99.0,37.0,66.0,2.0,67.33333333333333,31.0214979221104,55.666666666666664,24.047175856297844,1,0,0,0,0,0,0,0,0,0,0,0,0,0,0,0,0,0,0
2021-05-01,9.0,2021,5,0.8660254037844387,-0.4999999999999998,28,1,1,0,0,97.0,99.0,37.0,4.0,77.66666666666667,35.23256069790421,63.666666666666664,28.88367474307451,1,0,0,0,0,0,0,0,0,0,0,0,0,0,0,0,0,0,0
2021-06-01,11.0,2021,6,0.49999999999999994,-0.8660254037844387,29,1,0,0,1,9.0,97.0,99.0,2.0,68.33333333333333,51.393903659203595,59.5,35.143989528752286,1,0,0,0,0,0,0,0,0,0,0,0,0,0,0,0,0,0,0
2021-07-01,52.0,2021,7,1.2246467991473532e-16,-1.0,30,1,0,0,1,11.0,9.0,97.0,2.0,39.0,50.23942674830351,53.166666666666664,40.43966699496563,1,0,0,0,0,0,0,0,0,0,0,0,0,0,0,0,0,0,0
2021-08-01,64.0,2021,8,-0.4999999999999997,-0.8660254037844388,31,1,0,0,1,52.0,11.0,9.0,11.0,24.0,24.269322198985027,50.833333333333336,39.95205459877765,1,0,0,0,0,0,0,0,0,0,0,0,0,0,0,0,0,0,0
2021-09-01,77.0,2021,9,-0.8660254037844384,-0.5000000000000004,32,1,0,1,0,64.0,52.0,11.0,11.0,42.333333333333336,27.790885796093093,55.333333333333336,39.60134677840785,1,0,0,0,0,0,0,0,0,0,0,0,0,0,0,0,0,0,0
2021-10-01,139.0,2021,10,-1.0,-1.8369701987210297e-16,33,1,0,1,0,77.0,64.0,52.0,49.0,64.33333333333333,12.503332888933999,51.666666666666664,35.56215216580278,1,0,0,0,0,0,0,0,0,0,0,0,0,0,0,0,0,0,0
2021-11-01,615.0,2021,11,-0.8660254037844386,0.5000000000000001,34,1,0,1,0,139.0,77.0,64.0,34.0,93.33333333333333,40.07908847929942,58.666666666666664,48.169146418259444,1,0,0,0,0,0,0,0,0,0,0,0,0,0,0,0,0,0,0
2021-12-01,1211.0,2021,12,-0.5000000000000004,0.8660254037844384,35,1,0,0,0,615.0,139.0,77.0,49.0,277.0,294.35352894096286,159.66666666666666,226.90761703094896,1,0,0,0,0,0,0,0,0,0,0,0,0,0,0,0,0,0,0
2022-01-01,1213.0,2022,1,0.0,1.0,36,1,0,0,0,1211.0,615.0,139.0,66.0,655.0,537.1182365178065,359.6666666666667,469.17700995111,1,0,0,0,0,0,0,0,0,0,0,0,0,0,0,0,0,0,0
2022-02-01,1053.0,2022,2,0.49999999999999994,0.8660254037844387,37,1,0,0,0,1213.0,1211.0,615.0,37.0,1013.0,344.67956133196896,553.1666666666666,549.4544263782612,1,0,0,0,0,0,0,0,0,0,0,0,0,0,0,0,0,0,0
2022-03-01,1450.0,2022,3,0.8660254037844386,0.5000000000000001,38,0,1,0,0,1053.0,1213.0,1211.0,99.0,1159.0,91.80413934022023,718.0,520.9664096657265,1,0,0,0,0,0,0,0,0,0,0,0,0,0,0,0,0,0,0
2022-04-01,2747.0,2022,4,1.0,6.123233995736766e-17,39,0,1,0,0,1450.0,1053.0,1213.0,97.0,1238.6666666666667,199.74066519697985,946.8333333333334,483.2773185932321,1,0,0,0,0,0,0,0,0,0,0,0,0,0,0,0,0,0,0
2022-05-01,1618.0,2022,5,0.8660254037844387,-0.4999999999999998,40,0,1,0,0,2747.0,1450.0,1053.0,9.0,1750.0,885.9509015741216,1381.5,724.1794667069745,1,0,0,0,0,0,0,0,0,0,0,0,0,0,0,0,0,0,0
2022-06-01,1482.0,2022,6,0.49999999999999994,-0.8660254037844387,41,0,0,0,1,1618.0,2747.0,1450.0,11.0,1938.3333333333333,705.3455417973041,1548.6666666666667,620.1485843462555,1,0,0,0,0,0,0,0,0,0,0,0,0,0,0,0,0,0,0
2022-07-01,1148.0,2022,7,1.2246467991473532e-16,-1.0,42,0,0,0,1,1482.0,1618.0,2747.0,52.0,1949.0,694.4256619682191,1593.8333333333333,600.1844438726022,1,0,0,0,0,0,0,0,0,0,0,0,0,0,0,0,0,0,0
2022-08-01,1210.0,2022,8,-0.4999999999999997,-0.8660254037844388,43,0,0,0,1,1148.0,1482.0,1618.0,64.0,1416.0,241.85119391890305,1583.0,608.9558276262721,1,0,0,0,0,0,0,0,0,0,0,0,0,0,0,0,0,0,0
2022-09-01,4370.0,2022,9,-0.8660254037844384,-0.5000000000000004,44,0,0,1,0,1210.0,1148.0,1482.0,77.0,1280.0,177.66260157950725,1609.1666666666667,584.5095094749654,1,0,0,0,0,0,0,0,0,0,0,0,0,0,0,0,0,0,0
2022-10-01,3946.0,2022,10,-1.0,-1.8369701987210297e-16,45,0,0,1,0,4370.0,1210.0,1148.0,139.0,2242.6666666666665,1842.5855023128054,2095.8333333333335,1255.7114981820723,1,0,0,0,0,0,0,0,0,0,0,0,0,0,0,0,0,0,0
2022-11-01,3375.0,2022,11,-0.8660254037844386,0.5000000000000001,46,0,0,1,0,3946.0,4370.0,1210.0,615.0,3175.3333333333335,1715.1808456641927,2295.6666666666665,1459.0103038247073,1,0,0,0,0,0,0,0,0,0,0,0,0,0,0,0,0,0,0
2022-12-01,3282.0,2022,12,-0.5000000000000004,0.8660254037844384,47,0,0,0,0,3375.0,3946.0,4370.0,1211.0,3897.0,499.30651908422277,2588.5,1472.0581170592409,1,0,0,0,0,0,0,0,0,0,0,0,0,0,0,0,0,0,0
2023-01-01,3441.0,2023,1,0.0,1.0,48,0,0,0,0,3282.0,3375.0,3946.0,1213.0,3534.3333333333335,359.5334940354459,2888.5,1382.1270202119622,1,0,0,0,0,0,0,0,0,0,0,0,0,0,0,0,0,0,0
2023-02-01,2969.0,2023,2,0.49999999999999994,0.8660254037844387,49,0,0,0,0,3441.0,3282.0,3375.0,1053.0,3366.0,79.88116173418067,3270.6666666666665,1090.9613497583975,1,0,0,0,0,0,0,0,0,0,0,0,0,0,0,0,0,0,0
2023-03-01,3635.0,2023,3,0.8660254037844386,0.5000000000000001,50,0,1,0,0,2969.0,3441.0,3282.0,1450.0,3230.6666666666665,240.15064716409867,3563.8333333333335,505.9562892846226,1,0,0,0,0,0,0,0,0,0,0,0,0,0,0,0,0,0,0
2023-04-01,3828.0,2023,4,1.0,6.123233995736766e-17,51,0,1,0,0,3635.0,2969.0,3441.0,2747.0,3348.3333333333335,342.53369663922945,3441.3333333333335,330.17611462167366,1,0,0,0,0,0,0,0,0,0,0,0,0,0,0,0,0,0,0
2023-05-01,2184.0,2023,5,0.8660254037844387,-0.4999999999999998,52,0,1,0,0,3828.0,3635.0,2969.0,1618.0,3477.3333333333335,450.68207567345735,3421.6666666666665,295.83215962208124,1,0,0,0,0,0,0,0,0,0,0,0,0,0,0,0,0,0,0
2023-06-01,1639.0,2023,6,0.49999999999999994,-0.8660254037844387,53,0,0,0,1,2184.0,3828.0,3635.0,1482.0,3215.6666666666665,898.6458330918447,3223.1666666666665,588.3554764482647,1,0,0,0,0,0,0,0,0,0,0,0,0,0,0,0,0,0,0
2023-07-01,1102.0,2023,7,1.2246467991473532e-16,-1.0,54,0,0,0,1,1639.0,2184.0,3828.0,1148.0,2550.3333333333335,1139.5526900206653,2949.3333333333335,870.2902197926071,1,0,0,0,0,0,0,0,0,0,0,0,0,0,0,0,0,0,0
2023-08-01,1347.0,2023,8,-0.4999999999999997,-0.8660254037844388,55,0,0,0,1,1102.0,1639.0,2184.0,1210.0,1641.6666666666667,541.0049291211053,2559.5,1099.64626130406,1,0,0,0,0,0,0,0,0,0,0,0,0,0,0,0,0,0,0
2023-09-01,3685.0,2023,9,-0.8660254037844384,-0.5000000000000004,56,0,0,1,0,1347.0,1102.0,1639.0,4370.0,1362.6666666666667,268.8425809527417,2289.1666666666665,1175.5930276531346,1,0,0,0,0,0,0,0,0,0,0,0,0,0,0,0,0,0,0
2023-10-01,6075.0,2023,10,-1.0,-1.8369701987210297e-16,57,0,0,1,0,3685.0,1347.0,1102.0,3946.0,2044.6666666666667,1425.8423241485482,2297.5,1187.1614464764248,1,0,0,0,0,0,0,0,0,0,0,0,0,0,0,0,0,0,0
2023-11-01,5060.0,2023,11,-0.8660254037844386,0.5000000000000001,58,0,0,1,0,6075.0,3685.0,1347.0,3375.0,3702.3333333333335,2364.047658854055,2672.0,1904.328543082836,1,0,0,0,0,0,0,0,0,0,0,0,0,0,0,0,0,0,0
2023-12-01,3834.0,2023,12,-0.5000000000000004,0.8660254037844384,59,0,0,0,0,5060.0,6075.0,3685.0,3282.0,4940.0,1199.510316754304,3151.3333333333335,2107.993042366759,1,0,0,0,0,0,0,0,0,0,0,0,0,0,0,0,0,0,0
2024-01-01,3421.0,2024,1,0.0,1.0,60,0,0,0,0,3834.0,5060.0,6075.0,3441.0,4989.666666666667,1122.1543268790367,3517.1666666666665,1979.5984862255946,1,0,0,0,0,0,0,0,0,0,0,0,0,0,0,0,0,0,0
2024-02-01,2976.0,2024,2,0.49999999999999994,0.8660254037844387,61,0,0,0,0,3421.0,3834.0,5060.0,2969.0,4105.0,852.4441330667994,3903.6666666666665,1604.6167974524838,1,0,0,0,0,0,0,0,0,0,0,0,0,0,0,0,0,0,0
2024-03-01,4345.0,2024,3,0.8660254037844386,0.5000000000000001,62,0,1,0,0,2976.0,3421.0,3834.0,3635.0,3410.3333333333335,429.0994445735612,4175.166666666667,1162.3874425795666,1,0,0,0,0,0,0,0,0,0,0,0,0,0,0,0,0,0,0
2024-04-01,4110.0,2024,4,1.0,6.123233995736766e-17,63,0,1,0,0,4345.0,2976.0,3421.0,3828.0,3580.6666666666665,698.3268098342917,4285.166666666667,1137.6908924073643,1,0,0,0,0,0,0,0,0,0,0,0,0,0,0,0,0,0,0
2024-05-01,2194.0,2024,5,0.8660254037844387,-0.4999999999999998,64,0,1,0,0,4110.0,4345.0,2976.0,2184.0,3810.3333333333335,732.0453082517089,3957.6666666666665,728.7448570430295,1,0,0,0,0,0,0,0,0,0,0,0,0,0,0,0,0,0,0
2024-06-01,1589.0,2024,6,0.49999999999999994,-0.8660254037844387,65,0,0,0,1,2194.0,4110.0,4345.0,1639.0,3549.6666666666665,1179.9069172326006,3480.0,797.7134823982851,1,0,0,0,0,0,0,0,0,0,0,0,0,0,0,0,0,0,0
2024-07-01,1901.0,2024,7,1.2246467991473532e-16,-1.0,66,0,0,0,1,1589.0,2194.0,4110.0,1102.0,2631.0,1316.0877630310238,3105.8333333333335,1076.3173169036468,1,0,0,0,0,0,0,0,0,0,0,0,0,0,0,0,0,0,0
2024-08-01,1763.0,2024,8,-0.4999999999999997,-0.8660254037844388,67,0,0,0,1,1901.0,1589.0,2194.0,1347.0,1894.6666666666667,302.54972043176036,2852.5,1162.7141953205864,1,0,0,0,0,0,0,0,0,0,0,0,0,0,0,0,0,0,0
2024-09-01,5036.0,2024,9,-0.8660254037844384,-0.5000000000000004,68,0,0,1,0,1763.0,1901.0,1589.0,3685.0,1751.0,156.34577064955383,2650.3333333333335,1239.842839502921,1,0,0,0,0,0,0,0,0,0,0,0,0,0,0,0,0,0,0
2024-10-01,6929.0,2024,10,-1.0,-1.8369701987210297e-16,69,0,0,1,0,5036.0,1763.0,1901.0,6075.0,2900.0,1851.1166900009312,2765.5,1444.0208793504335,1,0,0,0,0,0,0,0,0,0,0,0,0,0,0,0,0,0,0
2024-11-01,4829.0,2024,11,-0.8660254037844386,0.5000000000000001,70,0,0,1,0,6929.0,5036.0,1763.0,5060.0,4576.0,2613.5395539382994,3235.3333333333335,2219.3951127878663,1,0,0,0,0,0,0,0,0,0,0,0,0,0,0,0,0,0,0
2024-12-01,4885.0,2024,12,-0.5000000000000004,0.8660254037844384,71,0,0,0,0,4829.0,6929.0,5036.0,3834.0,5598.0,1157.317156184943,3674.5,2232.790518611184,1,0,0,0,0,0,0,0,0,0,0,0,0,0,0,0,0,0,0
2025-01-01,4301.0,2025,1,0.0,1.0,72,0,0,0,0,4885.0,4829.0,6929.0,3421.0,5547.666666666667,1196.597398180916,4223.833333333333,2011.5747479690299,1,0,0,0,0,0,0,0,0,0,0,0,0,0,0,0,0,0,0
2025-02-01,3825.0,2025,2,0.49999999999999994,0.8660254037844387,73,0,0,0,0,4301.0,4885.0,4829.0,2976.0,4671.666666666667,322.2255938520986,4623.833333333333,1666.2871801303238,1,0,0,0,0,0,0,0,0,0,0,0,0,0,0,0,0,0,0
2025-03-01,4228.0,2025,3,0.8660254037844386,0.5000000000000001,74,0,1,0,0,3825.0,4301.0,4885.0,4345.0,4337.0,530.916189242713,4967.5,1060.9138984856406,1,0,0,0,0,0,0,0,0,0,0,0,0,0,0,0,0,0,0
2025-04-01,5319.0,2025,4,1.0,6.123233995736766e-17,75,0,1,0,0,4228.0,3825.0,4301.0,4110.0,4118.0,256.35717271027215,4832.833333333333,1101.0039812219877,1,0,0,0,0,0,0,0,0,0,0,0,0,0,0,0,0,0,0
2025-05-01,2679.0,2025,5,0.8660254037844387,-0.4999999999999998,76,0,1,0,0,5319.0,4228.0,3825.0,2194.0,4457.333333333333,772.9517018115283,4564.5,542.4897234049697,1,0,0,0,0,0,0,0,0,0,0,0,0,0,0,0,0,0,0
2025-06-01,1831.0,2025,6,0.49999999999999994,-0.8660254037844387,77,0,0,0,1,2679.0,5319.0,4228.0,1589.0,4075.3333333333335,1326.6048143035432,4206.166666666667,915.0091620670622,1,0,0,0,0,0,0,0,0,0,0,0,0,0,0,0,0,0,0
2025-07-01,1665.0,2025,7,1.2246467991473532e-16,-1.0,78,0,0,0,1,1831.0,2679.0,5319.0,1901.0,3276.3333333333335,1819.104541617479,3697.1666666666665,1249.985986588117,1,0,0,0,0,0,0,0,0,0,0,0,0,0,0,0,0,0,0
2025-08-01,2223.0,2025,8,-0.4999999999999997,-0.8660254037844388,79,0,0,0,1,1665.0,1831.0,2679.0,1763.0,2058.3333333333335,543.8835659710072,3257.8333333333335,1443.5601015083053,1,0,0,0,0,0,0,0,0,0,0,0,0,0,0,0,0,0,0
2025-09-01,6943.0,2025,9,-0.8660254037844384,-0.5000000000000004,80,0,0,1,0,2223.0,1665.0,1831.0,5036.0,1906.3333333333333,286.5263222346928,2990.8333333333335,1465.6600447125072,1,0,0,0,0,0,0,0,0,0,0,0,0,0,0,0,0,0,0
2025-10-01,6177.0,2025,10,-1.0,-1.8369701987210297e-16,81,0,0,1,0,6943.0,2223.0,1665.0,6929.0,3610.3333333333335,2899.627792205982,3443.3333333333335,2172.6159040812227,1,0,0,0,0,0,0,0,0,0,0,0,0,0,0,0,0,0,0
2025-11-01,5393.0,2025,11,-0.8660254037844386,0.5000000000000001,82,0,0,1,0,6177.0,6943.0,2223.0,4829.0,5114.333333333333,2533.0900760401987,3586.3333333333335,2342.3668941194223,1,0,0,0,0,0,0,0,0,0,0,0,0,0,0,0,0,0,0
2025-12-01,4980.0,2025,12,-0.5000000000000004,0.8660254037844384,83,0,0,0,0,5393.0,6177.0,6943.0,4885.0,6171.0,775.0174191590835,4038.6666666666665,2393.5986018266863,1,0,0,0,0,0,0,0,0,0,0,0,0,0,0,0,0,0,0
2020-01-01,2285.0,2020,1,0.0,1.0,12,0,0,0,0,3824.0,2963.0,2786.0,1284.0,3191.0,555.291815174694,2617.5,784.0552914176412,0,1,0,0,0,0,0,0,0,0,0,0,0,0,0,0,0,0,0
2020-02-01,2209.0,2020,2,0.49999999999999994,0.8660254037844387,13,0,0,0,0,2285.0,3824.0,2963.0,1641.0,3024.0,771.3112212330419,2733.6666666666665,639.2857472732118,0,1,0,0,0,0,0,0,0,0,0,0,0,0,0,0,0,0,0
2020-03-01,374.0,2020,3,0.8660254037844386,0.5000000000000001,14,1,1,0,0,2209.0,2285.0,3824.0,2072.0,2772.6666666666665,911.2740166016695,2674.3333333333335,673.6668810819401,0,1,0,0,0,0,0,0,0,0,0,0,0,0,0,0,0,0,0
2020-04-01,0.0,2020,4,1.0,6.123233995736766e-17,15,1,1,0,0,374.0,2209.0,2285.0,1840.0,1622.6666666666667,1082.0445154120691,2406.8333333333335,1153.069194223256,0,1,0,0,0,0,0,0,0,0,0,0,0,0,0,0,0,0,0
2020-05-01,2.0,2020,5,0.8660254037844387,-0.4999999999999998,16,1,1,0,0,0.0,374.0,2209.0,1037.0,861.0,1182.2846526957903,1942.5,1483.4614588859406,0,1,0,0,0,0,0,0,0,0,0,0,0,0,0,0,0,0,0
2020-06-01,2.0,2020,6,0.49999999999999994,-0.8660254037844387,17,1,0,0,1,2.0,0.0,374.0,2270.0,125.33333333333333,215.35397217915124,1449.0,1566.279413131643,0,1,0,0,0,0,0,0,0,0,0,0,0,0,0,0,0,0,0
2020-07-01,2.0,2020,7,1.2246467991473532e-16,-1.0,18,1,0,0,1,2.0,2.0,0.0,1588.0,1.3333333333333333,1.1547005406446145,812.0,1121.1356742161072,0,1,0,0,0,0,0,0,0,0,0,0,0,0,0,0,0,0,0
2020-08-01,1.0,2020,8,-0.4999999999999997,-0.8660254037844388,19,1,0,0,1,2.0,2.0,2.0,2565.0,2.0,0.0,431.5,883.4495458145905,0,1,0,0,0,0,0,0,0,0,0,0,0,0,0,0,0,0,0
2020-09-01,8.0,2020,9,-0.8660254037844384,-0.5000000000000004,20,1,0,1,0,1.0,2.0,2.0,1979.0,1.6666666666666667,0.5773502737205402,63.5,152.11541670720598,0,1,0,0,0,0,0,0,0,0,0,0,0,0,0,0,0,0,0
2020-10-01,5.0,2020,10,-1.0,-1.8369701987210297e-16,21,1,0,1,0,8.0,1.0,2.0,2786.0,3.6666666666666665,3.7859388978913127,2.5,2.8106938657634517,0,1,0,0,0,0,0,0,0,0,0,0,0,0,0,0,0,0,0
2020-11-01,18.0,2020,11,-0.8660254037844386,0.5000000000000001,22,1,0,1,0,5.0,8.0,1.0,2963.0,4.666666666666667,3.511884585029403,3.3333333333333335,2.658320272974131,0,1,0,0,0,0,0,0,0,0,0,0,0,0,0,0,0,0,0
2020-12-01,11.0,2020,12,-0.5000000000000004,0.8660254037844384,23,1,0,0,0,18.0,5.0,8.0,3824.0,10.333333333333334,6.806859285938769,6.0,6.4187226149003465,0,1,0,0,0,0,0,0,0,0,0,0,0,0,0,0,0,0,0
2021-01-01,27.0,2021,1,0.0,1.0,24,1,0,0,0,11.0,18.0,5.0,2285.0,11.333333333333334,6.506407099050251,7.5,6.348228099795255,0,1,0,0,0,0,0,0,0,0,0,0,0,0,0,0,0,0,0
2021-02-01,156.0,2021,2,0.49999999999999994,0.8660254037844387,25,1,0,0,0,27.0,11.0,18.0,2209.0,18.666666666666668,8.020806277337478,11.666666666666666,9.458682079110611,0,1,0,0,0,0,0,0,0,0,0,0,0,0,0,0,0,0,0
2021-03-01,567.0,2021,3,0.8660254037844386,0.5000000000000001,26,1,1,0,0,156.0,27.0,11.0,374.0,64.66666666666667,79.50052410732023,37.5,58.585834465397596,0,1,0,0,0,0,0,0,0,0,0,0,0,0,0,0,0,0,0
2021-04-01,162.0,2021,4,1.0,6.123233995736766e-17,27,1,1,0,0,567.0,156.0,27.0,0.0,250.0,282.0053190987812,130.66666666666666,221.17022102144188,0,1,0,0,0,0,0,0,0,0,0,0,0,0,0,0,0,0,0
2021-05-01,6.0,2021,5,0.8660254037844387,-0.4999999999999998,28,1,1,0,0,162.0,567.0,156.0,2.0,295.0,235.57801255636193,156.83333333333334,212.4442672012436,0,1,0,0,0,0,0,0,0,0,0,0,0,0,0,0,0,0,0
2021-06-01,0.0,2021,6,0.49999999999999994,-0.8660254037844387,29,1,0,0,1,6.0,162.0,567.0,2.0,245.0,289.563464546212,154.83333333333334,214.06299695807633,0,1,0,0,0,0,0,0,0,0,0,0,0,0,0,0,0,0,0
2021-07-01,8.0,2021,7,1.2246467991473532e-16,-1.0,30,1,0,0,1,0.0,6.0,162.0,2.0,56.0,91.84770002566911,153.0,215.5829306786758,0,1,0,0,0,0,0,0,0,0,0,0,0,0,0,0,0,0,0
2021-08-01,31.0,2021,8,-0.4999999999999997,-0.8660254037844388,31,1,0,0,1,8.0,0.0,6.0,1.0,4.666666666666667,4.163331999565227,149.83333333333334,217.93064646045863,0,1,0,0,0,0,0,0,0,0,0,0,0,0,0,0,0,0,0
2021-09-01,62.0,2021,9,-0.8660254037844384,-0.5000000000000004,32,1,0,1,0,31.0,8.0,0.0,8.0,13.0,16.093476939594957,129.0,223.1358330703672,0,1,0,0,0,0,0,0,0,0,0,0,0,0,0,0,0,0,0
2021-10-01,481.0,2021,10,-1.0,-1.8369701987210297e-16,33,1,0,1,0,62.0,31.0,8.0,5.0,33.666666666666664,27.098585449034395,44.833333333333336,61.78807867763499,0,1,0,0,0,0,0,0,0,0,0,0,0,0,0,0,0,0,0
2021-11-01,1382.0,2021,11,-0.8660254037844386,0.5000000000000001,34,1,0,1,0,481.0,62.0,31.0,18.0,191.33333333333334,251.33709104176944,98.0,189.01957570581638,0,1,0,0,0,0,0,0,0,0,0,0,0,0,0,0,0,0,0
2021-12-01,2162.0,2021,12,-0.5000000000000004,0.8660254037844384,35,1,0,0,0,1382.0,481.0,62.0,11.0,641.6666666666666,674.5074746311851,327.3333333333333,548.3194932397288,0,1,0,0,0,0,0,0,0,0,0,0,0,0,0,0,0,0,0
2022-01-01,1236.0,2022,1,0.0,1.0,36,1,0,0,0,2162.0,1382.0,481.0,27.0,1341.6666666666667,841.2254949377957,687.6666666666666,892.5340703114208,0,1,0,0,0,0,0,0,0,0,0,0,0,0,0,0,0,0,0
2022-02-01,888.0,2022,2,0.49999999999999994,0.8660254037844387,37,1,0,0,0,1236.0,2162.0,1382.0,156.0,1593.3333333333333,497.8607569726092,892.3333333333334,845.0416952237754,0,1,0,0,0,0,0,0,0,0,0,0,0,0,0,0,0,0,0
2022-03-01,2152.0,2022,3,0.8660254037844386,0.5000000000000001,38,0,1,0,0,888.0,1236.0,2162.0,567.0,1428.6666666666667,658.4901922833319,1035.1666666666667,735.6891780274274,0,1,0,0,0,0,0,0,0,0,0,0,0,0,0,0,0,0,0
2022-04-01,1583.0,2022,4,1.0,6.123233995736766e-17,39,0,1,0,0,2152.0,888.0,1236.0,162.0,1425.3333333333333,652.9236810940001,1383.5,675.0465909846553,0,1,0,0,0,0,0,0,0,0,0,0,0,0,0,0,0,0,0
2022-05-01,3268.0,2022,5,0.8660254037844387,-0.4999999999999998,40,0,1,0,0,1583.0,2152.0,888.0,6.0,1541.0,633.0458119283361,1567.1666666666667,510.16327451774777,0,1,0,0,0,0,0,0,0,0,0,0,0,0,0,0,0,0,0
2022-06-01,2058.0,2022,6,0.49999999999999994,-0.8660254037844387,41,0,0,0,1,3268.0,1583.0,2152.0,0.0,2334.3333333333335,857.1699559208428,1881.5,844.635720296036,0,1,0,0,0,0,0,0,0,0,0,0,0,0,0,0,0,0,0
2022-07-01,1874.0,2022,7,1.2246467991473532e-16,-1.0,42,0,0,0,1,2058.0,3268.0,1583.0,8.0,2303.0,868.8066528290435,1864.1666666666667,838.774920146442,0,1,0,0,0,0,0,0,0,0,0,0,0,0,0,0,0,0,0
2022-08-01,1751.0,2022,8,-0.4999999999999997,-0.8660254037844388,43,0,0,0,1,1874.0,2058.0,3268.0,31.0,2400.0,757.3189552625803,1970.5,781.7134385438205,0,1,0,0,0,0,0,0,0,0,0,0,0,0,0,0,0,0,0
2022-09-01,2312.0,2022,9,-0.8660254037844384,-0.5000000000000004,44,0,0,1,0,1751.0,1874.0,2058.0,62.0,1894.3333333333333,154.50674203198867,2114.3333333333335,601.2695457668464,0,1,0,0,0,0,0,0,0,0,0,0,0,0,0,0,0,0,0
2022-10-01,2720.0,2022,10,-1.0,-1.8369701987210297e-16,45,0,0,1,0,2312.0,1751.0,1874.0,481.0,1979.0,294.871158304786,2141.0,606.7968358520033,0,1,0,0,0,0,0,0,0,0,0,0,0,0,0,0,0,0,0
2022-11-01,2218.0,2022,11,-0.8660254037844386,0.5000000000000001,46,0,0,1,0,2720.0,2312.0,1751.0,1382.0,2261.0,486.5089927226486,2330.5,574.3565965495677,0,1,0,0,0,0,0,0,0,0,0,0,0,0,0,0,0,0,0
2022-12-01,3323.0,2022,12,-0.5000000000000004,0.8660254037844384,47,0,0,0,0,2218.0,2720.0,2312.0,2162.0,2416.6666666666665,266.86575901254076,2155.5,346.24485555745525,0,1,0,0,0,0,0,0,0,0,0,0,0,0,0,0,0,0,0
2023-01-01,2468.0,2023,1,0.0,1.0,48,0,0,0,0,3323.0,2218.0,2720.0,1236.0,2753.6666666666665,553.2687713339146,2366.3333333333335,580.7363142310539,0,1,0,0,0,0,0,0,0,0,0,0,0,0,0,0,0,0,0
2023-02-01,1907.0,2023,2,0.49999999999999994,0.8660254037844387,49,0,0,0,0,2468.0,3323.0,2218.0,888.0,2669.6666666666665,579.4465750466902,2465.3333333333335,528.2823739882576,0,1,0,0,0,0,0,0,0,0,0,0,0,0,0,0,0,0,0
2023-03-01,2466.0,2023,3,0.8660254037844386,0.5000000000000001,50,0,1,0,0,1907.0,2468.0,3323.0,2152.0,2566.0,713.0687203909637,2491.3333333333335,488.43000180851845,0,1,0,0,0,0,0,0,0,0,0,0,0,0,0,0,0,0,0
2023-04-01,2217.0,2023,4,1.0,6.123233995736766e-17,51,0,1,0,0,2466.0,1907.0,2468.0,1583.0,2280.3333333333335,323.31769721643695,2517.0,481.1128765684853,0,1,0,0,0,0,0,0,0,0,0,0,0,0,0,0,0,0,0
2023-05-01,2164.0,2023,5,0.8660254037844387,-0.4999999999999998,52,0,1,0,0,2217.0,2466.0,1907.0,3268.0,2196.6666666666665,280.0541614283559,2433.1666666666665,482.4874782485752,0,1,0,0,0,0,0,0,0,0,0,0,0,0,0,0,0,0,0
2023-06-01,2402.0,2023,6,0.49999999999999994,-0.8660254037844387,53,0,0,0,1,2164.0,2217.0,2466.0,2058.0,2282.3333333333335,161.25239016318383,2424.1666666666665,487.7783991390653,0,1,0,0,0,0,0,0,0,0,0,0,0,0,0,0,0,0,0
2023-07-01,2694.0,2023,7,1.2246467991473532e-16,-1.0,54,0,0,0,1,2402.0,2164.0,2217.0,1874.0,2261.0,124.95199078048476,2270.6666666666665,219.47908024836775,0,1,0,0,0,0,0,0,0,0,0,0,0,0,0,0,0,0,0
2023-08-01,3190.0,2023,8,-0.4999999999999997,-0.8660254037844388,55,0,0,0,1,2694.0,2402.0,2164.0,1751.0,2420.0,265.45809462136646,2308.3333333333335,272.988400241969,0,1,0,0,0,0,0,0,0,0,0,0,0,0,0,0,0,0,0
2023-09-01,3716.0,2023,9,-0.8660254037844384,-0.5000000000000004,56,0,0,1,0,3190.0,2694.0,2402.0,2312.0,2762.0,398.3767061463388,2522.1666666666665,378.02984890967184,0,1,0,0,0,0,0,0,0,0,0,0,0,0,0,0,0,0,0
2023-10-01,4292.0,2023,10,-1.0,-1.8369701987210297e-16,57,0,0,1,0,3716.0,3190.0,2694.0,2720.0,3200.0,511.0733802498486,2730.5,612.5682819082314,0,1,0,0,0,0,0,0,0,0,0,0,0,0,0,0,0,0,0
2023-11-01,3761.0,2023,11,-0.8660254037844386,0.5000000000000001,58,0,0,1,0,4292.0,3716.0,3190.0,2218.0,3732.6666666666665,551.1890177909387,3076.3333333333335,816.4796792735681,0,1,0,0,0,0,0,0,0,0,0,0,0,0,0,0,0,0,0
2023-12-01,5206.0,2023,12,-0.5000000000000004,0.8660254037844384,59,0,0,0,0,3761.0,4292.0,3716.0,3323.0,3923.0,320.3544911500485,3342.5,713.3783708523841,0,1,0,0,0,0,0,0,0,0,0,0,0,0,0,0,0,0,0
2024-01-01,3629.0,2024,1,0.0,1.0,60,0,0,0,0,5206.0,3761.0,4292.0,2468.0,4419.666666666667,730.9106192506301,3809.8333333333335,874.3263502072141,0,1,0,0,0,0,0,0,0,0,0,0,0,0,0,0,0,0,0
2024-02-01,4099.0,2024,2,0.49999999999999994,0.8660254037844387,61,0,0,0,0,3629.0,5206.0,3761.0,1907.0,4198.666666666667,874.8693235754354,3965.6666666666665,702.0178535241592,0,1,0,0,0,0,0,0,0,0,0,0,0,0,0,0,0,0,0
2024-03-01,2946.0,2024,3,0.8660254037844386,0.5000000000000001,62,0,1,0,0,4099.0,3629.0,5206.0,2466.0,4311.333333333333,809.6581583195093,4117.166666666667,590.3474965362926,0,1,0,0,0,0,0,0,0,0,0,0,0,0,0,0,0,0,0
2024-04-01,4003.0,2024,4,1.0,6.123233995736766e-17,63,0,1,0,0,2946.0,4099.0,3629.0,2217.0,3558.0,579.7697818962329,3988.8333333333335,755.5700938143782,0,1,0,0,0,0,0,0,0,0,0,0,0,0,0,0,0,0,0
2024-05-01,3458.0,2024,5,0.8660254037844387,-0.4999999999999998,64,0,1,0,0,4003.0,2946.0,4099.0,2164.0,3682.6666666666665,639.7752209435272,3940.6666666666665,741.4582029127929,0,1,0,0,0,0,0,0,0,0,0,0,0,0,0,0,0,0,0
2024-06-01,3857.0,2024,6,0.49999999999999994,-0.8660254037844387,65,0,0,0,1,3458.0,4003.0,2946.0,2402.0,3469.0,528.58584922414,3890.1666666666665,766.0531095600803,0,1,0,0,0,0,0,0,0,0,0,0,0,0,0,0,0,0,0
2024-07-01,3470.0,2024,7,1.2246467991473532e-16,-1.0,66,0,0,0,1,3857.0,3458.0,4003.0,2694.0,3772.6666666666665,282.1175877774002,3665.3333333333335,424.39824064982747,0,1,0,0,0,0,0,0,0,0,0,0,0,0,0,0,0,0,0
2024-08-01,3077.0,2024,8,-0.4999999999999997,-0.8660254037844388,67,0,0,0,1,3470.0,3857.0,3458.0,3190.0,3595.0,226.9779724995478,3638.8333333333335,432.01639629378525,0,1,0,0,0,0,0,0,0,0,0,0,0,0,0,0,0,0,0
2024-09-01,4103.0,2024,9,-0.8660254037844384,-0.5000000000000004,68,0,0,1,0,3077.0,3470.0,3857.0,3716.0,3468.0,390.00384613488785,3468.5,415.4548110204074,0,1,0,0,0,0,0,0,0,0,0,0,0,0,0,0,0,0,0
2024-10-01,4477.0,2024,10,-1.0,-1.8369701987210297e-16,69,0,0,1,0,4103.0,3077.0,3470.0,4292.0,3550.0,517.6572224938095,3661.3333333333335,392.29818590795054,0,1,0,0,0,0,0,0,0,0,0,0,0,0,0,0,0,0,0
2024-11-01,5148.0,2024,11,-0.8660254037844386,0.5000000000000001,70,0,0,1,0,4477.0,4103.0,3077.0,3761.0,3885.6666666666665,724.8622857711244,3740.3333333333335,506.0868173215627,0,1,0,0,0,0,0,0,0,0,0,0,0,0,0,0,0,0,0
2024-12-01,6582.0,2024,12,-0.5000000000000004,0.8660254037844384,71,0,0,0,0,5148.0,4477.0,4103.0,5206.0,4576.0,529.4874880485916,4022.0,735.7195117706216,0,1,0,0,0,0,0,0,0,0,0,0,0,0,0,0,0,0,0
2025-01-01,5406.0,2025,1,0.0,1.0,72,0,0,0,0,6582.0,5148.0,4477.0,3629.0,5402.333333333333,1075.3001131467174,4476.166666666667,1264.5304925808107,0,1,0,0,0,0,0,0,0,0,0,0,0,0,0,0,0,0,0
2025-02-01,5043.0,2025,2,0.49999999999999994,0.8660254037844387,73,0,0,0,0,5406.0,6582.0,5148.0,4099.0,5712.0,764.4056514704816,4798.833333333333,1201.8920777951187,0,1,0,0,0,0,0,0,0,0,0,0,0,0,0,0,0,0,0
2025-03-01,3576.0,2025,3,0.8660254037844386,0.5000000000000001,74,0,1,0,0,5043.0,5406.0,6582.0,2946.0,5677.0,804.4942510670983,5126.5,857.1391368966887,0,1,0,0,0,0,0,0,0,0,0,0,0,0,0,0,0,0,0
2025-04-01,5398.0,2025,4,1.0,6.123233995736766e-17,75,0,1,0,0,3576.0,5043.0,5406.0,4003.0,4675.0,968.9133088156073,5038.666666666667,998.3633940938876,0,1,0,0,0,0,0,0,0,0,0,0,0,0,0,0,0,0,0
2025-05-01,4280.0,2025,5,0.8660254037844387,-0.4999999999999998,76,0,1,0,0,5398.0,3576.0,5043.0,3458.0,4672.333333333333,965.9018238585854,5192.166666666667,964.9792571173055,0,1,0,0,0,0,0,0,0,0,0,0,0,0,0,0,0,0,0
2025-06-01,5449.0,2025,6,0.49999999999999994,-0.8660254037844387,77,0,0,0,1,4280.0,5398.0,3576.0,3857.0,4418.0,918.805746608067,5047.5,1035.4179349422147,0,1,0,0,0,0,0,0,0,0,0,0,0,0,0,0,0,0,0
2025-07-01,4413.0,2025,7,1.2246467991473532e-16,-1.0,78,0,0,0,1,5449.0,4280.0,5398.0,3470.0,5042.333333333333,660.6923136629811,4858.666666666667,768.5070374867538,0,1,0,0,0,0,0,0,0,0,0,0,0,0,0,0,0,0,0
2025-08-01,4262.0,2025,8,-0.4999999999999997,-0.8660254037844388,79,0,0,0,1,4413.0,5449.0,4280.0,3077.0,4714.0,639.9929687113824,4693.166666666667,733.1737629420921,0,1,0,0,0,0,0,0,0,0,0,0,0,0,0,0,0,0,0
2025-09-01,3128.0,2025,9,-0.8660254037844384,-0.5000000000000004,80,0,0,1,0,4262.0,4413.0,5449.0,4103.0,4708.0,646.1509111655021,4563.0,727.9532952051255,0,1,0,0,0,0,0,0,0,0,0,0,0,0,0,0,0,0,0
2025-10-01,4641.0,2025,10,-1.0,-1.8369701987210297e-16,81,0,0,1,0,3128.0,4262.0,4413.0,4477.0,3934.3333333333335,702.3747812481163,4488.333333333333,860.3703078713652,0,1,0,0,0,0,0,0,0,0,0,0,0,0,0,0,0,0,0
2025-11-01,5684.0,2025,11,-0.8660254037844386,0.5000000000000001,82,0,0,1,0,4641.0,3128.0,4262.0,5148.0,4010.3333333333335,787.2701781049118,4362.166666666667,748.5306718275933,0,1,0,0,0,0,0,0,0,0,0,0,0,0,0,0,0,0,0
2025-12-01,6605.0,2025,12,-0.5000000000000004,0.8660254037844384,83,0,0,0,0,5684.0,4641.0,3128.0,6582.0,4484.333333333333,1285.1818288994525,4596.166666666667,917.9811363348745,0,1,0,0,0,0,0,0,0,0,0,0,0,0,0,0,0,0,0
2020-01-01,965.0,2020,1,0.0,1.0,12,0,0,0,0,956.0,1909.0,2643.0,1134.0,1836.0,845.865828604039,1404.0,748.4821975170881,0,0,1,0,0,0,0,0,0,0,0,0,0,0,0,0,0,0,0
2020-02-01,1237.0,2020,2,0.49999999999999994,0.8660254037844387,13,0,0,0,0,965.0,956.0,1909.0,1426.0,1276.6666666666667,547.6352192229139,1422.6666666666667,733.233568971495,0,0,1,0,0,0,0,0,0,0,0,0,0,0,0,0,0,0,0
2020-03-01,680.0,2020,3,0.8660254037844386,0.5000000000000001,14,1,1,0,0,1237.0,965.0,956.0,2196.0,1052.6666666666667,159.70076184329255,1513.3333333333333,654.3536250886639,0,0,1,0,0,0,0,0,0,0,0,0,0,0,0,0,0,0,0
2020-04-01,0.0,2020,4,1.0,6.123233995736766e-17,15,1,1,0,0,680.0,1237.0,965.0,1928.0,960.6666666666666,278.5252831132709,1398.3333333333333,739.6544238133616,0,0,1,0,0,0,0,0,0,0,0,0,0,0,0,0,0,0,0
2020-05-01,2.0,2020,5,0.8660254037844387,-0.4999999999999998,16,1,1,0,0,0.0,680.0,1237.0,1265.0,639.0,619.5183613098108,957.8333333333334,628.8629156395513,0,0,1,0,0,0,0,0,0,0,0,0,0,0,0,0,0,0,0
2020-06-01,5.0,2020,6,0.49999999999999994,-0.8660254037844387,17,1,0,0,1,2.0,0.0,680.0,729.0,227.33333333333334,392.0221082200915,640.0,525.3825273074958,0,0,1,0,0,0,0,0,0,0,0,0,0,0,0,0,0,0,0
2020-07-01,4.0,2020,7,1.2246467991473532e-16,-1.0,18,1,0,0,1,5.0,2.0,0.0,853.0,2.3333333333333335,2.5166114766435395,481.5,553.6730984976713,0,0,1,0,0,0,0,0,0,0,0,0,0,0,0,0,0,0,0
2020-08-01,10.0,2020,8,-0.4999999999999997,-0.8660254037844388,19,1,0,0,1,4.0,5.0,2.0,693.0,3.6666666666666665,1.527525228720822,321.3333333333333,524.0388026345751,0,0,1,0,0,0,0,0,0,0,0,0,0,0,0,0,0,0,0
2020-09-01,9.0,2020,9,-0.8660254037844384,-0.5000000000000004,20,1,0,1,0,10.0,4.0,5.0,1370.0,6.333333333333333,3.214550252272913,116.83333333333333,275.9147815298768,0,0,1,0,0,0,0,0,0,0,0,0,0,0,0,0,0,0,0
2020-10-01,46.0,2020,10,-1.0,-1.8369701987210297e-16,21,1,0,1,0,9.0,10.0,4.0,2643.0,7.666666666666667,3.214550252273632,5.0,3.8987177396235393,0,0,1,0,0,0,0,0,0,0,0,0,0,0,0,0,0,0,0
2020-11-01,58.0,2020,11,-0.8660254037844386,0.5000000000000001,22,1,0,1,0,46.0,9.0,10.0,1909.0,21.666666666666668,21.079215671472245,12.666666666666666,16.609234379702812,0,0,1,0,0,0,0,0,0,0,0,0,0,0,0,0,0,0,0
2020-12-01,86.0,2020,12,-0.5000000000000004,0.8660254037844384,23,1,0,0,0,58.0,46.0,9.0,956.0,37.666666666666664,25.540817005814368,22.0,23.65586608038714,0,0,1,0,0,0,0,0,0,0,0,0,0,0,0,0,0,0,0
2021-01-01,96.0,2021,1,0.0,1.0,24,1,0,0,0,86.0,58.0,46.0,965.0,63.333333333333336,20.526405757574445,35.5,33.20090360235961,0,0,1,0,0,0,0,0,0,0,0,0,0,0,0,0,0,0,0
2021-02-01,116.0,2021,2,0.49999999999999994,0.8660254037844387,25,1,0,0,0,96.0,86.0,58.0,1237.0,80.0,19.69771560337162,50.833333333333336,36.79356827870602,0,0,1,0,0,0,0,0,0,0,0,0,0,0,0,0,0,0,0
2021-03-01,127.0,2021,3,0.8660254037844386,0.5000000000000001,26,1,1,0,0,116.0,96.0,86.0,680.0,99.33333333333333,15.275252316237205,68.5,38.666522988408055,0,0,1,0,0,0,0,0,0,0,0,0,0,0,0,0,0,0,0
2021-04-01,183.0,2021,4,1.0,6.123233995736766e-17,27,1,1,0,0,127.0,116.0,96.0,0.0,113.0,15.716233645228876,88.16666666666667,31.739040103312888,0,0,1,0,0,0,0,0,0,0,0,0,0,0,0,0,0,0,0
2021-05-01,24.0,2021,5,0.8660254037844387,-0.4999999999999998,28,1,1,0,0,183.0,127.0,116.0,2.0,142.0,35.93048844632543,111.0,42.71767783965998,0,0,1,0,0,0,0,0,0,0,0,0,0,0,0,0,0,0,0
2021-06-01,14.0,2021,6,0.49999999999999994,-0.8660254037844387,29,1,0,0,1,24.0,183.0,127.0,5.0,111.33333333333333,80.64944719788691,105.33333333333333,52.32844987843285,0,0,1,0,0,0,0,0,0,0,0,0,0,0,0,0,0,0,0
2021-07-01,79.0,2021,7,1.2246467991473532e-16,-1.0,30,1,0,0,1,14.0,24.0,183.0,4.0,73.66666666666667,94.81736831047682,93.33333333333333,64.49082622109667,0,0,1,0,0,0,0,0,0,0,0,0,0,0,0,0,0,0,0
2021-08-01,145.0,2021,8,-0.4999999999999997,-0.8660254037844388,31,1,0,0,1,79.0,14.0,24.0,10.0,39.0,34.999999999873694,90.5,64.72325702568614,0,0,1,0,0,0,0,0,0,0,0,0,0,0,0,0,0,0,0
2021-09-01,261.0,2021,9,-0.8660254037844384,-0.5000000000000004,32,1,0,1,0,145.0,79.0,14.0,9.0,79.33333333333333,65.50063612916011,95.33333333333333,68.00784268508805,0,0,1,0,0,0,0,0,0,0,0,0,0,0,0,0,0,0,0
2021-10-01,563.0,2021,10,-1.0,-1.8369701987210297e-16,33,1,0,1,0,261.0,145.0,79.0,46.0,161.66666666666666,92.13757829097163,117.66666666666667,96.51459302447286,0,0,1,0,0,0,0,0,0,0,0,0,0,0,0,0,0,0,0
2021-11-01,479.0,2021,11,-0.8660254037844386,0.5000000000000001,34,1,0,1,0,563.0,261.0,145.0,58.0,323.0,215.78693194906907,181.0,208.11631363257615,0,0,1,0,0,0,0,0,0,0,0,0,0,0,0,0,0,0,0
2021-12-01,351.0,2021,12,-0.5000000000000004,0.8660254037844384,35,1,0,0,0,479.0,563.0,261.0,86.0,434.3333333333333,155.87601910918147,256.8333333333333,221.90666206015374,0,0,1,0,0,0,0,0,0,0,0,0,0,0,0,0,0,0,0
2022-01-01,361.0,2022,1,0.0,1.0,36,1,0,0,0,351.0,479.0,563.0,96.0,464.3333333333333,106.75829397909098,313.0,188.24664671651513,0,0,1,0,0,0,0,0,0,0,0,0,0,0,0,0,0,0,0
2022-02-01,420.0,2022,2,0.49999999999999994,0.8660254037844387,37,1,0,0,0,361.0,351.0,479.0,116.0,397.0,71.18988692217762,360.0,149.3171122142815,0,0,1,0,0,0,0,0,0,0,0,0,0,0,0,0,0,0,0
2022-03-01,753.0,2022,3,0.8660254037844386,0.5000000000000001,38,0,1,0,0,420.0,361.0,351.0,127.0,377.3333333333333,37.28717384471099,405.8333333333333,106.06491722845442,0,0,1,0,0,0,0,0,0,0,0,0,0,0,0,0,0,0,0
2022-04-01,1065.0,2022,4,1.0,6.123233995736766e-17,39,0,1,0,0,753.0,420.0,361.0,183.0,511.3333333333333,211.35830556977453,487.8333333333333,151.95580497854854,0,0,1,0,0,0,0,0,0,0,0,0,0,0,0,0,0,0,0
2022-05-01,764.0,2022,5,0.8660254037844387,-0.4999999999999998,40,0,1,0,0,1065.0,753.0,420.0,24.0,746.0,322.5569717119655,571.5,283.16903079258475,0,0,1,0,0,0,0,0,0,0,0,0,0,0,0,0,0,0,0
2022-06-01,630.0,2022,6,0.49999999999999994,-0.8660254037844387,41,0,0,0,1,764.0,1065.0,753.0,14.0,860.6666666666666,177.0433092023742,619.0,288.4045769401236,0,0,1,0,0,0,0,0,0,0,0,0,0,0,0,0,0,0,0
2022-07-01,616.0,2022,7,1.2246467991473532e-16,-1.0,42,0,0,0,1,630.0,764.0,1065.0,79.0,819.6666666666666,222.77866444820816,665.5,257.37501821274645,0,0,1,0,0,0,0,0,0,0,0,0,0,0,0,0,0,0,0
2022-08-01,552.0,2022,8,-0.4999999999999997,-0.8660254037844388,43,0,0,0,1,616.0,630.0,764.0,145.0,670.0,81.70679286322192,708.0,214.52365836898147,0,0,1,0,0,0,0,0,0,0,0,0,0,0,0,0,0,0,0
2022-09-01,1078.0,2022,9,-0.8660254037844384,-0.5000000000000004,44,0,0,1,0,552.0,616.0,630.0,261.0,599.3333333333334,41.585253796586684,730.0,183.6246170860852,0,0,1,0,0,0,0,0,0,0,0,0,0,0,0,0,0,0,0
2022-10-01,1682.0,2022,10,-1.0,-1.8369701987210297e-16,45,0,0,1,0,1078.0,552.0,616.0,563.0,748.6666666666666,287.00058071949445,784.1666666666666,233.04970857453986,0,0,1,0,0,0,0,0,0,0,0,0,0,0,0,0,0,0,0
2022-11-01,1184.0,2022,11,-0.8660254037844386,0.5000000000000001,46,0,0,1,0,1682.0,1078.0,552.0,479.0,1104.0,565.4484945598449,887.0,432.5158956616636,0,0,1,0,0,0,0,0,0,0,0,0,0,0,0,0,0,0,0
2022-12-01,650.0,2022,12,-0.5000000000000004,0.8660254037844384,47,0,0,0,0,1184.0,1682.0,1078.0,351.0,1314.6666666666667,322.50478032632174,957.0,442.49971751404644,0,0,1,0,0,0,0,0,0,0,0,0,0,0,0,0,0,0,0
2023-01-01,1001.0,2023,1,0.0,1.0,48,0,0,0,0,650.0,1184.0,1682.0,361.0,1172.0,516.1046405526647,960.3333333333334,439.60967535607944,0,0,1,0,0,0,0,0,0,0,0,0,0,0,0,0,0,0,0
2023-02-01,1369.0,2023,2,0.49999999999999994,0.8660254037844387,49,0,0,0,0,1001.0,650.0,1184.0,420.0,945.0,271.3687528069406,1024.5,406.1200561410514,0,0,1,0,0,0,0,0,0,0,0,0,0,0,0,0,0,0,0
2023-03-01,1708.0,2023,3,0.8660254037844386,0.5000000000000001,50,0,1,0,0,1369.0,1001.0,650.0,753.0,1006.6666666666666,359.5334940354348,1160.6666666666667,348.95367409826355,0,0,1,0,0,0,0,0,0,0,0,0,0,0,0,0,0,0,0
2023-04-01,1672.0,2023,4,1.0,6.123233995736766e-17,51,0,1,0,0,1708.0,1369.0,1001.0,1065.0,1359.3333333333333,353.5991138752037,1265.6666666666667,408.7623596500501,0,0,1,0,0,0,0,0,0,0,0,0,0,0,0,0,0,0,0
2023-05-01,1031.0,2023,5,0.8660254037844387,-0.4999999999999998,52,0,1,0,0,1672.0,1708.0,1369.0,764.0,1583.0,186.20150375331767,1264.0,406.7407036430091,0,0,1,0,0,0,0,0,0,0,0,0,0,0,0,0,0,0,0
2023-06-01,593.0,2023,6,0.49999999999999994,-0.8660254037844387,53,0,0,0,1,1031.0,1672.0,1708.0,630.0,1470.3333333333333,380.899374288446,1238.5,417.4152608614235,0,0,1,0,0,0,0,0,0,0,0,0,0,0,0,0,0,0,0
2023-07-01,653.0,2023,7,1.2246467991473532e-16,-1.0,54,0,0,0,1,593.0,1031.0,1672.0,616.0,1098.6666666666667,542.6733210075176,1229.0,433.81424596249747,0,0,1,0,0,0,0,0,0,0,0,0,0,0,0,0,0,0,0
2023-08-01,640.0,2023,8,-0.4999999999999997,-0.8660254037844388,55,0,0,0,1,653.0,593.0,1031.0,552.0,759.0,237.46157583911057,1171.0,490.0167344081326,0,0,1,0,0,0,0,0,0,0,0,0,0,0,0,0,0,0,0
2023-09-01,1109.0,2023,9,-0.8660254037844384,-0.5000000000000004,56,0,0,1,0,640.0,653.0,593.0,1078.0,628.6666666666666,31.564748269652128,1049.5,520.5315552394596,0,0,1,0,0,0,0,0,0,0,0,0,0,0,0,0,0,0,0
2023-10-01,2442.0,2023,10,-1.0,-1.8369701987210297e-16,57,0,0,1,0,1109.0,640.0,653.0,1682.0,800.6666666666666,267.10360037507377,949.6666666666666,415.9046365053863,0,0,1,0,0,0,0,0,0,0,0,0,0,0,0,0,0,0,0
2023-11-01,1570.0,2023,11,-0.8660254037844386,0.5000000000000001,58,0,0,1,0,2442.0,1109.0,640.0,1184.0,1397.0,934.8844848429115,1078.0,703.0448065379692,0,0,1,0,0,0,0,0,0,0,0,0,0,0,0,0,0,0,0
2023-12-01,902.0,2023,12,-0.5000000000000004,0.8660254037844384,59,0,0,0,0,1570.0,2442.0,1109.0,650.0,1707.0,676.9778430643039,1167.8333333333333,729.7663781421263,0,0,1,0,0,0,0,0,0,0,0,0,0,0,0,0,0,0,0
2024-01-01,929.0,2024,1,0.0,1.0,60,0,0,0,0,902.0,1570.0,2442.0,1001.0,1638.0,772.2486646152241,1219.3333333333333,690.9580788055646,0,0,1,0,0,0,0,0,0,0,0,0,0,0,0,0,0,0,0
2024-02-01,1358.0,2024,2,0.49999999999999994,0.8660254037844387,61,0,0,0,0,929.0,902.0,1570.0,1369.0,1133.6666666666667,378.11682498049237,1265.3333333333333,653.9081484938666,0,0,1,0,0,0,0,0,0,0,0,0,0,0,0,0,0,0,0
2024-03-01,1851.0,2024,3,0.8660254037844386,0.5000000000000001,62,0,1,0,0,1358.0,929.0,902.0,1708.0,1063.0,255.8339305096075,1385.0,577.8588062840349,0,0,1,0,0,0,0,0,0,0,0,0,0,0,0,0,0,0,0
2024-04-01,1637.0,2024,4,1.0,6.123233995736766e-17,63,0,1,0,0,1851.0,1358.0,929.0,1672.0,1379.3333333333333,461.3700611584256,1508.6666666666667,586.314477619883,0,0,1,0,0,0,0,0,0,0,0,0,0,0,0,0,0,0,0
2024-05-01,1014.0,2024,5,0.8660254037844387,-0.4999999999999998,64,0,1,0,0,1637.0,1851.0,1358.0,1031.0,1615.3333333333333,247.2131334159462,1374.5,388.8900872997534,0,0,1,0,0,0,0,0,0,0,0,0,0,0,0,0,0,0,0
2024-06-01,666.0,2024,6,0.49999999999999994,-0.8660254037844387,65,0,0,0,1,1014.0,1637.0,1851.0,593.0,1500.6666666666667,434.83598440484417,1281.8333333333333,399.09769063059827,0,0,1,0,0,0,0,0,0,0,0,0,0,0,0,0,0,0,0
2024-07-01,1004.0,2024,7,1.2246467991473532e-16,-1.0,66,0,0,0,1,666.0,1014.0,1637.0,653.0,1105.6666666666667,491.9474904228378,1242.5,452.12597801941234,0,0,1,0,0,0,0,0,0,0,0,0,0,0,0,0,0,0,0
2024-08-01,753.0,2024,8,-0.4999999999999997,-0.8660254037844388,67,0,0,0,1,1004.0,666.0,1014.0,640.0,894.6666666666666,198.0942536605419,1255.0,442.6628513891922,0,0,1,0,0,0,0,0,0,0,0,0,0,0,0,0,0,0,0
2024-09-01,1465.0,2024,9,-0.8660254037844384,-0.5000000000000004,68,0,0,1,0,753.0,1004.0,666.0,1109.0,807.6666666666666,175.50593532221845,1154.1666666666667,481.69343639567785,0,0,1,0,0,0,0,0,0,0,0,0,0,0,0,0,0,0,0
2024-10-01,2464.0,2024,10,-1.0,-1.8369701987210297e-16,69,0,0,1,0,1465.0,753.0,1004.0,2442.0,1074.0,361.12463222548894,1089.8333333333333,386.3549749474919,0,0,1,0,0,0,0,0,0,0,0,0,0,0,0,0,0,0,0
2024-11-01,1984.0,2024,11,-0.8660254037844386,0.5000000000000001,70,0,0,1,0,2464.0,1465.0,753.0,1570.0,1560.6666666666667,859.502375408777,1227.6666666666667,666.5291191438502,0,0,1,0,0,0,0,0,0,0,0,0,0,0,0,0,0,0,0
2024-12-01,948.0,2024,12,-0.5000000000000004,0.8660254037844384,71,0,0,0,0,1984.0,2464.0,1465.0,902.0,1971.0,499.6268607671115,1389.3333333333333,719.8437793484615,0,0,1,0,0,0,0,0,0,0,0,0,0,0,0,0,0,0,0
2025-01-01,1119.0,2025,1,0.0,1.0,72,0,0,0,0,948.0,1984.0,2464.0,929.0,1798.6666666666667,774.8066425459523,1436.3333333333333,670.6989389187047,0,0,1,0,0,0,0,0,0,0,0,0,0,0,0,0,0,0,0
2025-02-01,1686.0,2025,2,0.49999999999999994,0.8660254037844387,73,0,0,0,0,1119.0,948.0,1984.0,1358.0,1350.3333333333333,555.3920537182083,1455.5,657.3841342776761,0,0,1,0,0,0,0,0,0,0,0,0,0,0,0,0,0,0,0
2025-03-01,2138.0,2025,3,0.8660254037844386,0.5000000000000001,74,0,1,0,0,1686.0,1119.0,948.0,1851.0,1251.0,386.30169556966155,1611.0,561.3041956016447,0,0,1,0,0,0,0,0,0,0,0,0,0,0,0,0,0,0,0
2025-04-01,1839.0,2025,4,1.0,6.123233995736766e-17,75,0,1,0,0,2138.0,1686.0,1119.0,1637.0,1647.6666666666667,510.58038870811583,1723.1666666666667,592.6612579430814,0,0,1,0,0,0,0,0,0,0,0,0,0,0,0,0,0,0,0
2025-05-01,1260.0,2025,5,0.8660254037844387,-0.4999999999999998,76,0,1,0,0,1839.0,2138.0,1686.0,1014.0,1887.6666666666667,229.89635345810018,1619.0,480.77354336528265,0,0,1,0,0,0,0,0,0,0,0,0,0,0,0,0,0,0,0
2025-06-01,768.0,2025,6,0.49999999999999994,-0.8660254037844387,77,0,0,0,1,1260.0,1839.0,2138.0,666.0,1745.6666666666667,446.37913631052595,1498.3333333333333,461.30452703900085,0,0,1,0,0,0,0,0,0,0,0,0,0,0,0,0,0,0,0
2025-07-01,936.0,2025,7,1.2246467991473532e-16,-1.0,78,0,0,0,1,768.0,1260.0,1839.0,1004.0,1289.0,536.0886120782604,1468.3333333333333,507.76556270258845,0,0,1,0,0,0,0,0,0,0,0,0,0,0,0,0,0,0,0
2025-08-01,879.0,2025,8,-0.4999999999999997,-0.8660254037844388,79,0,0,0,1,936.0,768.0,1260.0,753.0,988.0,250.08798451743777,1437.8333333333333,537.5672671086628,0,0,1,0,0,0,0,0,0,0,0,0,0,0,0,0,0,0,0
2025-09-01,1464.0,2025,9,-0.8660254037844384,-0.5000000000000004,80,0,0,1,0,879.0,936.0,768.0,1465.0,861.0,85.43418519535138,1303.3333333333333,563.3931723642706,0,0,1,0,0,0,0,0,0,0,0,0,0,0,0,0,0,0,0
2025-10-01,2197.0,2025,10,-1.0,-1.8369701987210297e-16,81,0,0,1,0,1464.0,879.0,936.0,2464.0,1093.0,322.55697171196704,1191.0,409.9980487758574,0,0,1,0,0,0,0,0,0,0,0,0,0,0,0,0,0,0,0
2025-11-01,1740.0,2025,11,-0.8660254037844386,0.5000000000000001,82,0,0,1,0,2197.0,1464.0,879.0,1984.0,1513.3333333333333,660.3834744550547,1250.6666666666667,531.2745680593763,0,0,1,0,0,0,0,0,0,0,0,0,0,0,0,0,0,0,0
2025-12-01,982.0,2025,12,-0.5000000000000004,0.8660254037844384,83,0,0,0,0,1740.0,2197.0,1464.0,948.0,1800.3333333333333,370.20579862197076,1330.6666666666667,567.8421142066488,0,0,1,0,0,0,0,0,0,0,0,0,0,0,0,0,0,0,0
2020-01-01,13329.0,2020,1,0.0,1.0,12,0,0,0,0,16675.0,17499.0,14896.0,12916.0,16356.666666666666,1330.3775153442002,14588.666666666666,2124.7251743853044,0,0,0,1,0,0,0,0,0,0,0,0,0,0,0,0,0,0,0
2020-02-01,3429.0,2020,2,0.49999999999999994,0.8660254037844387,13,0,0,0,0,13329.0,16675.0,17499.0,15345.0,15834.333333333334,2208.453153982081,14735.166666666666,1972.6315841197165,0,0,0,1,0,0,0,0,0,0,0,0,0,0,0,0,0,0,0
2020-03-01,1653.0,2020,3,0.8660254037844386,0.5000000000000001,14,1,1,0,0,3429.0,13329.0,16675.0,17398.0,11144.333333333334,6887.93912090789,13170.5,5077.74216556926,0,0,0,1,0,0,0,0,0,0,0,0,0,0,0,0,0,0,0
2020-04-01,0.0,2020,4,1.0,6.123233995736766e-17,15,1,1,0,0,1653.0,3429.0,13329.0,13778.0,6137.0,6291.437991429303,11246.833333333334,6919.054456113687,0,0,0,1,0,0,0,0,0,0,0,0,0,0,0,0,0,0,0
2020-05-01,0.0,2020,5,0.8660254037844387,-0.4999999999999998,16,1,1,0,0,0.0,1653.0,3429.0,12359.0,1694.0,1714.867633375812,8764.166666666666,7944.301263589307,0,0,0,1,0,0,0,0,0,0,0,0,0,0,0,0,0,0,0
2020-06-01,0.0,2020,6,0.49999999999999994,-0.8660254037844387,17,1,0,0,1,0.0,0.0,1653.0,10215.0,551.0,954.3599949704262,5847.666666666667,7280.619250219494,0,0,0,1,0,0,0,0,0,0,0,0,0,0,0,0,0,0,0
2020-07-01,0.0,2020,7,1.2246467991473532e-16,-1.0,18,1,0,0,1,0.0,0.0,0.0,12450.0,0.0,0.0,3068.5,5208.810564802677,0,0,0,1,0,0,0,0,0,0,0,0,0,0,0,0,0,0,0
2020-08-01,1.0,2020,8,-0.4999999999999997,-0.8660254037844388,19,1,0,0,1,0.0,0.0,0.0,12817.0,0.0,0.0,847.0,1427.3048728285007,0,0,0,1,0,0,0,0,0,0,0,0,0,0,0,0,0,0,0
2020-09-01,56.0,2020,9,-0.8660254037844384,-0.5000000000000004,20,1,0,1,0,1.0,0.0,0.0,13195.0,0.3333333333333333,0.5773502249318225,275.6666666666667,674.7528930405921,0,0,0,1,0,0,0,0,0,0,0,0,0,0,0,0,0,0,0
2020-10-01,115.0,2020,10,-1.0,-1.8369701987210297e-16,21,1,0,1,0,56.0,1.0,0.0,14896.0,19.0,32.046840717128376,9.5,22.783766150084087,0,0,0,1,0,0,0,0,0,0,0,0,0,0,0,0,0,0,0
2020-11-01,209.0,2020,11,-0.8660254037844386,0.5000000000000001,22,1,0,1,0,115.0,56.0,1.0,17499.0,57.333333333333336,57.011694706284075,28.666666666666668,47.81492096248201,0,0,0,1,0,0,0,0,0,0,0,0,0,0,0,0,0,0,0
2020-12-01,465.0,2020,12,-0.5000000000000004,0.8660254037844384,23,1,0,0,0,209.0,115.0,56.0,16675.0,126.66666666666667,77.16432681805057,63.5,84.67526203078305,0,0,0,1,0,0,0,0,0,0,0,0,0,0,0,0,0,0,0
2021-01-01,1876.0,2021,1,0.0,1.0,24,1,0,0,0,465.0,209.0,115.0,13329.0,263.0,181.14082919085453,141.0,177.19029318780937,0,0,0,1,0,0,0,0,0,0,0,0,0,0,0,0,0,0,0
2021-02-01,708.0,2021,2,0.49999999999999994,0.8660254037844387,25,1,0,0,0,1876.0,465.0,209.0,3429.0,850.0,897.7143198144684,453.6666666666667,715.6484239252181,0,0,0,1,0,0,0,0,0,0,0,0,0,0,0,0,0,0,0
2021-03-01,1207.0,2021,3,0.8660254037844386,0.5000000000000001,26,1,1,0,0,708.0,1876.0,465.0,1653.0,1016.3333333333334,754.3423184027845,571.5,683.7007386276413,0,0,0,1,0,0,0,0,0,0,0,0,0,0,0,0,0,0,0
2021-04-01,803.0,2021,4,1.0,6.123233995736766e-17,27,1,1,0,0,1207.0,708.0,1876.0,0.0,1263.6666666666667,586.05830199161,763.3333333333334,671.4988210463583,0,0,0,1,0,0,0,0,0,0,0,0,0,0,0,0,0,0,0
2021-05-01,78.0,2021,5,0.8660254037844387,-0.4999999999999998,28,1,1,0,0,803.0,1207.0,708.0,0.0,906.0,264.96603555919006,878.0,592.7731437910986,0,0,0,1,0,0,0,0,0,0,0,0,0,0,0,0,0,0,0
2021-06-01,38.0,2021,6,0.49999999999999994,-0.8660254037844387,29,1,0,0,1,78.0,803.0,1207.0,0.0,696.0,572.0550672793249,856.1666666666666,623.9357071579163,0,0,0,1,0,0,0,0,0,0,0,0,0,0,0,0,0,0,0
2021-07-01,50.0,2021,7,1.2246467991473532e-16,-1.0,30,1,0,0,1,38.0,78.0,803.0,0.0,306.3333333333333,430.5906795708477,785.0,697.4920788080553,0,0,0,1,0,0,0,0,0,0,0,0,0,0,0,0,0,0,0
2021-08-01,256.0,2021,8,-0.4999999999999997,-0.8660254037844388,31,1,0,0,1,50.0,38.0,78.0,1.0,55.333333333333336,20.526405756568572,480.6666666666667,495.3195601494543,0,0,0,1,0,0,0,0,0,0,0,0,0,0,0,0,0,0,0
2021-09-01,233.0,2021,9,-0.8660254037844384,-0.5000000000000004,32,1,0,1,0,256.0,50.0,38.0,56.0,114.66666666666667,122.54522974511725,405.3333333333333,488.1498403837174,0,0,0,1,0,0,0,0,0,0,0,0,0,0,0,0,0,0,0
2021-10-01,308.0,2021,10,-1.0,-1.8369701987210297e-16,33,1,0,1,0,233.0,256.0,50.0,115.0,179.66666666666666,112.88194423061587,243.0,289.95447918592663,0,0,0,1,0,0,0,0,0,0,0,0,0,0,0,0,0,0,0
2021-11-01,363.0,2021,11,-0.8660254037844386,0.5000000000000001,34,1,0,1,0,308.0,233.0,256.0,209.0,265.6666666666667,38.423083339111045,160.5,118.45294424361882,0,0,0,1,0,0,0,0,0,0,0,0,0,0,0,0,0,0,0
2021-12-01,278.0,2021,12,-0.5000000000000004,0.8660254037844384,35,1,0,0,0,363.0,308.0,233.0,465.0,301.3333333333333,65.2559065011317,208.0,134.77240073539508,0,0,0,1,0,0,0,0,0,0,0,0,0,0,0,0,0,0,0
2022-01-01,320.0,2022,1,0.0,1.0,36,1,0,0,0,278.0,363.0,308.0,1876.0,316.3333333333333,43.10839052069232,248.0,106.97476337894821,0,0,0,1,0,0,0,0,0,0,0,0,0,0,0,0,0,0,0
2022-02-01,206.0,2022,2,0.49999999999999994,0.8660254037844387,37,1,0,0,0,320.0,278.0,363.0,708.0,320.3333333333333,42.500980380275166,293.0,47.00638254516087,0,0,0,1,0,0,0,0,0,0,0,0,0,0,0,0,0,0,0
2022-03-01,434.0,2022,3,0.8660254037844386,0.5000000000000001,38,0,1,0,0,206.0,320.0,278.0,1207.0,268.0,57.65414122117292,284.6666666666667,58.019536939281615,0,0,0,1,0,0,0,0,0,0,0,0,0,0,0,0,0,0,0
2022-04-01,350.0,2022,4,1.0,6.123233995736766e-17,39,0,1,0,0,434.0,206.0,320.0,803.0,320.0,113.99999999978597,318.1666666666667,77.10879759566151,0,0,0,1,0,0,0,0,0,0,0,0,0,0,0,0,0,0,0
2022-05-01,391.0,2022,5,0.8660254037844387,-0.4999999999999998,40,0,1,0,0,350.0,434.0,206.0,78.0,330.0,115.30828244298519,325.1666666666667,77.90357287473213,0,0,0,1,0,0,0,0,0,0,0,0,0,0,0,0,0,0,0
2022-06-01,450.0,2022,6,0.49999999999999994,-0.8660254037844387,41,0,0,0,1,391.0,350.0,434.0,38.0,391.6666666666667,42.003968065944385,329.8333333333333,81.38406887498746,0,0,0,1,0,0,0,0,0,0,0,0,0,0,0,0,0,0,0
2022-07-01,1595.0,2022,7,1.2246467991473532e-16,-1.0,42,0,0,0,1,450.0,391.0,350.0,50.0,397.0,50.2692749097455,358.5,89.3750524474367,0,0,0,1,0,0,0,0,0,0,0,0,0,0,0,0,0,0,0
2022-08-01,1288.0,2022,8,-0.4999999999999997,-0.8660254037844388,43,0,0,0,1,1595.0,450.0,391.0,256.0,812.0,678.739272475045,571.0,509.2056558994433,0,0,0,1,0,0,0,0,0,0,0,0,0,0,0,0,0,0,0
2022-09-01,1332.0,2022,9,-0.8660254037844384,-0.5000000000000004,44,0,0,1,0,1288.0,1595.0,450.0,233.0,1111.0,592.6660104982864,751.3333333333334,544.4621811169708,0,0,0,1,0,0,0,0,0,0,0,0,0,0,0,0,0,0,0
2022-10-01,946.0,2022,10,-1.0,-1.8369701987210297e-16,45,0,0,1,0,1332.0,1288.0,1595.0,308.0,1405.0,166.00903589852038,901.0,562.8975039916082,0,0,0,1,0,0,0,0,0,0,0,0,0,0,0,0,0,0,0
2022-11-01,1038.0,2022,11,-0.8660254037844386,0.5000000000000001,46,0,0,1,0,946.0,1332.0,1288.0,363.0,1188.6666666666667,211.3038885900791,1000.3333333333334,494.66945192385725,0,0,0,1,0,0,0,0,0,0,0,0,0,0,0,0,0,0,0
2022-12-01,1249.0,2022,12,-0.5000000000000004,0.8660254037844384,47,0,0,0,0,1038.0,946.0,1332.0,278.0,1105.3333333333333,201.6167982418335,1108.1666666666667,395.94263052448576,0,0,0,1,0,0,0,0,0,0,0,0,0,0,0,0,0,0,0
2023-01-01,1435.0,2023,1,0.0,1.0,48,0,0,0,0,1249.0,1038.0,946.0,320.0,1077.6666666666667,155.34585071152713,1241.3333333333333,229.82747152298737,0,0,0,1,0,0,0,0,0,0,0,0,0,0,0,0,0,0,0
2023-02-01,2266.0,2023,2,0.49999999999999994,0.8660254037844387,49,0,0,0,0,1435.0,1249.0,1038.0,206.0,1240.6666666666667,198.6311489502309,1214.6666666666667,185.6142954264287,0,0,0,1,0,0,0,0,0,0,0,0,0,0,0,0,0,0,0
2023-03-01,2635.0,2023,3,0.8660254037844386,0.5000000000000001,50,0,1,0,0,2266.0,1435.0,1249.0,434.0,1650.0,541.5173127425912,1377.6666666666667,471.7569995947592,0,0,0,1,0,0,0,0,0,0,0,0,0,0,0,0,0,0,0
2023-04-01,4771.0,2023,4,1.0,6.123233995736766e-17,51,0,1,0,0,2635.0,2266.0,1435.0,350.0,2112.0,614.6437992853743,1594.8333333333333,694.0615006371191,0,0,0,1,0,0,0,0,0,0,0,0,0,0,0,0,0,0,0
2023-05-01,4667.0,2023,5,0.8660254037844387,-0.4999999999999998,52,0,1,0,0,4771.0,2635.0,2266.0,391.0,3224.0,1352.3856698442066,2232.3333333333335,1388.3241216180934,0,0,0,1,0,0,0,0,0,0,0,0,0,0,0,0,0,0,0
2023-06-01,4343.0,2023,6,0.49999999999999994,-0.8660254037844387,53,0,0,0,1,4667.0,4771.0,2635.0,450.0,4024.3333333333335,1204.3211088963358,2837.1666666666665,1545.5386655359518,0,0,0,1,0,0,0,0,0,0,0,0,0,0,0,0,0,0,0
2023-07-01,5695.0,2023,7,1.2246467991473532e-16,-1.0,54,0,0,0,1,4343.0,4667.0,4771.0,1595.0,4593.666666666667,223.22484927378065,3352.8333333333335,1420.7911059218561,0,0,0,1,0,0,0,0,0,0,0,0,0,0,0,0,0,0,0
2023-08-01,5025.0,2023,8,-0.4999999999999997,-0.8660254037844388,55,0,0,0,1,5695.0,4343.0,4667.0,1288.0,4901.666666666667,705.8876208953542,4062.8333333333335,1332.388594467339,0,0,0,1,0,0,0,0,0,0,0,0,0,0,0,0,0,0,0
2023-09-01,8169.0,2023,9,-0.8660254037844384,-0.5000000000000004,56,0,0,1,0,5025.0,5695.0,4343.0,1332.0,5021.0,676.0088756813556,4522.666666666667,1030.026342705201,0,0,0,1,0,0,0,0,0,0,0,0,0,0,0,0,0,0,0
2023-10-01,6880.0,2023,10,-1.0,-1.8369701987210297e-16,57,0,0,1,0,8169.0,5025.0,5695.0,946.0,6296.333333333333,1656.0148952631157,5445.0,1409.4708226848782,0,0,0,1,0,0,0,0,0,0,0,0,0,0,0,0,0,0,0
2023-11-01,7621.0,2023,11,-0.8660254037844386,0.5000000000000001,58,0,0,1,0,6880.0,8169.0,5025.0,1038.0,6691.333333333333,1580.4683904885,5796.5,1469.4676246858887,0,0,0,1,0,0,0,0,0,0,0,0,0,0,0,0,0,0,0
2023-12-01,7371.0,2023,12,-0.5000000000000004,0.8660254037844384,59,0,0,0,0,7621.0,6880.0,8169.0,1249.0,7556.666666666667,646.9036507342596,6288.833333333333,1509.6590895518948,0,0,0,1,0,0,0,0,0,0,0,0,0,0,0,0,0,0,0
2024-01-01,7269.0,2024,1,0.0,1.0,60,0,0,0,0,7371.0,7621.0,6880.0,1435.0,7290.666666666667,376.97524233470807,6793.5,1204.3288172255911,0,0,0,1,0,0,0,0,0,0,0,0,0,0,0,0,0,0,0
2024-02-01,9180.0,2024,2,0.49999999999999994,0.8660254037844387,61,0,0,0,0,7269.0,7371.0,7621.0,2266.0,7420.333333333333,181.11138377615157,7055.833333333333,1082.4532168489586,0,0,0,1,0,0,0,0,0,0,0,0,0,0,0,0,0,0,0
2024-03-01,12093.0,2024,3,0.8660254037844386,0.5000000000000001,62,0,1,0,0,9180.0,7269.0,7371.0,2635.0,7940.0,1075.0818573485374,7748.333333333333,820.8516715379589,0,0,0,1,0,0,0,0,0,0,0,0,0,0,0,0,0,0,0
2024-04-01,9748.0,2024,4,1.0,6.123233995736766e-17,63,0,1,0,0,12093.0,9180.0,7269.0,4771.0,9514.0,2429.2819926883717,8402.333333333334,1974.9359145720812,0,0,0,1,0,0,0,0,0,0,0,0,0,0,0,0,0,0,0
2024-05-01,8379.0,2024,5,0.8660254037844387,-0.4999999999999998,64,0,1,0,0,9748.0,12093.0,9180.0,4667.0,10340.333333333334,1544.1943962252049,8880.333333333334,1877.4597376952358,0,0,0,1,0,0,0,0,0,0,0,0,0,0,0,0,0,0,0
2024-06-01,7493.0,2024,6,0.49999999999999994,-0.8660254037844387,65,0,0,0,1,8379.0,9748.0,12093.0,4343.0,10073.333333333334,1878.2519355329632,9006.666666666666,1799.6627091393166,0,0,0,1,0,0,0,0,0,0,0,0,0,0,0,0,0,0,0
2024-07-01,6819.0,2024,7,1.2246467991473532e-16,-1.0,66,0,0,0,1,7493.0,8379.0,9748.0,5695.0,8540.0,1136.088464865293,9027.0,1778.0455562217742,0,0,0,1,0,0,0,0,0,0,0,0,0,0,0,0,0,0,0
2024-08-01,6614.0,2024,8,-0.4999999999999997,-0.8660254037844388,67,0,0,0,1,6819.0,7493.0,8379.0,5025.0,7563.666666666667,782.3971710923463,8952.0,1873.9359647543986,0,0,0,1,0,0,0,0,0,0,0,0,0,0,0,0,0,0,0
2024-09-01,8042.0,2024,9,-0.8660254037844384,-0.5000000000000004,68,0,0,1,0,6614.0,6819.0,7493.0,8169.0,6975.333333333333,459.8807816524886,8524.333333333334,2091.652329300131,0,0,0,1,0,0,0,0,0,0,0,0,0,0,0,0,0,0,0
2024-10-01,7747.0,2024,10,-1.0,-1.8369701987210297e-16,69,0,0,1,0,8042.0,6614.0,6819.0,6880.0,7158.333333333333,772.1116067857706,7849.166666666667,1152.1467643779858,0,0,0,1,0,0,0,0,0,0,0,0,0,0,0,0,0,0,0
2024-11-01,9459.0,2024,11,-0.8660254037844386,0.5000000000000001,70,0,0,1,0,7747.0,8042.0,6614.0,7621.0,7467.666666666667,753.8675834211905,7515.666666666667,689.1657758962358,0,0,0,1,0,0,0,0,0,0,0,0,0,0,0,0,0,0,0
2024-12-01,9031.0,2024,12,-0.5000000000000004,0.8660254037844384,71,0,0,0,0,9459.0,7747.0,8042.0,7371.0,8416.0,915.228386797512,7695.666666666667,1020.9355839947306,0,0,0,1,0,0,0,0,0,0,0,0,0,0,0,0,0,0,0
2025-01-01,8191.0,2025,1,0.0,1.0,72,0,0,0,0,9031.0,9459.0,7747.0,7269.0,8745.666666666666,890.9530477714928,7952.0,1145.3687615785564,0,0,0,1,0,0,0,0,0,0,0,0,0,0,0,0,0,0,0
2025-02-01,8467.0,2025,2,0.49999999999999994,0.8660254037844387,73,0,0,0,0,8191.0,9031.0,9459.0,9180.0,8893.666666666666,645.0591704125391,8180.666666666667,1001.9031223959049,0,0,0,1,0,0,0,0,0,0,0,0,0,0,0,0,0,0,0
2025-03-01,11444.0,2025,3,0.8660254037844386,0.5000000000000001,74,0,1,0,0,8467.0,8191.0,9031.0,12093.0,8563.0,428.1495065978441,8489.5,644.0999146095262,0,0,0,1,0,0,0,0,0,0,0,0,0,0,0,0,0,0,0
2025-04-01,9034.0,2025,4,1.0,6.123233995736766e-17,75,0,1,0,0,11444.0,8467.0,8191.0,9748.0,9367.333333333334,1803.73288857672,9056.5,1317.1335163908038,0,0,0,1,0,0,0,0,0,0,0,0,0,0,0,0,0,0,0
2025-05-01,8824.0,2025,5,0.8660254037844387,-0.4999999999999998,76,0,1,0,0,9034.0,11444.0,8467.0,8379.0,9648.333333333334,1580.7233576224905,9271.0,1156.1883929533308,0,0,0,1,0,0,0,0,0,0,0,0,0,0,0,0,0,0,0
2025-06-01,6735.0,2025,6,0.49999999999999994,-0.8660254037844387,77,0,0,0,1,8824.0,9034.0,11444.0,7493.0,9767.333333333334,1455.827370718562,9165.166666666666,1164.570206843139,0,0,0,1,0,0,0,0,0,0,0,0,0,0,0,0,0,0,0
2025-07-01,6891.0,2025,7,1.2246467991473532e-16,-1.0,78,0,0,0,1,6735.0,8824.0,9034.0,6819.0,8197.666666666666,1271.0508775549895,8782.5,1535.59275200165,0,0,0,1,0,0,0,0,0,0,0,0,0,0,0,0,0,0,0
2025-08-01,7533.0,2025,8,-0.4999999999999997,-0.8660254037844388,79,0,0,0,1,6891.0,6735.0,8824.0,6614.0,7483.333333333333,1163.6684808541065,8565.833333333334,1716.767825498447,0,0,0,1,0,0,0,0,0,0,0,0,0,0,0,0,0,0,0
2025-09-01,5308.0,2025,9,-0.8660254037844384,-0.5000000000000004,80,0,0,1,0,7533.0,6891.0,6735.0,8042.0,7053.0,422.94680516581263,8410.166666666666,1769.0699722358822,0,0,0,1,0,0,0,0,0,0,0,0,0,0,0,0,0,0,0
2025-10-01,6755.0,2025,10,-1.0,-1.8369701987210297e-16,81,0,0,1,0,5308.0,7533.0,6891.0,7747.0,6577.333333333333,1145.1839735751187,7387.5,1399.4465691836872,0,0,0,1,0,0,0,0,0,0,0,0,0,0,0,0,0,0,0
2025-11-01,7870.0,2025,11,-0.8660254037844386,0.5000000000000001,82,0,0,1,0,6755.0,5308.0,7533.0,9459.0,6532.0,1129.1381669219957,7007.666666666667,1150.2788647396148,0,0,0,1,0,0,0,0,0,0,0,0,0,0,0,0,0,0,0
2025-12-01,8680.0,2025,12,-0.5000000000000004,0.8660254037844384,83,0,0,0,0,7870.0,6755.0,5308.0,9031.0,6644.333333333333,1284.5802167763982,6848.666666666667,884.1462925707804,0,0,0,1,0,0,0,0,0,0,0,0,0,0,0,0,0,0,0
2020-01-01,1106.0,2020,1,0.0,1.0,12,0,0,0,0,1100.0,4508.0,6826.0,1225.0,4144.666666666667,2880.239110444353,2890.8333333333335,2301.8130607559415,0,0,0,0,1,0,0,0,0,0,0,0,0,0,0,0,0,0,0
2020-02-01,2037.0,2020,2,0.49999999999999994,0.8660254037844387,13,0,0,0,0,1106.0,1100.0,4508.0,1814.0,2238.0,1965.8799556432564,2858.5,2329.820744177536,0,0,0,0,1,0,0,0,0,0,0,0,0,0,0,0,0,0,0
2020-03-01,1196.0,2020,3,0.8660254037844386,0.5000000000000001,14,1,1,0,0,2037.0,1106.0,1100.0,3534.0,1414.3333333333333,539.2534963570098,2961.3333333333335,2266.3828155602123,0,0,0,0,1,0,0,0,0,0,0,0,0,0,0,0,0,0,0
2020-04-01,0.0,2020,4,1.0,6.123233995736766e-17,15,1,1,0,0,1196.0,2037.0,1106.0,4343.0,1446.3333333333333,513.5078707607702,2795.5,2368.14017743882,0,0,0,0,1,0,0,0,0,0,0,0,0,0,0,0,0,0,0
2020-05-01,1.0,2020,5,0.8660254037844387,-0.4999999999999998,16,1,1,0,0,0.0,1196.0,2037.0,1601.0,1077.6666666666667,1023.6426785423013,1657.8333333333333,1539.1307178620746,0,0,0,0,1,0,0,0,0,0,0,0,0,0,0,0,0,0,0
2020-06-01,4.0,2020,6,0.49999999999999994,-0.8660254037844387,17,1,0,0,1,1.0,0.0,1196.0,784.0,399.0,690.2224279172033,906.6666666666666,784.9529072922911,0,0,0,0,1,0,0,0,0,0,0,0,0,0,0,0,0,0,0
2020-07-01,4.0,2020,7,1.2246467991473532e-16,-1.0,18,1,0,0,1,4.0,1.0,0.0,1300.0,1.6666666666666667,2.0816659792795353,724.0,855.3340867754262,0,0,0,0,1,0,0,0,0,0,0,0,0,0,0,0,0,0,0
2020-08-01,20.0,2020,8,-0.4999999999999997,-0.8660254037844388,19,1,0,0,1,4.0,4.0,1.0,1420.0,3.0,1.7320507833103633,540.3333333333334,874.9922666324643,0,0,0,0,1,0,0,0,0,0,0,0,0,0,0,0,0,0,0
2020-09-01,18.0,2020,9,-0.8660254037844384,-0.5000000000000004,20,1,0,1,0,20.0,4.0,4.0,2191.0,9.333333333333334,9.237604302487997,204.16666666666666,485.951609387823,0,0,0,0,1,0,0,0,0,0,0,0,0,0,0,0,0,0,0
2020-10-01,53.0,2020,10,-1.0,-1.8369701987210297e-16,21,1,0,1,0,18.0,20.0,4.0,6826.0,14.0,8.71779788226619,7.833333333333333,8.818541070606674,0,0,0,0,1,0,0,0,0,0,0,0,0,0,0,0,0,0,0
2020-11-01,33.0,2020,11,-0.8660254037844386,0.5000000000000001,22,1,0,1,0,53.0,18.0,20.0,4508.0,30.333333333333332,19.655363981608055,16.666666666666668,19.490168460381142,0,0,0,0,1,0,0,0,0,0,0,0,0,0,0,0,0,0,0
2020-12-01,68.0,2020,12,-0.5000000000000004,0.8660254037844384,23,1,0,0,0,33.0,53.0,18.0,1100.0,34.666666666666664,17.55942291903485,22.0,18.708286932464038,0,0,0,0,1,0,0,0,0,0,0,0,0,0,0,0,0,0,0
2021-01-01,107.0,2021,1,0.0,1.0,24,1,0,0,0,68.0,33.0,53.0,1106.0,51.333333333333336,17.559422919038248,32.666666666666664,23.9137338492788,0,0,0,0,1,0,0,0,0,0,0,0,0,0,0,0,0,0,0
2021-02-01,90.0,2021,2,0.49999999999999994,0.8660254037844387,25,1,0,0,0,107.0,68.0,33.0,2037.0,69.33333333333333,37.01801363187624,49.833333333333336,34.04359949556241,0,0,0,0,1,0,0,0,0,0,0,0,0,0,0,0,0,0,0
2021-03-01,169.0,2021,3,0.8660254037844386,0.5000000000000001,26,1,1,0,0,90.0,107.0,68.0,1196.0,88.33333333333333,19.553345832616753,61.5,33.76832835583763,0,0,0,0,1,0,0,0,0,0,0,0,0,0,0,0,0,0,0
2021-04-01,162.0,2021,4,1.0,6.123233995736766e-17,27,1,1,0,0,169.0,90.0,107.0,0.0,122.0,41.581245771583355,86.66666666666667,48.09435171217616,0,0,0,0,1,0,0,0,0,0,0,0,0,0,0,0,0,0,0
2021-05-01,17.0,2021,5,0.8660254037844387,-0.4999999999999998,28,1,1,0,0,162.0,169.0,90.0,1.0,140.33333333333334,43.73023362903842,104.83333333333333,53.15417826111719,0,0,0,0,1,0,0,0,0,0,0,0,0,0,0,0,0,0,0
2021-06-01,14.0,2021,6,0.49999999999999994,-0.8660254037844387,29,1,0,0,1,17.0,162.0,169.0,4.0,116.0,85.80792504143643,102.16666666666667,57.686798027058195,0,0,0,0,1,0,0,0,0,0,0,0,0,0,0,0,0,0,0
2021-07-01,41.0,2021,7,1.2246467991473532e-16,-1.0,30,1,0,0,1,14.0,17.0,162.0,4.0,64.33333333333333,84.59511412161898,93.16666666666667,67.46678194944936,0,0,0,0,1,0,0,0,0,0,0,0,0,0,0,0,0,0,0
2021-08-01,128.0,2021,8,-0.4999999999999997,-0.8660254037844388,31,1,0,0,1,41.0,14.0,17.0,20.0,24.0,14.79864858411455,82.16666666666667,70.0897044266451,0,0,0,0,1,0,0,0,0,0,0,0,0,0,0,0,0,0,0
2021-09-01,235.0,2021,9,-0.8660254037844384,-0.5000000000000004,32,1,0,1,0,128.0,41.0,14.0,18.0,61.0,59.57348403372411,88.5,72.61060528564576,0,0,0,0,1,0,0,0,0,0,0,0,0,0,0,0,0,0,0
2021-10-01,739.0,2021,10,-1.0,-1.8369701987210297e-16,33,1,0,1,0,235.0,128.0,41.0,53.0,134.66666666666666,97.1716693962301,99.5,90.13046099930878,0,0,0,0,1,0,0,0,0,0,0,0,0,0,0,0,0,0,0
2021-11-01,808.0,2021,11,-0.8660254037844386,0.5000000000000001,34,1,0,1,0,739.0,235.0,128.0,33.0,367.3333333333333,326.288726947855,195.66666666666666,279.3504370259965,0,0,0,0,1,0,0,0,0,0,0,0,0,0,0,0,0,0,0
2021-12-01,319.0,2021,12,-0.5000000000000004,0.8660254037844384,35,1,0,0,0,808.0,739.0,235.0,68.0,594.0,312.8114448032875,327.5,354.664207384886,0,0,0,0,1,0,0,0,0,0,0,0,0,0,0,0,0,0,0
2022-01-01,283.0,2022,1,0.0,1.0,36,1,0,0,0,319.0,808.0,739.0,107.0,622.0,264.6639378531204,378.3333333333333,321.0044651817424,0,0,0,0,1,0,0,0,0,0,0,0,0,0,0,0,0,0,0
2022-02-01,537.0,2022,2,0.49999999999999994,0.8660254037844387,37,1,0,0,0,283.0,319.0,808.0,90.0,470.0,293.2695006302552,418.6666666666667,283.10893074330363,0,0,0,0,1,0,0,0,0,0,0,0,0,0,0,0,0,0,0
2022-03-01,1638.0,2022,3,0.8660254037844386,0.5000000000000001,38,0,1,0,0,537.0,283.0,319.0,169.0,379.6666666666667,137.43847108161503,486.8333333333333,245.92227769483827,0,0,0,0,1,0,0,0,0,0,0,0,0,0,0,0,0,0,0
2022-04-01,1992.0,2022,4,1.0,6.123233995736766e-17,39,0,1,0,0,1638.0,537.0,283.0,162.0,819.3333333333334,720.2710138088684,720.6666666666666,497.2092785403534,0,0,0,0,1,0,0,0,0,0,0,0,0,0,0,0,0,0,0
2022-05-01,858.0,2022,5,0.8660254037844387,-0.4999999999999998,40,0,1,0,0,1992.0,1638.0,537.0,17.0,1389.0,758.7865312457291,929.5,719.7735060419725,0,0,0,0,1,0,0,0,0,0,0,0,0,0,0,0,0,0,0
2022-06-01,507.0,2022,6,0.49999999999999994,-0.8660254037844387,41,0,0,0,1,858.0,1992.0,1638.0,14.0,1496.0,580.1827298359773,937.8333333333334,718.3735564917602,0,0,0,0,1,0,0,0,0,0,0,0,0,0,0,0,0,0,0
2022-07-01,759.0,2022,7,1.2246467991473532e-16,-1.0,42,0,0,0,1,507.0,858.0,1992.0,41.0,1119.0,776.1423838445648,969.1666666666666,689.5034203443956,0,0,0,0,1,0,0,0,0,0,0,0,0,0,0,0,0,0,0
2022-08-01,656.0,2022,8,-0.4999999999999997,-0.8660254037844388,43,0,0,0,1,759.0,507.0,858.0,128.0,708.0,180.97237358204924,1048.5,618.4913095589576,0,0,0,0,1,0,0,0,0,0,0,0,0,0,0,0,0,0,0
2022-09-01,1409.0,2022,9,-0.8660254037844384,-0.5000000000000004,44,0,0,1,0,656.0,759.0,507.0,235.0,640.6666666666666,126.69780319032223,1068.3333333333333,600.4533842577799,0,0,0,0,1,0,0,0,0,0,0,0,0,0,0,0,0,0,0
2022-10-01,4929.0,2022,10,-1.0,-1.8369701987210297e-16,45,0,0,1,0,1409.0,656.0,759.0,739.0,941.3333333333334,408.2723764023914,1030.1666666666667,563.1189631566502,0,0,0,0,1,0,0,0,0,0,0,0,0,0,0,0,0,0,0
2022-11-01,2561.0,2022,11,-0.8660254037844386,0.5000000000000001,46,0,0,1,0,4929.0,1409.0,656.0,808.0,2331.3333333333335,2280.9332154478498,1519.6666666666667,1698.44819369524,0,0,0,0,1,0,0,0,0,0,0,0,0,0,0,0,0,0,0
2022-12-01,804.0,2022,12,-0.5000000000000004,0.8660254037844384,47,0,0,0,0,2561.0,4929.0,1409.0,319.0,2966.3333333333335,1794.6646854867545,1803.5,1708.0301812321584,0,0,0,0,1,0,0,0,0,0,0,0,0,0,0,0,0,0,0
2023-01-01,857.0,2023,1,0.0,1.0,48,0,0,0,0,804.0,2561.0,4929.0,283.0,2764.6666666666665,2070.028099648232,1853.0,1666.7466514140533,0,0,0,0,1,0,0,0,0,0,0,0,0,0,0,0,0,0,0
2023-02-01,1463.0,2023,2,0.49999999999999994,0.8660254037844387,49,0,0,0,0,857.0,804.0,2561.0,537.0,1407.3333333333333,999.4560187088077,1869.3333333333333,1654.3156490424149,0,0,0,0,1,0,0,0,0,0,0,0,0,0,0,0,0,0,0
2023-03-01,3009.0,2023,3,0.8660254037844386,0.5000000000000001,50,0,1,0,0,1463.0,857.0,804.0,1638.0,1041.3333333333333,366.13431051085337,2003.8333333333333,1566.4091951551572,0,0,0,0,1,0,0,0,0,0,0,0,0,0,0,0,0,0,0
2023-04-01,3211.0,2023,4,1.0,6.123233995736766e-17,51,0,1,0,0,3009.0,1463.0,857.0,1992.0,1776.3333333333333,1109.6888452774783,2270.5,1581.0158443228718,0,0,0,0,1,0,0,0,0,0,0,0,0,0,0,0,0,0,0
2023-05-01,1097.0,2023,5,0.8660254037844387,-0.4999999999999998,52,0,1,0,0,3211.0,3009.0,1463.0,858.0,2561.0,956.2447385475832,1984.1666666666667,1079.171240659529,0,0,0,0,1,0,0,0,0,0,0,0,0,0,0,0,0,0,0
2023-06-01,614.0,2023,6,0.49999999999999994,-0.8660254037844387,53,0,0,0,1,1097.0,3211.0,3009.0,507.0,2439.0,1166.586473434325,1740.1666666666667,1088.132789077981,0,0,0,0,1,0,0,0,0,0,0,0,0,0,0,0,0,0,0
2023-07-01,996.0,2023,7,1.2246467991473532e-16,-1.0,54,0,0,0,1,614.0,1097.0,3211.0,759.0,1640.6666666666667,1381.2249394408075,1708.5,1123.030854429191,0,0,0,0,1,0,0,0,0,0,0,0,0,0,0,0,0,0,0
2023-08-01,822.0,2023,8,-0.4999999999999997,-0.8660254037844388,55,0,0,0,1,996.0,614.0,1097.0,656.0,902.3333333333334,254.75936358308175,1731.6666666666667,1103.2112520576582,0,0,0,0,1,0,0,0,0,0,0,0,0,0,0,0,0,0,0
2023-09-01,1682.0,2023,9,-0.8660254037844384,-0.5000000000000004,56,0,0,1,0,822.0,996.0,614.0,1409.0,810.6666666666666,191.25201523972544,1624.8333333333333,1163.8046943824488,0,0,0,0,1,0,0,0,0,0,0,0,0,0,0,0,0,0,0
2023-10-01,5270.0,2023,10,-1.0,-1.8369701987210297e-16,57,0,0,1,0,1682.0,822.0,996.0,4929.0,1166.6666666666667,454.6925701320165,1403.6666666666667,955.6222405671731,0,0,0,0,1,0,0,0,0,0,0,0,0,0,0,0,0,0,0
2023-11-01,3205.0,2023,11,-0.8660254037844386,0.5000000000000001,58,0,0,1,0,5270.0,1682.0,822.0,2561.0,2591.3333333333335,2359.3095035059027,1746.8333333333333,1763.0410564325,0,0,0,0,1,0,0,0,0,0,0,0,0,0,0,0,0,0,0
2023-12-01,942.0,2023,12,-0.5000000000000004,0.8660254037844384,59,0,0,0,0,3205.0,5270.0,1682.0,804.0,3385.6666666666665,1800.8099103829013,2098.1666666666665,1816.8612953846057,0,0,0,0,1,0,0,0,0,0,0,0,0,0,0,0,0,0,0
2024-01-01,970.0,2024,1,0.0,1.0,60,0,0,0,0,942.0,3205.0,5270.0,857.0,3139.0,2164.7547205168394,2152.8333333333335,1767.538674730097,0,0,0,0,1,0,0,0,0,0,0,0,0,0,0,0,0,0,0
2024-02-01,1697.0,2024,2,0.49999999999999994,0.8660254037844387,61,0,0,0,0,970.0,942.0,3205.0,1463.0,1705.6666666666667,1298.536227193244,2148.5,1770.9705531148622,0,0,0,0,1,0,0,0,0,0,0,0,0,0,0,0,0,0,0
2024-03-01,3240.0,2024,3,0.8660254037844386,0.5000000000000001,62,0,1,0,0,1697.0,970.0,942.0,3009.0,1203.0,428.0455583228591,2294.3333333333335,1673.2202086595264,0,0,0,0,1,0,0,0,0,0,0,0,0,0,0,0,0,0,0
2024-04-01,3753.0,2024,4,1.0,6.123233995736766e-17,63,0,1,0,0,3240.0,1697.0,970.0,3211.0,1969.0,1159.1863525766391,2554.0,1680.0655939575583,0,0,0,0,1,0,0,0,0,0,0,0,0,0,0,0,0,0,0
2024-05-01,1282.0,2024,5,0.8660254037844387,-0.4999999999999998,64,0,1,0,0,3753.0,3240.0,1697.0,1097.0,2896.6666666666665,1070.1365956424775,2301.1666666666665,1248.2386657473114,0,0,0,0,1,0,0,0,0,0,0,0,0,0,0,0,0,0,0
2024-06-01,550.0,2024,6,0.49999999999999994,-0.8660254037844387,65,0,0,0,1,1282.0,3753.0,3240.0,614.0,2758.3333333333335,1304.0177657276263,1980.6666666666667,1216.220648840755,0,0,0,0,1,0,0,0,0,0,0,0,0,0,0,0,0,0,0
2024-07-01,853.0,2024,7,1.2246467991473532e-16,-1.0,66,0,0,0,1,550.0,1282.0,3753.0,996.0,1861.6666666666667,1678.336180070389,1915.3333333333333,1291.3815341201946,0,0,0,0,1,0,0,0,0,0,0,0,0,0,0,0,0,0,0
2024-08-01,711.0,2024,8,-0.4999999999999997,-0.8660254037844388,67,0,0,0,1,853.0,550.0,1282.0,822.0,895.0,367.8029363666456,1895.8333333333333,1309.2705475441765,0,0,0,0,1,0,0,0,0,0,0,0,0,0,0,0,0,0,0
2024-09-01,1799.0,2024,9,-0.8660254037844384,-0.5000000000000004,68,0,0,1,0,711.0,853.0,550.0,1682.0,704.6666666666666,151.59925241655708,1731.5,1398.085083247783,0,0,0,0,1,0,0,0,0,0,0,0,0,0,0,0,0,0,0
2024-10-01,5485.0,2024,10,-1.0,-1.8369701987210297e-16,69,0,0,1,0,1799.0,711.0,853.0,5270.0,1121.0,591.4423048784456,1491.3333333333333,1196.337187696941,0,0,0,0,1,0,0,0,0,0,0,0,0,0,0,0,0,0,0
2024-11-01,3840.0,2024,11,-0.8660254037844386,0.5000000000000001,70,0,0,1,0,5485.0,1799.0,711.0,3205.0,2665.0,2502.0463624801077,1780.0,1870.3144120708582,0,0,0,0,1,0,0,0,0,0,0,0,0,0,0,0,0,0,0
2024-12-01,938.0,2024,12,-0.5000000000000004,0.8660254037844384,71,0,0,0,0,3840.0,5485.0,1799.0,942.0,3708.0,1846.5419031259335,2206.3333333333335,2019.6740000967059,0,0,0,0,1,0,0,0,0,0,0,0,0,0,0,0,0,0,0
2025-01-01,1010.0,2025,1,0.0,1.0,72,0,0,0,0,938.0,3840.0,5485.0,970.0,3421.0,2302.2756133877506,2271.0,1961.4053125246608,0,0,0,0,1,0,0,0,0,0,0,0,0,0,0,0,0,0,0
2025-02-01,1873.0,2025,2,0.49999999999999994,0.8660254037844387,73,0,0,0,0,1010.0,938.0,3840.0,1697.0,1929.3333333333333,1655.077440282861,2297.1666666666665,1939.6310387974895,0,0,0,0,1,0,0,0,0,0,0,0,0,0,0,0,0,0,0
2025-03-01,3280.0,2025,3,0.8660254037844386,0.5000000000000001,74,0,1,0,0,1873.0,1010.0,938.0,3240.0,1273.6666666666667,520.284857874284,2490.8333333333335,1802.764257097036,0,0,0,0,1,0,0,0,0,0,0,0,0,0,0,0,0,0,0
2025-04-01,3265.0,2025,4,1.0,6.123233995736766e-17,75,0,1,0,0,3280.0,1873.0,1010.0,3753.0,2054.3333333333335,1145.812521023081,2737.6666666666665,1790.4404672221385,0,0,0,0,1,0,0,0,0,0,0,0,0,0,0,0,0,0,0
2025-05-01,1393.0,2025,5,0.8660254037844387,-0.4999999999999998,76,0,1,0,0,3265.0,3280.0,1873.0,1282.0,2806.0,808.0365090761309,2367.6666666666665,1259.938517018441,0,0,0,0,1,0,0,0,0,0,0,0,0,0,0,0,0,0,0
2025-06-01,627.0,2025,6,0.49999999999999994,-0.8660254037844387,77,0,0,0,1,1393.0,3265.0,3280.0,550.0,2646.0,1085.1557491899212,1959.8333333333333,1069.7164889196702,0,0,0,0,1,0,0,0,0,0,0,0,0,0,0,0,0,0,0
2025-07-01,773.0,2025,7,1.2246467991473532e-16,-1.0,78,0,0,0,1,627.0,1393.0,3265.0,853.0,1761.6666666666667,1357.091497775027,1908.0,1134.693615034455,0,0,0,0,1,0,0,0,0,0,0,0,0,0,0,0,0,0,0
2025-08-01,795.0,2025,8,-0.4999999999999997,-0.8660254037844388,79,0,0,0,1,773.0,627.0,1393.0,711.0,931.0,406.708740992773,1868.5,1175.5941051230052,0,0,0,0,1,0,0,0,0,0,0,0,0,0,0,0,0,0,0
2025-09-01,1323.0,2025,9,-0.8660254037844384,-0.5000000000000004,80,0,0,1,0,795.0,773.0,627.0,1799.0,731.6666666666666,91.30899919098033,1688.8333333333333,1254.496618834274,0,0,0,0,1,0,0,0,0,0,0,0,0,0,0,0,0,0,0
2025-10-01,5048.0,2025,10,-1.0,-1.8369701987210297e-16,81,0,0,1,0,1323.0,795.0,773.0,5485.0,963.6666666666666,311.3861482681273,1362.6666666666667,983.1096920825389,0,0,0,0,1,0,0,0,0,0,0,0,0,0,0,0,0,0,0
2025-11-01,4212.0,2025,11,-0.8660254037844386,0.5000000000000001,82,0,0,1,0,5048.0,1323.0,795.0,3840.0,2388.6666666666665,2318.1320784919203,1659.8333333333333,1689.111294931931,0,0,0,0,1,0,0,0,0,0,0,0,0,0,0,0,0,0,0
2025-12-01,991.0,2025,12,-0.5000000000000004,0.8660254037844384,83,0,0,0,0,4212.0,5048.0,1323.0,938.0,3527.6666666666665,1954.5179286292769,2129.6666666666665,1968.9275930482124,0,0,0,0,1,0,0,0,0,0,0,0,0,0,0,0,0,0,0
2020-01-01,1405.0,2020,1,0.0,1.0,12,0,0,0,0,1382.0,4208.0,7494.0,1480.0,4361.333333333333,3058.883674370976,3148.1666666666665,2493.347341760997,0,0,0,0,0,1,0,0,0,0,0,0,0,0,0,0,0,0,0
2020-02-01,2659.0,2020,2,0.49999999999999994,0.8660254037844387,13,0,0,0,0,1405.0,1382.0,4208.0,3113.0,2331.6666666666665,1624.9930256260393,3217.6666666666665,2425.993954375532,0,0,0,0,0,1,0,0,0,0,0,0,0,0,0,0,0,0,0
2020-03-01,1692.0,2020,3,0.8660254037844386,0.5000000000000001,14,1,1,0,0,2659.0,1405.0,1382.0,5589.0,1815.3333333333333,730.7272633022986,3434.0,2280.847649449644,0,0,0,0,0,1,0,0,0,0,0,0,0,0,0,0,0,0,0
2020-04-01,0.0,2020,4,1.0,6.123233995736766e-17,15,1,1,0,0,1692.0,2659.0,1405.0,4927.0,1918.6666666666667,657.0101470550266,3140.0,2388.589290773942,0,0,0,0,0,1,0,0,0,0,0,0,0,0,0,0,0,0,0
2020-05-01,0.0,2020,5,0.8660254037844387,-0.4999999999999998,16,1,1,0,0,0.0,1692.0,2659.0,1808.0,1450.3333333333333,1345.872331736285,1891.0,1419.0892854221538,0,0,0,0,0,1,0,0,0,0,0,0,0,0,0,0,0,0,0
2020-06-01,2.0,2020,6,0.49999999999999994,-0.8660254037844387,17,1,0,0,1,0.0,0.0,1692.0,835.0,564.0,976.8766554688096,1189.6666666666667,1032.0129198157467,0,0,0,0,0,1,0,0,0,0,0,0,0,0,0,0,0,0,0
2020-07-01,2.0,2020,7,1.2246467991473532e-16,-1.0,18,1,0,0,1,2.0,0.0,0.0,988.0,0.6666666666666666,1.154700505765804,959.6666666666666,1129.7268106345985,0,0,0,0,0,1,0,0,0,0,0,0,0,0,0,0,0,0,0
2020-08-01,10.0,2020,8,-0.4999999999999997,-0.8660254037844388,19,1,0,0,1,2.0,2.0,0.0,1361.0,1.3333333333333333,1.1547005057671824,725.8333333333334,1163.7997107177082,0,0,0,0,0,1,0,0,0,0,0,0,0,0,0,0,0,0,0
2020-09-01,9.0,2020,9,-0.8660254037844384,-0.5000000000000004,20,1,0,1,0,10.0,2.0,2.0,3456.0,4.666666666666667,4.618802145365712,284.3333333333333,689.6229887892513,0,0,0,0,0,1,0,0,0,0,0,0,0,0,0,0,0,0,0
2020-10-01,50.0,2020,10,-1.0,-1.8369701987210297e-16,21,1,0,1,0,9.0,10.0,2.0,7494.0,7.0,4.35889893490463,3.8333333333333335,4.490731189789622,0,0,0,0,0,1,0,0,0,0,0,0,0,0,0,0,0,0,0
2020-11-01,27.0,2020,11,-0.8660254037844386,0.5000000000000001,22,1,0,1,0,50.0,9.0,10.0,4208.0,23.0,23.388031125445107,12.166666666666666,18.978057503837913,0,0,0,0,0,1,0,0,0,0,0,0,0,0,0,0,0,0,0
2020-12-01,40.0,2020,12,-0.5000000000000004,0.8660254037844384,23,1,0,0,0,27.0,50.0,9.0,1382.0,28.666666666666668,20.550750187235245,16.666666666666668,18.715412542046575,0,0,0,0,0,1,0,0,0,0,0,0,0,0,0,0,0,0,0
2021-01-01,97.0,2021,1,0.0,1.0,24,1,0,0,0,40.0,27.0,50.0,1405.0,39.0,11.5325625914133,23.0,19.183326092008908,0,0,0,0,0,1,0,0,0,0,0,0,0,0,0,0,0,0,0
2021-02-01,126.0,2021,2,0.49999999999999994,0.8660254037844387,25,1,0,0,0,97.0,40.0,27.0,2659.0,54.666666666666664,37.233497462074034,38.833333333333336,32.77448194280227,0,0,0,0,0,1,0,0,0,0,0,0,0,0,0,0,0,0,0
2021-03-01,208.0,2021,3,0.8660254037844386,0.5000000000000001,26,1,1,0,0,126.0,97.0,40.0,1692.0,87.66666666666667,43.7530951277556,58.166666666666664,44.48557818685893,0,0,0,0,0,1,0,0,0,0,0,0,0,0,0,0,0,0,0
2021-04-01,218.0,2021,4,1.0,6.123233995736766e-17,27,1,1,0,0,208.0,126.0,97.0,0.0,143.66666666666666,57.57024694456936,91.33333333333333,68.30422144069321,0,0,0,0,0,1,0,0,0,0,0,0,0,0,0,0,0,0,0
2021-05-01,13.0,2021,5,0.8660254037844387,-0.4999999999999998,28,1,1,0,0,218.0,208.0,126.0,0.0,184.0,50.47771785575847,119.33333333333333,81.1903114085625,0,0,0,0,0,1,0,0,0,0,0,0,0,0,0,0,0,0,0
2021-06-01,16.0,2021,6,0.49999999999999994,-0.8660254037844387,29,1,0,0,1,13.0,218.0,208.0,2.0,146.33333333333334,115.5782563169159,117.0,84.50798778785753,0,0,0,0,0,1,0,0,0,0,0,0,0,0,0,0,0,0,0
2021-07-01,31.0,2021,7,1.2246467991473532e-16,-1.0,30,1,0,0,1,16.0,13.0,218.0,2.0,82.33333333333333,117.50035460907512,113.0,89.31293299378687,0,0,0,0,0,1,0,0,0,0,0,0,0,0,0,0,0,0,0
2021-08-01,81.0,2021,8,-0.4999999999999997,-0.8660254037844388,31,1,0,0,1,31.0,16.0,13.0,10.0,20.0,9.643650757092248,102.0,95.52591271457511,0,0,0,0,0,1,0,0,0,0,0,0,0,0,0,0,0,0,0
2021-09-01,225.0,2021,9,-0.8660254037844384,-0.5000000000000004,32,1,0,1,0,81.0,31.0,16.0,9.0,42.666666666666664,34.03429642666657,94.5,95.02999526440374,0,0,0,0,0,1,0,0,0,0,0,0,0,0,0,0,0,0,0
2021-10-01,790.0,2021,10,-1.0,-1.8369701987210297e-16,33,1,0,1,0,225.0,81.0,31.0,50.0,112.33333333333333,100.72404545717247,97.33333333333333,99.25052476747553,0,0,0,0,0,1,0,0,0,0,0,0,0,0,0,0,0,0,0
2021-11-01,725.0,2021,11,-0.8660254037844386,0.5000000000000001,34,1,0,1,0,790.0,225.0,81.0,27.0,365.3333333333333,374.7536968907175,192.66666666666666,303.2983129966595,0,0,0,0,0,1,0,0,0,0,0,0,0,0,0,0,0,0,0
2021-12-01,399.0,2021,12,-0.5000000000000004,0.8660254037844384,35,1,0,0,0,725.0,790.0,225.0,40.0,580.0,309.15206614209694,311.3333333333333,353.9935969288428,0,0,0,0,0,1,0,0,0,0,0,0,0,0,0,0,0,0,0
2022-01-01,364.0,2022,1,0.0,1.0,36,1,0,0,0,399.0,725.0,790.0,97.0,638.0,209.51610916568623,375.1666666666667,323.2871272825756,0,0,0,0,0,1,0,0,0,0,0,0,0,0,0,0,0,0,0
2022-02-01,645.0,2022,2,0.49999999999999994,0.8660254037844387,37,1,0,0,0,364.0,399.0,725.0,126.0,496.0,199.09043171364885,430.6666666666667,277.76440856708126,0,0,0,0,0,1,0,0,0,0,0,0,0,0,0,0,0,0,0
2022-03-01,1826.0,2022,3,0.8660254037844386,0.5000000000000001,38,0,1,0,0,645.0,364.0,399.0,208.0,469.3333333333333,153.13501667894343,524.6666666666666,226.46029821277895,0,0,0,0,0,1,0,0,0,0,0,0,0,0,0,0,0,0,0
2022-04-01,2132.0,2022,4,1.0,6.123233995736766e-17,39,0,1,0,0,1826.0,645.0,364.0,218.0,945.0,775.7970095327316,791.5,535.3297114862531,0,0,0,0,0,1,0,0,0,0,0,0,0,0,0,0,0,0,0
2022-05-01,776.0,2022,5,0.8660254037844387,-0.4999999999999998,40,0,1,0,0,2132.0,1826.0,645.0,13.0,1534.3333333333333,785.2352089235844,1015.1666666666666,765.4628447329253,0,0,0,0,0,1,0,0,0,0,0,0,0,0,0,0,0,0,0
2022-06-01,436.0,2022,6,0.49999999999999994,-0.8660254037844387,41,0,0,0,1,776.0,2132.0,1826.0,16.0,1578.0,711.2046119085084,1023.6666666666666,761.8710302056526,0,0,0,0,0,1,0,0,0,0,0,0,0,0,0,0,0,0,0
2022-07-01,718.0,2022,7,1.2246467991473532e-16,-1.0,42,0,0,0,1,436.0,776.0,2132.0,31.0,1114.6666666666667,897.2877650638412,1029.8333333333333,755.9302657432247,0,0,0,0,0,1,0,0,0,0,0,0,0,0,0,0,0,0,0
2022-08-01,809.0,2022,8,-0.4999999999999997,-0.8660254037844388,43,0,0,0,1,718.0,436.0,776.0,81.0,643.3333333333334,181.88274611205148,1088.8333333333333,705.7156415062816,0,0,0,0,0,1,0,0,0,0,0,0,0,0,0,0,0,0,0
2022-09-01,1942.0,2022,9,-0.8660254037844384,-0.5000000000000004,44,0,0,1,0,809.0,718.0,436.0,225.0,654.3333333333334,194.47964760678948,1116.1666666666667,688.0419803083405,0,0,0,0,0,1,0,0,0,0,0,0,0,0,0,0,0,0,0
2022-10-01,4935.0,2022,10,-1.0,-1.8369701987210297e-16,45,0,0,1,0,1942.0,809.0,718.0,790.0,1156.3333333333333,681.9269266814907,1135.5,713.148441770685,0,0,0,0,0,1,0,0,0,0,0,0,0,0,0,0,0,0,0
2022-11-01,2292.0,2022,11,-0.8660254037844386,0.5000000000000001,46,0,0,1,0,4935.0,1942.0,809.0,725.0,2562.0,2131.7291103702496,1602.6666666666667,1713.2789226120258,0,0,0,0,0,1,0,0,0,0,0,0,0,0,0,0,0,0,0
2022-12-01,867.0,2022,12,-0.5000000000000004,0.8660254037844384,47,0,0,0,0,2292.0,4935.0,1942.0,399.0,3056.3333333333335,1636.3576422448953,1855.3333333333333,1678.4149268481335,0,0,0,0,0,1,0,0,0,0,0,0,0,0,0,0,0,0,0
2023-01-01,985.0,2023,1,0.0,1.0,48,0,0,0,0,867.0,2292.0,4935.0,364.0,2698.0,2064.1664177095645,1927.1666666666667,1613.4880745349888,0,0,0,0,0,1,0,0,0,0,0,0,0,0,0,0,0,0,0
2023-02-01,2108.0,2023,2,0.49999999999999994,0.8660254037844387,49,0,0,0,0,985.0,867.0,2292.0,645.0,1381.3333333333333,790.8642951437768,1971.6666666666667,1576.7327822642064,0,0,0,0,0,1,0,0,0,0,0,0,0,0,0,0,0,0,0
2023-03-01,4149.0,2023,3,0.8660254037844386,0.5000000000000001,50,0,1,0,0,2108.0,985.0,867.0,1826.0,1320.0,684.9737221236513,2188.1666666666665,1470.7814816167036,0,0,0,0,0,1,0,0,0,0,0,0,0,0,0,0,0,0,0
2023-04-01,3245.0,2023,4,1.0,6.123233995736766e-17,51,0,1,0,0,4149.0,2108.0,985.0,2132.0,2414.0,1604.0420817422262,2556.0,1660.6295191884192,0,0,0,0,0,1,0,0,0,0,0,0,0,0,0,0,0,0,0
2023-05-01,1165.0,2023,5,0.8660254037844387,-0.4999999999999998,52,0,1,0,0,3245.0,4149.0,2108.0,776.0,3167.3333333333335,1022.7141992430105,2274.3333333333335,1274.9521821098338,0,0,0,0,0,1,0,0,0,0,0,0,0,0,0,0,0,0,0
2023-06-01,514.0,2023,6,0.49999999999999994,-0.8660254037844387,53,0,0,0,1,1165.0,3245.0,4149.0,436.0,2853.0,1530.1346345991706,2086.5,1352.4892236169426,0,0,0,0,0,1,0,0,0,0,0,0,0,0,0,0,0,0,0
2023-07-01,637.0,2023,7,1.2246467991473532e-16,-1.0,54,0,0,0,1,514.0,1165.0,3245.0,718.0,1641.3333333333333,1426.4502561720349,2027.6666666666667,1422.036802149166,0,0,0,0,0,1,0,0,0,0,0,0,0,0,0,0,0,0,0
2023-08-01,875.0,2023,8,-0.4999999999999997,-0.8660254037844388,55,0,0,0,1,637.0,514.0,1165.0,809.0,772.0,345.859798184071,1969.6666666666667,1479.023957434979,0,0,0,0,0,1,0,0,0,0,0,0,0,0,0,0,0,0,0
2023-09-01,2851.0,2023,9,-0.8660254037844384,-0.5000000000000004,56,0,0,1,0,875.0,637.0,514.0,1942.0,675.3333333333334,183.52747296592725,1764.1666666666667,1540.3465086358412,0,0,0,0,0,1,0,0,0,0,0,0,0,0,0,0,0,0,0
2023-10-01,5915.0,2023,10,-1.0,-1.8369701987210297e-16,57,0,0,1,0,2851.0,875.0,637.0,4935.0,1454.3333333333333,1215.3885524116406,1547.8333333333333,1189.6480852195853,0,0,0,0,0,1,0,0,0,0,0,0,0,0,0,0,0,0,0
2023-11-01,3512.0,2023,11,-0.8660254037844386,0.5000000000000001,58,0,0,1,0,5915.0,2851.0,875.0,2292.0,3213.6666666666665,2539.497063068448,1992.8333333333333,2101.424889608626,0,0,0,0,0,1,0,0,0,0,0,0,0,0,0,0,0,0,0
2023-12-01,1024.0,2023,12,-0.5000000000000004,0.8660254037844384,59,0,0,0,0,3512.0,5915.0,2851.0,867.0,4092.6666666666665,1612.421884412785,2384.0,2134.6861127575544,0,0,0,0,0,1,0,0,0,0,0,0,0,0,0,0,0,0,0
2024-01-01,1282.0,2024,1,0.0,1.0,60,0,0,0,0,1024.0,3512.0,5915.0,985.0,3483.6666666666665,2445.623097154031,2469.0,2053.96075911882,0,0,0,0,0,1,0,0,0,0,0,0,0,0,0,0,0,0,0
2024-02-01,2494.0,2024,2,0.49999999999999994,0.8660254037844387,61,0,0,0,0,1282.0,1024.0,3512.0,2108.0,1939.3333333333333,1368.064813279425,2576.5,1953.3141836376346,0,0,0,0,0,1,0,0,0,0,0,0,0,0,0,0,0,0,0
2024-03-01,5254.0,2024,3,0.8660254037844386,0.5000000000000001,62,0,1,0,0,2494.0,1282.0,1024.0,4149.0,1600.0,784.899993629719,2846.3333333333335,1774.93804586713,0,0,0,0,0,1,0,0,0,0,0,0,0,0,0,0,0,0,0
2024-04-01,3271.0,2024,4,1.0,6.123233995736766e-17,63,0,1,0,0,5254.0,2494.0,1282.0,3245.0,3010.0,2035.654194601809,3246.8333333333335,2029.1111765171045,0,0,0,0,0,1,0,0,0,0,0,0,0,0,0,0,0,0,0
2024-05-01,1391.0,2024,5,0.8660254037844387,-0.4999999999999998,64,0,1,0,0,3271.0,5254.0,2494.0,1165.0,3673.0,1423.2368039085918,2806.1666666666665,1568.6177885854243,0,0,0,0,0,1,0,0,0,0,0,0,0,0,0,0,0,0,0
2024-06-01,546.0,2024,6,0.49999999999999994,-0.8660254037844387,65,0,0,0,1,1391.0,3271.0,5254.0,514.0,3305.3333333333335,1931.7288457061657,2452.6666666666665,1616.0155527304264,0,0,0,0,0,1,0,0,0,0,0,0,0,0,0,0,0,0,0
2024-07-01,726.0,2024,7,1.2246467991473532e-16,-1.0,66,0,0,0,1,546.0,1391.0,3271.0,637.0,1736.0,1394.8745463302187,2373.0,1709.604632656322,0,0,0,0,0,1,0,0,0,0,0,0,0,0,0,0,0,0,0
2024-08-01,849.0,2024,8,-0.4999999999999997,-0.8660254037844388,67,0,0,0,1,726.0,546.0,1391.0,875.0,887.6666666666666,445.09362311008465,2280.3333333333335,1793.5743828084255,0,0,0,0,0,1,0,0,0,0,0,0,0,0,0,0,0,0,0
2024-09-01,2704.0,2024,9,-0.8660254037844384,-0.5000000000000004,68,0,0,1,0,849.0,726.0,546.0,2851.0,707.0,152.3909446126238,2006.1666666666667,1878.116228210231,0,0,0,0,0,1,0,0,0,0,0,0,0,0,0,0,0,0,0
2024-10-01,6017.0,2024,10,-1.0,-1.8369701987210297e-16,69,0,0,1,0,2704.0,849.0,726.0,5915.0,1426.3333333333333,1108.1995909281256,1581.1666666666667,1139.421154212358,0,0,0,0,0,1,0,0,0,0,0,0,0,0,0,0,0,0,0
2024-11-01,3926.0,2024,11,-0.8660254037844386,0.5000000000000001,70,0,0,1,0,6017.0,2704.0,849.0,3512.0,3190.0,2618.053284408081,2038.8333333333333,2100.2728790961005,0,0,0,0,0,1,0,0,0,0,0,0,0,0,0,0,0,0,0
2024-12-01,1339.0,2024,12,-0.5000000000000004,0.8660254037844384,71,0,0,0,0,3926.0,6017.0,2704.0,1024.0,4215.666666666667,1675.3872189238164,2461.3333333333335,2196.6521496738224,0,0,0,0,0,1,0,0,0,0,0,0,0,0,0,0,0,0,0
2025-01-01,1321.0,2025,1,0.0,1.0,72,0,0,0,0,1339.0,3926.0,6017.0,1282.0,3760.6666666666665,2343.3784016528953,2593.5,2079.0731348367613,0,0,0,0,0,1,0,0,0,0,0,0,0,0,0,0,0,0,0
2025-02-01,2453.0,2025,2,0.49999999999999994,0.8660254037844387,73,0,0,0,0,1321.0,1339.0,3926.0,2494.0,2195.3333333333335,1498.828320166546,2692.6666666666665,1984.2087255797019,0,0,0,0,0,1,0,0,0,0,0,0,0,0,0,0,0,0,0
2025-03-01,4709.0,2025,3,0.8660254037844386,0.5000000000000001,74,0,1,0,0,2453.0,1321.0,1339.0,5254.0,1704.3333333333333,648.42681416893,2960.0,1784.0937195113822,0,0,0,0,0,1,0,0,0,0,0,0,0,0,0,0,0,0,0
2025-04-01,3835.0,2025,4,1.0,6.123233995736766e-17,75,0,1,0,0,4709.0,2453.0,1321.0,3271.0,2827.6666666666665,1724.794867030069,3294.1666666666665,1909.8907211321348,0,0,0,0,0,1,0,0,0,0,0,0,0,0,0,0,0,0,0
2025-05-01,1578.0,2025,5,0.8660254037844387,-0.4999999999999998,76,0,1,0,0,3835.0,4709.0,2453.0,1391.0,3665.6666666666665,1137.492564078235,2930.5,1436.9113751376449,0,0,0,0,0,1,0,0,0,0,0,0,0,0,0,0,0,0,0
2025-06-01,618.0,2025,6,0.49999999999999994,-0.8660254037844387,77,0,0,0,1,1578.0,3835.0,4709.0,546.0,3374.0,1615.605459262856,2539.1666666666665,1431.2901056971725,0,0,0,0,0,1,0,0,0,0,0,0,0,0,0,0,0,0,0
2025-07-01,703.0,2025,7,1.2246467991473532e-16,-1.0,78,0,0,0,1,618.0,1578.0,3835.0,726.0,2010.3333333333333,1651.5012362493924,2419.0,1575.233189086605,0,0,0,0,0,1,0,0,0,0,0,0,0,0,0,0,0,0,0
2025-08-01,1086.0,2025,8,-0.4999999999999997,-0.8660254037844388,79,0,0,0,1,703.0,618.0,1578.0,849.0,966.3333333333334,531.4210508939852,2316.0,1678.2250147104694,0,0,0,0,0,1,0,0,0,0,0,0,0,0,0,0,0,0,0
2025-09-01,2263.0,2025,9,-0.8660254037844384,-0.5000000000000004,80,0,0,1,0,1086.0,703.0,618.0,2704.0,802.3333333333334,249.31171920563037,2088.1666666666665,1747.2766714709553,0,0,0,0,0,1,0,0,0,0,0,0,0,0,0,0,0,0,0
2025-10-01,6368.0,2025,10,-1.0,-1.8369701987210297e-16,81,0,0,1,0,2263.0,1086.0,703.0,6017.0,1350.6666666666667,812.9799095508259,1680.5,1218.9770711543154,0,0,0,0,0,1,0,0,0,0,0,0,0,0,0,0,0,0,0
2025-11-01,4134.0,2025,11,-0.8660254037844386,0.5000000000000001,82,0,0,1,0,6368.0,2263.0,1086.0,3926.0,3239.0,2772.961052737658,2102.6666666666665,2176.738998287719,0,0,0,0,0,1,0,0,0,0,0,0,0,0,0,0,0,0,0
2025-12-01,1252.0,2025,12,-0.5000000000000004,0.8660254037844384,83,0,0,0,0,4134.0,6368.0,2263.0,1339.0,4255.0,2055.173228708457,2528.6666666666665,2300.1368365092158,0,0,0,0,0,1,0,0,0,0,0,0,0,0,0,0,0,0,0
2020-01-01,16882.0,2020,1,0.0,1.0,12,0,0,0,0,23423.0,19679.0,15612.0,17690.0,19571.333333333332,3906.6128978097304,21147.166666666668,4171.265727170429,0,0,0,0,0,0,1,0,0,0,0,0,0,0,0,0,0,0,0
2020-02-01,14886.0,2020,2,0.49999999999999994,0.8660254037844387,13,0,0,0,0,16882.0,23423.0,19679.0,17659.0,19994.666666666668,3281.9055948234322,20274.666666666668,4464.993198949653,0,0,0,0,0,0,1,0,0,0,0,0,0,0,0,0,0,0,0
2020-03-01,6814.0,2020,3,0.8660254037844386,0.5000000000000001,14,1,1,0,0,14886.0,16882.0,23423.0,18256.0,18397.0,4465.591898057861,18163.166666666668,3129.367438743277,0,0,0,0,0,0,1,0,0,0,0,0,0,0,0,0,0,0,0
2020-04-01,2.0,2020,4,1.0,6.123233995736766e-17,15,1,1,0,0,6814.0,14886.0,16882.0,17128.0,12860.666666666666,5330.8195742618545,16216.0,5566.1134375792235,0,0,0,0,0,0,1,0,0,0,0,0,0,0,0,0,0,0,0
2020-05-01,7.0,2020,5,0.8660254037844387,-0.4999999999999998,16,1,1,0,0,2.0,6814.0,14886.0,26021.0,7234.0,7450.883437552892,13614.333333333334,8681.302406129316,0,0,0,0,0,0,1,0,0,0,0,0,0,0,0,0,0,0,0
2020-06-01,26.0,2020,6,0.49999999999999994,-0.8660254037844387,17,1,0,0,1,7.0,2.0,6814.0,30513.0,2274.3333333333335,3931.46745291543,10335.666666666666,9599.025631107914,0,0,0,0,0,0,1,0,0,0,0,0,0,0,0,0,0,0,0
2020-07-01,26.0,2020,7,1.2246467991473532e-16,-1.0,18,1,0,0,1,26.0,7.0,2.0,22117.0,11.666666666666666,12.662279942369295,6436.166666666667,7803.599129034417,0,0,0,0,0,0,1,0,0,0,0,0,0,0,0,0,0,0,0
2020-08-01,23.0,2020,8,-0.4999999999999997,-0.8660254037844388,19,1,0,0,1,26.0,26.0,7.0,27555.0,19.666666666666668,10.969655114858218,3626.8333333333335,6149.820758905639,0,0,0,0,0,0,1,0,0,0,0,0,0,0,0,0,0,0,0
2020-09-01,41.0,2020,9,-0.8660254037844384,-0.5000000000000004,20,1,0,1,0,23.0,26.0,26.0,18497.0,25.0,1.7320508091873703,1149.6666666666667,2774.9641198881745,0,0,0,0,0,0,1,0,0,0,0,0,0,0,0,0,0,0,0
2020-10-01,107.0,2020,10,-1.0,-1.8369701987210297e-16,21,1,0,1,0,41.0,23.0,26.0,15612.0,30.0,9.64365076128388,20.833333333333332,14.218532510773489,0,0,0,0,0,0,1,0,0,0,0,0,0,0,0,0,0,0,0
2020-11-01,125.0,2020,11,-0.8660254037844386,0.5000000000000001,22,1,0,1,0,107.0,41.0,23.0,19679.0,57.0,44.22668877505567,38.333333333333336,35.33647784881528,0,0,0,0,0,0,1,0,0,0,0,0,0,0,0,0,0,0,0
2020-12-01,1397.0,2020,12,-0.5000000000000004,0.8660254037844384,23,1,0,0,0,125.0,107.0,41.0,23423.0,91.0,44.22668877505602,58.0,45.72089238075984,0,0,0,0,0,0,1,0,0,0,0,0,0,0,0,0,0,0,0
2021-01-01,4029.0,2021,1,0.0,1.0,24,1,0,0,0,1397.0,125.0,107.0,16882.0,543.0,739.6404531933107,286.5,545.7243809837449,0,0,0,0,0,0,1,0,0,0,0,0,0,0,0,0,0,0,0
2021-02-01,4767.0,2021,2,0.49999999999999994,0.8660254037844387,25,1,0,0,0,4029.0,1397.0,125.0,14886.0,1850.3333333333333,1991.089484009531,953.6666666666666,1597.301056991685,0,0,0,0,0,0,1,0,0,0,0,0,0,0,0,0,0,0,0
2021-03-01,7652.0,2021,3,0.8660254037844386,0.5000000000000001,26,1,1,0,0,4767.0,4029.0,1397.0,6814.0,3397.6666666666665,1771.4856288814035,1744.3333333333333,2129.8498225618514,0,0,0,0,0,0,1,0,0,0,0,0,0,0,0,0,0,0,0
2021-04-01,13173.0,2021,4,1.0,6.123233995736766e-17,27,1,1,0,0,7652.0,4767.0,4029.0,2.0,5482.666666666667,1914.5929941722186,3012.8333333333335,3000.864169979498,0,0,0,0,0,0,1,0,0,0,0,0,0,0,0,0,0,0,0
2021-05-01,587.0,2021,5,0.8660254037844387,-0.4999999999999998,28,1,1,0,0,13173.0,7652.0,4767.0,7.0,8530.666666666666,4271.3288720646815,5190.5,4719.2723061929855,0,0,0,0,0,0,1,0,0,0,0,0,0,0,0,0,0,0,0
2021-06-01,363.0,2021,6,0.49999999999999994,-0.8660254037844387,29,1,0,0,1,587.0,13173.0,7652.0,26.0,7137.333333333333,6308.76456474113,5267.5,4622.87796724076,0,0,0,0,0,0,1,0,0,0,0,0,0,0,0,0,0,0,0
2021-07-01,1106.0,2021,7,1.2246467991473532e-16,-1.0,30,1,0,0,1,363.0,587.0,13173.0,26.0,4707.666666666667,7332.049190596947,5095.166666666667,4811.448032210961,0,0,0,0,0,0,1,0,0,0,0,0,0,0,0,0,0,0,0
2021-08-01,1990.0,2021,8,-0.4999999999999997,-0.8660254037844388,31,1,0,0,1,1106.0,363.0,587.0,23.0,685.3333333333334,381.1355839243496,4608.0,5081.395713777865,0,0,0,0,0,0,1,0,0,0,0,0,0,0,0,0,0,0,0
2021-09-01,3532.0,2021,9,-0.8660254037844384,-0.5000000000000004,32,1,0,1,0,1990.0,1106.0,363.0,41.0,1153.0,814.5176486731395,4145.166666666667,5189.340359493365,0,0,0,0,0,0,1,0,0,0,0,0,0,0,0,0,0,0,0
2021-10-01,8739.0,2021,10,-1.0,-1.8369701987210297e-16,33,1,0,1,0,3532.0,1990.0,1106.0,107.0,2209.3333333333335,1227.78228254579,3458.5,4896.841706651346,0,0,0,0,0,0,1,0,0,0,0,0,0,0,0,0,0,0,0
2021-11-01,10420.0,2021,11,-0.8660254037844386,0.5000000000000001,34,1,0,1,0,8739.0,3532.0,1990.0,125.0,4753.666666666667,3536.4674936062033,2719.5,3166.4092439228493,0,0,0,0,0,0,1,0,0,0,0,0,0,0,0,0,0,0,0
2021-12-01,8314.0,2021,12,-0.5000000000000004,0.8660254037844384,35,1,0,0,0,10420.0,8739.0,3532.0,1397.0,7563.666666666667,3591.266118423046,4358.333333333333,4213.460177415556,0,0,0,0,0,0,1,0,0,0,0,0,0,0,0,0,0,0,0
2022-01-01,3915.0,2022,1,0.0,1.0,36,1,0,0,0,8314.0,10420.0,8739.0,4029.0,9157.666666666666,1113.6742492009616,5683.5,3947.516776405143,0,0,0,0,0,0,1,0,0,0,0,0,0,0,0,0,0,0,0
2022-02-01,6015.0,2022,2,0.49999999999999994,0.8660254037844387,37,1,0,0,0,3915.0,8314.0,10420.0,4767.0,7549.666666666667,3319.1731400054036,6151.666666666667,3428.5113193143634,0,0,0,0,0,0,1,0,0,0,0,0,0,0,0,0,0,0,0
2022-03-01,15034.0,2022,3,0.8660254037844386,0.5000000000000001,38,0,1,0,0,6015.0,3915.0,8314.0,7652.0,6081.333333333333,2200.250061546036,6822.5,2784.692209203747,0,0,0,0,0,0,1,0,0,0,0,0,0,0,0,0,0,0,0
2022-04-01,22476.0,2022,4,1.0,6.123233995736766e-17,39,0,1,0,0,15034.0,6015.0,3915.0,13173.0,8321.333333333334,5907.403857307652,8739.5,3829.4793771477653,0,0,0,0,0,0,1,0,0,0,0,0,0,0,0,0,0,0,0
2022-05-01,26754.0,2022,5,0.8660254037844387,-0.4999999999999998,40,0,1,0,0,22476.0,15034.0,6015.0,587.0,14508.333333333334,8243.080391051231,11029.0,6790.657287774138,0,0,0,0,0,0,1,0,0,0,0,0,0,0,0,0,0,0,0
2022-06-01,23248.0,2022,6,0.49999999999999994,-0.8660254037844387,41,0,0,0,1,26754.0,22476.0,15034.0,363.0,21421.333333333332,5930.7538587715235,13751.333333333334,9305.947381468835,0,0,0,0,0,0,1,0,0,0,0,0,0,0,0,0,0,0,0
2022-07-01,17399.0,2022,7,1.2246467991473532e-16,-1.0,42,0,0,0,1,23248.0,26754.0,22476.0,1106.0,24159.333333333332,2279.959941168554,16240.333333333334,9554.628630494577,0,0,0,0,0,0,1,0,0,0,0,0,0,0,0,0,0,0,0
2022-08-01,16147.0,2022,8,-0.4999999999999997,-0.8660254037844388,43,0,0,0,1,17399.0,23248.0,26754.0,1990.0,22467.0,4726.148220274094,18487.666666666668,7424.018660177697,0,0,0,0,0,0,1,0,0,0,0,0,0,0,0,0,0,0,0
2022-09-01,14471.0,2022,9,-0.8660254037844384,-0.5000000000000004,44,0,0,1,0,16147.0,17399.0,23248.0,3532.0,18931.333333333332,3790.3936910739653,20176.333333333332,4655.792120216134,0,0,0,0,0,0,1,0,0,0,0,0,0,0,0,0,0,0,0
2022-10-01,16910.0,2022,10,-1.0,-1.8369701987210297e-16,45,0,0,1,0,14471.0,16147.0,17399.0,8739.0,16005.666666666666,1469.1076656710059,20082.5,4784.065415522658,0,0,0,0,0,0,1,0,0,0,0,0,0,0,0,0,0,0,0
2022-11-01,20532.0,2022,11,-0.8660254037844386,0.5000000000000001,46,0,0,1,0,16910.0,14471.0,16147.0,10420.0,15842.666666666666,1247.655534726357,19154.833333333332,4766.737476164033,0,0,0,0,0,0,1,0,0,0,0,0,0,0,0,0,0,0,0
2022-12-01,26433.0,2022,12,-0.5000000000000004,0.8660254037844384,47,0,0,0,0,20532.0,16910.0,14471.0,8314.0,17304.333333333332,3049.6810215714877,18117.833333333332,3203.3098767784954,0,0,0,0,0,0,1,0,0,0,0,0,0,0,0,0,0,0,0
2023-01-01,16436.0,2023,1,0.0,1.0,48,0,0,0,0,26433.0,20532.0,16910.0,3915.0,21291.666666666668,4806.7351012234185,18648.666666666668,4299.736115933937,0,0,0,0,0,0,1,0,0,0,0,0,0,0,0,0,0,0,0
2023-02-01,18401.0,2023,2,0.49999999999999994,0.8660254037844387,49,0,0,0,0,16436.0,26433.0,20532.0,6015.0,21133.666666666668,5025.584974242632,18488.166666666668,4373.061143714624,0,0,0,0,0,0,1,0,0,0,0,0,0,0,0,0,0,0,0
2023-03-01,25911.0,2023,3,0.8660254037844386,0.5000000000000001,50,0,1,0,0,18401.0,16436.0,26433.0,15034.0,20423.333333333332,5296.449408172734,18863.833333333332,4226.06443001839,0,0,0,0,0,0,1,0,0,0,0,0,0,0,0,0,0,0,0
2023-04-01,31437.0,2023,4,1.0,6.123233995736766e-17,51,0,1,0,0,25911.0,18401.0,16436.0,22476.0,20249.333333333332,5000.615795412932,20770.5,4423.831133757253,0,0,0,0,0,0,1,0,0,0,0,0,0,0,0,0,0,0,0
2023-05-01,36575.0,2023,5,0.8660254037844387,-0.4999999999999998,52,0,1,0,0,31437.0,25911.0,18401.0,26754.0,25249.666666666668,6543.114345121389,23191.666666666668,5684.1865439715,0,0,0,0,0,0,1,0,0,0,0,0,0,0,0,0,0,0,0
2023-06-01,38845.0,2023,6,0.49999999999999994,-0.8660254037844387,53,0,0,0,1,36575.0,31437.0,25911.0,23248.0,31307.666666666668,5333.176289354524,25865.5,7624.871926793262,0,0,0,0,0,0,1,0,0,0,0,0,0,0,0,0,0,0,0
2023-07-01,21357.0,2023,7,1.2246467991473532e-16,-1.0,54,0,0,0,1,38845.0,36575.0,31437.0,17399.0,35619.0,3795.4009010906807,27934.166666666668,9307.657415626483,0,0,0,0,0,0,1,0,0,0,0,0,0,0,0,0,0,0,0
2023-08-01,26665.0,2023,8,-0.4999999999999997,-0.8660254037844388,55,0,0,0,1,21357.0,38845.0,36575.0,16147.0,32259.0,9509.38631037776,28754.333333333332,8248.365623968586,0,0,0,0,0,0,1,0,0,0,0,0,0,0,0,0,0,0,0
2023-09-01,28694.0,2023,9,-0.8660254037844384,-0.5000000000000004,56,0,0,1,0,26665.0,21357.0,38845.0,14471.0,28955.666666666668,8966.208860679819,30131.666666666668,6722.6363479416805,0,0,0,0,0,0,1,0,0,0,0,0,0,0,0,0,0,0,0
2023-10-01,18480.0,2023,10,-1.0,-1.8369701987210297e-16,57,0,0,1,0,28694.0,26665.0,21357.0,16910.0,25572.0,3788.6513431562894,30595.5,6464.227834784289,0,0,0,0,0,0,1,0,0,0,0,0,0,0,0,0,0,0,0
2023-11-01,24443.0,2023,11,-0.8660254037844386,0.5000000000000001,58,0,0,1,0,18480.0,28694.0,26665.0,20532.0,24613.0,5407.353973987643,28436.0,8087.370202976987,0,0,0,0,0,0,1,0,0,0,0,0,0,0,0,0,0,0,0
2023-12-01,32692.0,2023,12,-0.5000000000000004,0.8660254037844384,59,0,0,0,0,24443.0,18480.0,28694.0,26433.0,23872.333333333332,5130.857075901968,26414.0,7102.078681625547,0,0,0,0,0,0,1,0,0,0,0,0,0,0,0,0,0,0,0
2024-01-01,24139.0,2024,1,0.0,1.0,60,0,0,0,0,32692.0,24443.0,18480.0,16436.0,25205.0,7136.576139858661,25388.5,5114.122202294357,0,0,0,0,0,0,1,0,0,0,0,0,0,0,0,0,0,0,0
2024-02-01,25578.0,2024,2,0.49999999999999994,0.8660254037844387,61,0,0,0,0,24139.0,32692.0,24443.0,18401.0,27091.333333333332,4852.700725712773,25852.166666666668,4791.441679355676,0,0,0,0,0,0,1,0,0,0,0,0,0,0,0,0,0,0,0
2024-03-01,30699.0,2024,3,0.8660254037844386,0.5000000000000001,62,0,1,0,0,25578.0,24139.0,32692.0,25911.0,27469.666666666668,4579.547393938978,25671.0,4775.083412884017,0,0,0,0,0,0,1,0,0,0,0,0,0,0,0,0,0,0,0
2024-04-01,30165.0,2024,4,1.0,6.123233995736766e-17,63,0,1,0,0,30699.0,25578.0,24139.0,31437.0,26805.333333333332,3447.9211611249593,26005.166666666668,5088.79865652658,0,0,0,0,0,0,1,0,0,0,0,0,0,0,0,0,0,0,0
2024-05-01,38288.0,2024,5,0.8660254037844387,-0.4999999999999998,64,0,1,0,0,30165.0,30699.0,25578.0,36575.0,28814.0,2815.148486314702,27952.666666666668,3671.4820259217786,0,0,0,0,0,0,1,0,0,0,0,0,0,0,0,0,0,0,0
2024-06-01,37834.0,2024,6,0.49999999999999994,-0.8660254037844387,65,0,0,0,1,38288.0,30165.0,30699.0,38845.0,33050.666666666664,4543.515635863191,30260.166666666668,5098.096092333553,0,0,0,0,0,0,1,0,0,0,0,0,0,0,0,0,0,0,0
2024-07-01,21491.0,2024,7,1.2246467991473532e-16,-1.0,66,0,0,0,1,37834.0,38288.0,30165.0,21357.0,35429.0,4564.405875905425,31117.166666666668,5949.711973420783,0,0,0,0,0,0,1,0,0,0,0,0,0,0,0,0,0,0,0
2024-08-01,25833.0,2024,8,-0.4999999999999997,-0.8660254037844388,67,0,0,0,1,21491.0,37834.0,38288.0,26665.0,32537.666666666668,9569.386727127989,30675.833333333332,6630.158170561743,0,0,0,0,0,0,1,0,0,0,0,0,0,0,0,0,0,0,0
2024-09-01,22985.0,2024,9,-0.8660254037844384,-0.5000000000000004,68,0,0,1,0,25833.0,21491.0,37834.0,28694.0,28386.0,8465.327459702901,30718.333333333332,6591.650466056785,0,0,0,0,0,0,1,0,0,0,0,0,0,0,0,0,0,0,0
2024-10-01,16313.0,2024,10,-1.0,-1.8369701987210297e-16,69,0,0,1,0,22985.0,25833.0,21491.0,18480.0,23436.333333333332,2205.905105242136,29432.666666666668,7309.387352348121,0,0,0,0,0,0,1,0,0,0,0,0,0,0,0,0,0,0,0
2024-11-01,19915.0,2024,11,-0.8660254037844386,0.5000000000000001,70,0,0,1,0,16313.0,22985.0,25833.0,24443.0,21710.333333333332,4886.32595447063,27124.0,9019.372572413231,0,0,0,0,0,0,1,0,0,0,0,0,0,0,0,0,0,0,0
2024-12-01,24541.0,2024,12,-0.5000000000000004,0.8660254037844384,71,0,0,0,0,19915.0,16313.0,22985.0,32692.0,19737.666666666668,3339.5331010986115,24061.833333333332,7454.113023470116,0,0,0,0,0,0,1,0,0,0,0,0,0,0,0,0,0,0,0
2025-01-01,20486.0,2025,1,0.0,1.0,72,0,0,0,0,24541.0,19915.0,16313.0,24139.0,20256.333333333332,4124.606324648853,21846.333333333332,3432.9401198778355,0,0,0,0,0,0,1,0,0,0,0,0,0,0,0,0,0,0,0
2025-02-01,19885.0,2025,2,0.49999999999999994,0.8660254037844387,73,0,0,0,0,20486.0,24541.0,19915.0,25578.0,21647.333333333332,2522.1995030792705,21678.833333333332,3477.967706386425,0,0,0,0,0,0,1,0,0,0,0,0,0,0,0,0,0,0,0
2025-03-01,21414.0,2025,3,0.8660254037844386,0.5000000000000001,74,0,1,0,0,19885.0,20486.0,24541.0,30699.0,21637.333333333332,2532.5402925389594,20687.5,2847.6510846661336,0,0,0,0,0,0,1,0,0,0,0,0,0,0,0,0,0,0,0
2025-04-01,25933.0,2025,4,1.0,6.123233995736766e-17,75,0,1,0,0,21414.0,19885.0,20486.0,30165.0,20595.0,770.3057834392672,20425.666666666668,2660.208237463165,0,0,0,0,0,0,1,0,0,0,0,0,0,0,0,0,0,0,0
2025-05-01,28160.0,2025,5,0.8660254037844387,-0.4999999999999998,76,0,1,0,0,25933.0,21414.0,19885.0,38288.0,22410.666666666668,3144.7709508537046,22029.0,2583.647266946515,0,0,0,0,0,0,1,0,0,0,0,0,0,0,0,0,0,0,0
2025-06-01,32662.0,2025,6,0.49999999999999994,-0.8660254037844387,77,0,0,0,1,28160.0,25933.0,21414.0,37834.0,25169.0,3437.2810475723363,23403.166666666668,3321.6359473408365,0,0,0,0,0,0,1,0,0,0,0,0,0,0,0,0,0,0,0
2025-07-01,27152.0,2025,7,1.2246467991473532e-16,-1.0,78,0,0,0,1,32662.0,28160.0,25933.0,21491.0,28918.333333333332,3427.99683974961,24756.666666666668,5071.604939924526,0,0,0,0,0,0,1,0,0,0,0,0,0,0,0,0,0,0,0
2025-08-01,35506.0,2025,8,-0.4999999999999997,-0.8660254037844388,79,0,0,0,1,27152.0,32662.0,28160.0,25833.0,29324.666666666668,2933.8304881729823,25867.666666666668,4662.595528958827,0,0,0,0,0,0,1,0,0,0,0,0,0,0,0,0,0,0,0
2025-09-01,15797.0,2025,9,-0.8660254037844384,-0.5000000000000004,80,0,0,1,0,35506.0,27152.0,32662.0,22985.0,31773.333333333332,4247.308010179309,28471.166666666668,5002.6968893454705,0,0,0,0,0,0,1,0,0,0,0,0,0,0,0,0,0,0,0
2025-10-01,17300.0,2025,10,-1.0,-1.8369701987210297e-16,81,0,0,1,0,15797.0,35506.0,27152.0,16313.0,26151.666666666668,9892.50576615113,27535.0,6792.751018549125,0,0,0,0,0,0,1,0,0,0,0,0,0,0,0,0,0,0,0
2025-11-01,18995.0,2025,11,-0.8660254037844386,0.5000000000000001,82,0,0,1,0,17300.0,15797.0,35506.0,19915.0,22867.666666666668,10970.886670334961,26096.166666666668,8005.931611415804,0,0,0,0,0,0,1,0,0,0,0,0,0,0,0,0,0,0,0
2025-12-01,30094.0,2025,12,-0.5000000000000004,0.8660254037844384,83,0,0,0,0,18995.0,17300.0,15797.0,24541.0,17364.0,1599.9603120077745,24568.666666666668,8398.122734675104,0,0,0,0,0,0,1,0,0,0,0,0,0,0,0,0,0,0,0
2020-01-01,655.0,2020,1,0.0,1.0,12,0,0,0,0,1426.0,1868.0,2375.0,660.0,1889.6666666666667,474.8708596380153,1544.0,707.9841806143172,0,0,0,0,0,0,0,1,0,0,0,0,0,0,0,0,0,0,0
2020-02-01,657.0,2020,2,0.49999999999999994,0.8660254037844387,13,0,0,0,0,655.0,1426.0,1868.0,931.0,1316.3333333333333,613.8911412729033,1558.3333333333333,684.7877530058441,0,0,0,0,0,0,0,1,0,0,0,0,0,0,0,0,0,0,0
2020-03-01,250.0,2020,3,0.8660254037844386,0.5000000000000001,14,1,1,0,0,657.0,655.0,1426.0,1483.0,912.6666666666666,444.56083198292174,1314.0,704.2772181464665,0,0,0,0,0,0,0,1,0,0,0,0,0,0,0,0,0,0,0
2020-04-01,0.0,2020,4,1.0,6.123233995736766e-17,15,1,1,0,0,250.0,657.0,655.0,2050.0,520.6666666666666,234.40634234881009,1205.1666666666667,821.2355123025258,0,0,0,0,0,0,0,1,0,0,0,0,0,0,0,0,0,0,0
2020-05-01,0.0,2020,5,0.8660254037844387,-0.4999999999999998,16,1,1,0,0,0.0,250.0,657.0,784.0,302.3333333333333,331.6117207418151,809.3333333333334,709.3590534185003,0,0,0,0,0,0,0,1,0,0,0,0,0,0,0,0,0,0,0
2020-06-01,0.0,2020,6,0.49999999999999994,-0.8660254037844387,17,1,0,0,1,0.0,0.0,250.0,504.0,83.33333333333333,144.33756729745545,498.0,541.9642054602159,0,0,0,0,0,0,0,1,0,0,0,0,0,0,0,0,0,0,0
2020-07-01,0.0,2020,7,1.2246467991473532e-16,-1.0,18,1,0,0,1,0.0,0.0,0.0,569.0,0.0,0.0,260.3333333333333,321.41354462248313,0,0,0,0,0,0,0,1,0,0,0,0,0,0,0,0,0,0,0
2020-08-01,0.0,2020,8,-0.4999999999999997,-0.8660254037844388,19,1,0,0,1,0.0,0.0,0.0,2123.0,0.0,0.0,151.16666666666666,267.22306537196334,0,0,0,0,0,0,0,1,0,0,0,0,0,0,0,0,0,0,0
2020-09-01,1.0,2020,9,-0.8660254037844384,-0.5000000000000004,20,1,0,1,0,0.0,0.0,0.0,903.0,0.0,0.0,41.666666666666664,102.06207261656144,0,0,0,0,0,0,0,1,0,0,0,0,0,0,0,0,0,0,0
2020-10-01,13.0,2020,10,-1.0,-1.8369701987210297e-16,21,1,0,1,0,1.0,0.0,0.0,2375.0,0.3333333333333333,0.577350281426552,0.16666666666666666,0.4082484392243509,0,0,0,0,0,0,0,1,0,0,0,0,0,0,0,0,0,0,0
2020-11-01,8.0,2020,11,-0.8660254037844386,0.5000000000000001,22,1,0,1,0,13.0,1.0,0.0,1868.0,4.666666666666667,7.234178139046917,2.3333333333333335,5.240865080130947,0,0,0,0,0,0,0,1,0,0,0,0,0,0,0,0,0,0,0
2020-12-01,15.0,2020,12,-0.5000000000000004,0.8660254037844384,23,1,0,0,0,8.0,13.0,1.0,1426.0,7.333333333333333,6.027713774513925,3.6666666666666665,5.537749252913151,0,0,0,0,0,0,0,1,0,0,0,0,0,0,0,0,0,0,0
2021-01-01,29.0,2021,1,0.0,1.0,24,1,0,0,0,15.0,8.0,13.0,655.0,12.0,3.6055512774238343,6.166666666666667,6.794605712486049,0,0,0,0,0,0,0,1,0,0,0,0,0,0,0,0,0,0,0
2021-02-01,32.0,2021,2,0.49999999999999994,0.8660254037844387,25,1,0,0,0,29.0,15.0,8.0,657.0,17.333333333333332,10.692676622224539,11.0,10.71447619445284,0,0,0,0,0,0,0,1,0,0,0,0,0,0,0,0,0,0,0
2021-03-01,54.0,2021,3,0.8660254037844386,0.5000000000000001,26,1,1,0,0,32.0,29.0,15.0,250.0,25.333333333333332,9.073771726656396,16.333333333333332,12.027745706830526,0,0,0,0,0,0,0,1,0,0,0,0,0,0,0,0,0,0,0
2021-04-01,55.0,2021,4,1.0,6.123233995736766e-17,27,1,1,0,0,54.0,32.0,29.0,0.0,38.333333333333336,13.650396820146728,25.166666666666668,16.963686709798903,0,0,0,0,0,0,0,1,0,0,0,0,0,0,0,0,0,0,0
2021-05-01,6.0,2021,5,0.8660254037844387,-0.4999999999999998,28,1,1,0,0,55.0,54.0,32.0,0.0,47.0,13.000000000543867,32.166666666666664,19.425927694404457,0,0,0,0,0,0,0,1,0,0,0,0,0,0,0,0,0,0,0
2021-06-01,6.0,2021,6,0.49999999999999994,-0.8660254037844387,29,1,0,0,1,6.0,55.0,54.0,0.0,38.333333333333336,28.005951748645714,31.833333333333332,19.934057960892687,0,0,0,0,0,0,0,1,0,0,0,0,0,0,0,0,0,0,0
2021-07-01,9.0,2021,7,1.2246467991473532e-16,-1.0,30,1,0,0,1,6.0,6.0,55.0,0.0,22.333333333333332,28.290163190541485,30.333333333333332,21.713283187676254,0,0,0,0,0,0,0,1,0,0,0,0,0,0,0,0,0,0,0
2021-08-01,33.0,2021,8,-0.4999999999999997,-0.8660254037844388,31,1,0,0,1,9.0,6.0,6.0,0.0,7.0,1.7320508116482902,27.0,23.42648074554834,0,0,0,0,0,0,0,1,0,0,0,0,0,0,0,0,0,0,0
2021-09-01,68.0,2021,9,-0.8660254037844384,-0.5000000000000004,32,1,0,1,0,33.0,9.0,6.0,1.0,16.0,14.798648587426271,27.166666666666668,23.47267915658999,0,0,0,0,0,0,0,1,0,0,0,0,0,0,0,0,0,0,0
2021-10-01,98.0,2021,10,-1.0,-1.8369701987210297e-16,33,1,0,1,0,68.0,33.0,9.0,13.0,36.666666666666664,29.67041174886981,29.5,27.090588773992252,0,0,0,0,0,0,0,1,0,0,0,0,0,0,0,0,0,0,0
2021-11-01,142.0,2021,11,-0.8660254037844386,0.5000000000000001,34,1,0,1,0,98.0,68.0,33.0,8.0,66.33333333333333,32.53203549345596,36.666666666666664,38.479431736815506,0,0,0,0,0,0,0,1,0,0,0,0,0,0,0,0,0,0,0
2021-12-01,81.0,2021,12,-0.5000000000000004,0.8660254037844384,35,1,0,0,0,142.0,98.0,68.0,15.0,102.66666666666667,37.220066272744425,59.333333333333336,53.80582372558119,0,0,0,0,0,0,0,1,0,0,0,0,0,0,0,0,0,0,0
2022-01-01,66.0,2022,1,0.0,1.0,36,1,0,0,0,81.0,142.0,98.0,29.0,107.0,31.48015247761921,71.83333333333333,47.2500440929779,0,0,0,0,0,0,0,1,0,0,0,0,0,0,0,0,0,0,0
2022-02-01,72.0,2022,2,0.49999999999999994,0.8660254037844387,37,1,0,0,0,66.0,81.0,142.0,32.0,96.33333333333333,40.25336424881137,81.33333333333333,36.6260380984401,0,0,0,0,0,0,0,1,0,0,0,0,0,0,0,0,0,0,0
2022-03-01,234.0,2022,3,0.8660254037844386,0.5000000000000001,38,0,1,0,0,72.0,66.0,81.0,54.0,73.0,7.549834436207663,87.83333333333333,28.99942528376047,0,0,0,0,0,0,0,1,0,0,0,0,0,0,0,0,0,0,0
2022-04-01,508.0,2022,4,1.0,6.123233995736766e-17,39,0,1,0,0,234.0,72.0,66.0,55.0,124.0,95.31002045962512,115.5,64.16151494565747,0,0,0,0,0,0,0,1,0,0,0,0,0,0,0,0,0,0,0
2022-05-01,368.0,2022,5,0.8660254037844387,-0.4999999999999998,40,0,1,0,0,508.0,234.0,72.0,6.0,271.3333333333333,220.3845124625311,183.83333333333334,171.06538710910723,0,0,0,0,0,0,0,1,0,0,0,0,0,0,0,0,0,0,0
2022-06-01,181.0,2022,6,0.49999999999999994,-0.8660254037844387,41,0,0,0,1,368.0,508.0,234.0,6.0,370.0,137.01094846768348,221.5,184.37543220321456,0,0,0,0,0,0,0,1,0,0,0,0,0,0,0,0,0,0,0
2022-07-01,350.0,2022,7,1.2246467991473532e-16,-1.0,42,0,0,0,1,181.0,368.0,508.0,9.0,352.3333333333333,164.06198015794988,238.16666666666666,173.32330099207346,0,0,0,0,0,0,0,1,0,0,0,0,0,0,0,0,0,0,0
2022-08-01,941.0,2022,8,-0.4999999999999997,-0.8660254037844388,43,0,0,0,1,350.0,181.0,368.0,33.0,299.6666666666667,103.16168539408189,285.5,154.67869924499098,0,0,0,0,0,0,0,1,0,0,0,0,0,0,0,0,0,0,0
2022-09-01,538.0,2022,9,-0.8660254037844384,-0.5000000000000004,44,0,0,1,0,941.0,350.0,181.0,68.0,490.6666666666667,399.04928684731107,430.3333333333333,274.9055595414351,0,0,0,0,0,0,0,1,0,0,0,0,0,0,0,0,0,0,0
2022-10-01,1471.0,2022,10,-1.0,-1.8369701987210297e-16,45,0,0,1,0,538.0,941.0,350.0,98.0,609.6666666666666,301.9475671922984,481.0,259.03976528734546,0,0,0,0,0,0,0,1,0,0,0,0,0,0,0,0,0,0,0
2022-11-01,833.0,2022,11,-0.8660254037844386,0.5000000000000001,46,0,0,1,0,1471.0,538.0,941.0,142.0,983.3333333333334,467.93838625757934,641.5,481.72969599156283,0,0,0,0,0,0,0,1,0,0,0,0,0,0,0,0,0,0,0
2022-12-01,826.0,2022,12,-0.5000000000000004,0.8660254037844384,47,0,0,0,0,833.0,1471.0,538.0,81.0,947.3333333333334,476.89237080639856,719.0,466.07939237872745,0,0,0,0,0,0,0,1,0,0,0,0,0,0,0,0,0,0,0
2023-01-01,414.0,2023,1,0.0,1.0,48,0,0,0,0,826.0,833.0,1471.0,66.0,1043.3333333333333,370.38673482368057,826.5,384.4001821020955,0,0,0,0,0,0,0,1,0,0,0,0,0,0,0,0,0,0,0
2023-02-01,649.0,2023,2,0.49999999999999994,0.8660254037844387,49,0,0,0,0,414.0,826.0,833.0,72.0,691.0,239.91456812793606,837.1666666666666,369.1175512852117,0,0,0,0,0,0,0,1,0,0,0,0,0,0,0,0,0,0,0
2023-03-01,1219.0,2023,3,0.8660254037844386,0.5000000000000001,50,0,1,0,0,649.0,414.0,826.0,234.0,629.6666666666666,206.67930068912898,788.5,371.92835331569444,0,0,0,0,0,0,0,1,0,0,0,0,0,0,0,0,0,0,0
2023-04-01,1435.0,2023,4,1.0,6.123233995736766e-17,51,0,1,0,0,1219.0,649.0,414.0,508.0,760.6666666666666,413.9545063570965,902.0,383.9114481232937,0,0,0,0,0,0,0,1,0,0,0,0,0,0,0,0,0,0,0
2023-05-01,614.0,2023,5,0.8660254037844387,-0.4999999999999998,52,0,1,0,0,1435.0,1219.0,649.0,368.0,1101.0,406.06895966081214,896.0,373.3770212534837,0,0,0,0,0,0,0,1,0,0,0,0,0,0,0,0,0,0,0
2023-06-01,220.0,2023,6,0.49999999999999994,-0.8660254037844387,53,0,0,0,1,614.0,1435.0,1219.0,181.0,1089.3333333333333,425.5823461251037,859.5,391.0533211726046,0,0,0,0,0,0,0,1,0,0,0,0,0,0,0,0,0,0,0
2023-07-01,604.0,2023,7,1.2246467991473532e-16,-1.0,54,0,0,0,1,220.0,614.0,1435.0,350.0,756.3333333333334,619.8792893244193,758.5,471.4330281175938,0,0,0,0,0,0,0,1,0,0,0,0,0,0,0,0,0,0,0
2023-08-01,1496.0,2023,8,-0.4999999999999997,-0.8660254037844388,55,0,0,0,1,604.0,220.0,614.0,941.0,479.3333333333333,224.64490497971894,790.1666666666666,449.53728061951745,0,0,0,0,0,0,0,1,0,0,0,0,0,0,0,0,0,0,0
2023-09-01,931.0,2023,9,-0.8660254037844384,-0.5000000000000004,56,0,0,1,0,1496.0,604.0,220.0,538.0,773.3333333333334,654.6367949736306,931.3333333333334,523.2825877733667,0,0,0,0,0,0,0,1,0,0,0,0,0,0,0,0,0,0,0
2023-10-01,2467.0,2023,10,-1.0,-1.8369701987210297e-16,57,0,0,1,0,931.0,1496.0,604.0,1471.0,1010.3333333333334,451.2608262782705,883.3333333333334,504.4893127379321,0,0,0,0,0,0,0,1,0,0,0,0,0,0,0,0,0,0,0
2023-11-01,1686.0,2023,11,-0.8660254037844386,0.5000000000000001,58,0,0,1,0,2467.0,931.0,1496.0,833.0,1631.3333333333333,776.8914553097801,1055.3333333333333,812.2447086111374,0,0,0,0,0,0,0,1,0,0,0,0,0,0,0,0,0,0,0
2023-12-01,1213.0,2023,12,-0.5000000000000004,0.8660254037844384,59,0,0,0,0,1686.0,2467.0,931.0,826.0,1694.6666666666667,768.0366744715699,1234.0,813.6512766536567,0,0,0,0,0,0,0,1,0,0,0,0,0,0,0,0,0,0,0
2024-01-01,517.0,2024,1,0.0,1.0,60,0,0,0,0,1213.0,1686.0,2467.0,414.0,1788.6666666666667,633.2727163974051,1399.5,650.8525946787998,0,0,0,0,0,0,0,1,0,0,0,0,0,0,0,0,0,0,0
2024-02-01,805.0,2024,2,0.49999999999999994,0.8660254037844387,61,0,0,0,0,517.0,1213.0,1686.0,649.0,1138.6666666666667,588.0342960519799,1385.0,672.7213390402642,0,0,0,0,0,0,0,1,0,0,0,0,0,0,0,0,0,0,0
2024-03-01,1581.0,2024,3,0.8660254037844386,0.5000000000000001,62,0,1,0,0,805.0,517.0,1213.0,1219.0,845.0,349.71988791033027,1269.8333333333333,708.1340033262012,0,0,0,0,0,0,0,1,0,0,0,0,0,0,0,0,0,0,0
2024-04-01,1993.0,2024,4,1.0,6.123233995736766e-17,63,0,1,0,0,1581.0,805.0,517.0,1435.0,967.6666666666666,550.3356551536049,1378.1666666666667,695.5384724562637,0,0,0,0,0,0,0,1,0,0,0,0,0,0,0,0,0,0,0
2024-05-01,649.0,2024,5,0.8660254037844387,-0.4999999999999998,64,0,1,0,0,1993.0,1581.0,805.0,614.0,1459.6666666666667,603.2224575837242,1299.1666666666667,561.0498789473111,0,0,0,0,0,0,0,1,0,0,0,0,0,0,0,0,0,0,0
2024-06-01,267.0,2024,6,0.49999999999999994,-0.8660254037844387,65,0,0,0,1,649.0,1993.0,1581.0,220.0,1407.6666666666667,688.5617861407558,1126.3333333333333,577.5349917249965,0,0,0,0,0,0,0,1,0,0,0,0,0,0,0,0,0,0,0
2024-07-01,450.0,2024,7,1.2246467991473532e-16,-1.0,66,0,0,0,1,267.0,649.0,1993.0,604.0,969.6666666666666,906.5811234155207,968.6666666666666,670.7493322149423,0,0,0,0,0,0,0,1,0,0,0,0,0,0,0,0,0,0,0
2024-08-01,1615.0,2024,8,-0.4999999999999997,-0.8660254037844388,67,0,0,0,1,450.0,267.0,649.0,1496.0,455.3333333333333,191.05583826030272,957.5,680.2628168583996,0,0,0,0,0,0,0,1,0,0,0,0,0,0,0,0,0,0,0
2024-09-01,971.0,2024,9,-0.8660254037844384,-0.5000000000000004,68,0,0,1,0,1615.0,450.0,267.0,931.0,777.3333333333334,731.1883022405018,1092.5,722.9782154395283,0,0,0,0,0,0,0,1,0,0,0,0,0,0,0,0,0,0,0
2024-10-01,2635.0,2024,10,-1.0,-1.8369701987210297e-16,69,0,0,1,0,971.0,1615.0,450.0,2467.0,1012.0,583.5811854403929,990.8333333333334,682.2903829505376,0,0,0,0,0,0,0,1,0,0,0,0,0,0,0,0,0,0,0
2024-11-01,1968.0,2024,11,-0.8660254037844386,0.5000000000000001,70,0,0,1,0,2635.0,971.0,1615.0,1686.0,1740.3333333333333,839.0502567387418,1097.8333333333333,889.7025158258191,0,0,0,0,0,0,0,1,0,0,0,0,0,0,0,0,0,0,0
2024-12-01,1021.0,2024,12,-0.5000000000000004,0.8660254037844384,71,0,0,0,0,1968.0,2635.0,971.0,1213.0,1858.0,837.4359677014211,1317.6666666666667,919.0899121776894,0,0,0,0,0,0,0,1,0,0,0,0,0,0,0,0,0,0,0
2025-01-01,525.0,2025,1,0.0,1.0,72,0,0,0,0,1021.0,1968.0,2635.0,517.0,1874.6666666666667,811.0378125176094,1443.3333333333333,789.0487099455859,0,0,0,0,0,0,0,1,0,0,0,0,0,0,0,0,0,0,0
2025-02-01,818.0,2025,2,0.49999999999999994,0.8660254037844387,73,0,0,0,0,525.0,1021.0,1968.0,805.0,1171.3333333333333,733.1523261460388,1455.8333333333333,770.5422549521819,0,0,0,0,0,0,0,1,0,0,0,0,0,0,0,0,0,0,0
2025-03-01,1393.0,2025,3,0.8660254037844386,0.5000000000000001,74,0,1,0,0,818.0,525.0,1021.0,1581.0,788.0,249.35717354833346,1323.0,805.5192114407489,0,0,0,0,0,0,0,1,0,0,0,0,0,0,0,0,0,0,0
2025-04-01,2557.0,2025,4,1.0,6.123233995736766e-17,75,0,1,0,0,1393.0,818.0,525.0,1993.0,912.0,441.56879418728624,1393.3333333333333,786.844499673724,0,0,0,0,0,0,0,1,0,0,0,0,0,0,0,0,0,0,0
2025-05-01,804.0,2025,5,0.8660254037844387,-0.4999999999999998,76,0,1,0,0,2557.0,1393.0,818.0,649.0,1589.3333333333333,885.9685848456188,1380.3333333333333,762.4947650094346,0,0,0,0,0,0,0,1,0,0,0,0,0,0,0,0,0,0,0
2025-06-01,354.0,2025,6,0.49999999999999994,-0.8660254037844387,77,0,0,0,1,804.0,2557.0,1393.0,267.0,1584.6666666666667,892.0786587142125,1186.3333333333333,730.4770130995171,0,0,0,0,0,0,0,1,0,0,0,0,0,0,0,0,0,0,0
2025-07-01,487.0,2025,7,1.2246467991473532e-16,-1.0,78,0,0,0,1,354.0,804.0,2557.0,450.0,1238.3333333333333,1163.952891372047,1075.1666666666667,807.3758521697263,0,0,0,0,0,0,0,1,0,0,0,0,0,0,0,0,0,0,0
2025-08-01,1751.0,2025,8,-0.4999999999999997,-0.8660254037844388,79,0,0,0,1,487.0,354.0,804.0,1615.0,548.3333333333334,231.18463040035076,1068.8333333333333,812.6862658288201,0,0,0,0,0,0,0,1,0,0,0,0,0,0,0,0,0,0,0
2025-09-01,765.0,2025,9,-0.8660254037844384,-0.5000000000000004,80,0,0,1,0,1751.0,487.0,354.0,971.0,864.0,771.037612571536,1224.3333333333333,843.7591283457574,0,0,0,0,0,0,0,1,0,0,0,0,0,0,0,0,0,0,0
2025-10-01,2707.0,2025,10,-1.0,-1.8369701987210297e-16,81,0,0,1,0,765.0,1751.0,487.0,2635.0,1001.0,664.2258651994923,1119.6666666666667,857.4911466987819,0,0,0,0,0,0,0,1,0,0,0,0,0,0,0,0,0,0,0
2025-11-01,1774.0,2025,11,-0.8660254037844386,0.5000000000000001,82,0,0,1,0,2707.0,765.0,1751.0,1968.0,1741.0,971.0386192114169,1144.6666666666667,908.4498151614056,0,0,0,0,0,0,0,1,0,0,0,0,0,0,0,0,0,0,0
2025-12-01,970.0,2025,12,-0.5000000000000004,0.8660254037844384,83,0,0,0,0,1774.0,2707.0,765.0,1021.0,1748.6666666666667,971.2478228203904,1306.3333333333333,921.9105524218672,0,0,0,0,0,0,0,1,0,0,0,0,0,0,0,0,0,0,0
2020-01-01,2003.0,2020,1,0.0,1.0,12,0,0,0,0,3280.0,3701.0,2599.0,2728.0,3193.3333333333335,556.0884222255937,2580.3333333333335,842.8294410299142,0,0,0,0,0,0,0,0,1,0,0,0,0,0,0,0,0,0,0
2020-02-01,2902.0,2020,2,0.49999999999999994,0.8660254037844387,13,0,0,0,0,2003.0,3280.0,3701.0,2871.0,2994.6666666666665,884.229796678075,2698.0,656.5217437375028,0,0,0,0,0,0,0,0,1,0,0,0,0,0,0,0,0,0,0
2020-03-01,557.0,2020,3,0.8660254037844386,0.5000000000000001,14,1,1,0,0,2902.0,2003.0,3280.0,3692.0,2728.3333333333335,655.9743389290082,2806.0,621.2245970662556,0,0,0,0,0,0,0,0,1,0,0,0,0,0,0,0,0,0,0
2020-04-01,0.0,2020,4,1.0,6.123233995736766e-17,15,1,1,0,0,557.0,2902.0,2003.0,2960.0,1820.6666666666667,1183.0850913325496,2507.0,1117.5124160384667,0,0,0,0,0,0,0,0,1,0,0,0,0,0,0,0,0,0,0
2020-05-01,2.0,2020,5,0.8660254037844387,-0.4999999999999998,16,1,1,0,0,0.0,557.0,2902.0,1690.0,1153.0,1540.06915429146,2073.8333333333335,1509.632725753783,0,0,0,0,0,0,0,0,1,0,0,0,0,0,0,0,0,0,0
2020-06-01,0.0,2020,6,0.49999999999999994,-0.8660254037844387,17,1,0,0,1,2.0,0.0,557.0,1111.0,186.33333333333334,321.008307265318,1457.3333333333333,1466.9249015088658,0,0,0,0,0,0,0,0,1,0,0,0,0,0,0,0,0,0,0
2020-07-01,0.0,2020,7,1.2246467991473532e-16,-1.0,18,1,0,0,1,0.0,2.0,0.0,1297.0,0.6666666666666666,1.1547005432498463,910.6666666666666,1246.4335789229983,0,0,0,0,0,0,0,0,1,0,0,0,0,0,0,0,0,0,0
2020-08-01,2.0,2020,8,-0.4999999999999997,-0.8660254037844388,19,1,0,0,1,0.0,0.0,2.0,2254.0,0.6666666666666666,1.1547005432498463,576.8333333333334,1160.640929257104,0,0,0,0,0,0,0,0,1,0,0,0,0,0,0,0,0,0,0
2020-09-01,6.0,2020,9,-0.8660254037844384,-0.5000000000000004,20,1,0,1,0,2.0,0.0,0.0,2351.0,0.6666666666666666,1.1547005432498463,93.5,227.06981305344527,0,0,0,0,0,0,0,0,1,0,0,0,0,0,0,0,0,0,0
2020-10-01,49.0,2020,10,-1.0,-1.8369701987210297e-16,21,1,0,1,0,6.0,2.0,0.0,2599.0,2.6666666666666665,3.0550504651452703,1.6666666666666667,2.3380904159350027,0,0,0,0,0,0,0,0,1,0,0,0,0,0,0,0,0,0,0
2020-11-01,37.0,2020,11,-0.8660254037844386,0.5000000000000001,22,1,0,1,0,49.0,6.0,2.0,3701.0,19.0,26.0576284418071,9.833333333333334,19.31234493253219,0,0,0,0,0,0,0,0,1,0,0,0,0,0,0,0,0,0,0
2020-12-01,41.0,2020,12,-0.5000000000000004,0.8660254037844384,23,1,0,0,0,37.0,49.0,6.0,3280.0,30.666666666666668,22.18858565444459,15.666666666666666,21.620977470806267,0,0,0,0,0,0,0,0,1,0,0,0,0,0,0,0,0,0,0
2021-01-01,42.0,2021,1,0.0,1.0,24,1,0,0,0,41.0,37.0,49.0,2003.0,42.333333333333336,6.110100927533106,22.5,22.151749369439376,0,0,0,0,0,0,0,0,1,0,0,0,0,0,0,0,0,0,0
2021-02-01,28.0,2021,2,0.49999999999999994,0.8660254037844387,25,1,0,0,0,42.0,41.0,37.0,2902.0,40.0,2.6457513132008996,29.5,20.166804410378717,0,0,0,0,0,0,0,0,1,0,0,0,0,0,0,0,0,0,0
2021-03-01,74.0,2021,3,0.8660254037844386,0.5000000000000001,26,1,1,0,0,28.0,42.0,41.0,557.0,37.0,7.810249676630064,33.833333333333336,15.276343371145623,0,0,0,0,0,0,0,0,1,0,0,0,0,0,0,0,0,0,0
2021-04-01,107.0,2021,4,1.0,6.123233995736766e-17,27,1,1,0,0,74.0,28.0,42.0,0.0,48.0,23.579652245343137,45.166666666666664,15.715173139140571,0,0,0,0,0,0,0,0,1,0,0,0,0,0,0,0,0,0,0
2021-05-01,0.0,2021,5,0.8660254037844387,-0.4999999999999998,28,1,1,0,0,107.0,74.0,28.0,2.0,69.66666666666667,39.67786956660703,54.833333333333336,29.942723102503265,0,0,0,0,0,0,0,0,1,0,0,0,0,0,0,0,0,0,0
2021-06-01,13.0,2021,6,0.49999999999999994,-0.8660254037844387,29,1,0,0,1,0.0,107.0,74.0,0.0,60.333333333333336,54.793551932181465,48.666666666666664,37.26481808345738,0,0,0,0,0,0,0,0,1,0,0,0,0,0,0,0,0,0,0
2021-07-01,6.0,2021,7,1.2246467991473532e-16,-1.0,30,1,0,0,1,13.0,0.0,107.0,0.0,40.0,58.38664230807681,44.0,40.06494727472503,0,0,0,0,0,0,0,0,1,0,0,0,0,0,0,0,0,0,0
2021-08-01,24.0,2021,8,-0.4999999999999997,-0.8660254037844388,31,1,0,0,1,6.0,13.0,0.0,2.0,6.333333333333333,6.506407099512749,38.0,43.0116263366835,0,0,0,0,0,0,0,0,1,0,0,0,0,0,0,0,0,0,0
2021-09-01,98.0,2021,9,-0.8660254037844384,-0.5000000000000004,32,1,0,1,0,24.0,6.0,13.0,6.0,14.333333333333334,9.07377172649838,37.333333333333336,43.22807729697391,0,0,0,0,0,0,0,0,1,0,0,0,0,0,0,0,0,0,0
2021-10-01,94.0,2021,10,-1.0,-1.8369701987210297e-16,33,1,0,1,0,98.0,24.0,6.0,49.0,42.666666666666664,48.75790534205343,41.333333333333336,48.13176359529285,0,0,0,0,0,0,0,0,1,0,0,0,0,0,0,0,0,0,0
2021-11-01,159.0,2021,11,-0.8660254037844386,0.5000000000000001,34,1,0,1,0,94.0,98.0,24.0,37.0,72.0,41.61730409350599,39.166666666666664,44.75898420198066,0,0,0,0,0,0,0,0,1,0,0,0,0,0,0,0,0,0,0
2021-12-01,139.0,2021,12,-0.5000000000000004,0.8660254037844384,35,1,0,0,0,159.0,94.0,98.0,41.0,117.0,36.428011200330666,65.66666666666667,61.039877676754905,0,0,0,0,0,0,0,0,1,0,0,0,0,0,0,0,0,0,0
2022-01-01,130.0,2022,1,0.0,1.0,36,1,0,0,0,139.0,159.0,94.0,42.0,130.66666666666666,33.29164059256872,86.66666666666667,60.97103137386836,0,0,0,0,0,0,0,0,1,0,0,0,0,0,0,0,0,0,0
2022-02-01,85.0,2022,2,0.49999999999999994,0.8660254037844387,37,1,0,0,0,130.0,139.0,159.0,28.0,142.66666666666666,14.843629385860698,107.33333333333333,47.73957128832723,0,0,0,0,0,0,0,0,1,0,0,0,0,0,0,0,0,0,0
2022-03-01,190.0,2022,3,0.8660254037844386,0.5000000000000001,38,0,1,0,0,85.0,130.0,139.0,74.0,118.0,28.930952283176186,117.5,29.426178823058706,0,0,0,0,0,0,0,0,1,0,0,0,0,0,0,0,0,0,0
2022-04-01,371.0,2022,4,1.0,6.123233995736766e-17,39,0,1,0,0,190.0,85.0,130.0,107.0,135.0,52.6782687643723,132.83333333333334,39.48375193409717,0,0,0,0,0,0,0,0,1,0,0,0,0,0,0,0,0,0,0
2022-05-01,272.0,2022,5,0.8660254037844387,-0.4999999999999998,40,0,1,0,0,371.0,190.0,85.0,0.0,215.33333333333334,144.673194937227,179.0,100.22175412617132,0,0,0,0,0,0,0,0,1,0,0,0,0,0,0,0,0,0,0
2022-06-01,322.0,2022,6,0.49999999999999994,-0.8660254037844387,41,0,0,0,1,272.0,371.0,190.0,13.0,277.6666666666667,90.63295942064883,197.83333333333334,106.15350520257651,0,0,0,0,0,0,0,0,1,0,0,0,0,0,0,0,0,0,0
2022-07-01,466.0,2022,7,1.2246467991473532e-16,-1.0,42,0,0,0,1,322.0,272.0,371.0,6.0,321.6666666666667,49.500841743803065,228.33333333333334,111.99761902287696,0,0,0,0,0,0,0,0,1,0,0,0,0,0,0,0,0,0,0
2022-08-01,541.0,2022,8,-0.4999999999999997,-0.8660254037844388,43,0,0,0,1,466.0,322.0,272.0,24.0,353.3333333333333,100.72404545760205,284.3333333333333,134.6976861968816,0,0,0,0,0,0,0,0,1,0,0,0,0,0,0,0,0,0,0
2022-09-01,596.0,2022,9,-0.8660254037844384,-0.5000000000000004,44,0,0,1,0,541.0,466.0,322.0,98.0,443.0,111.29690022642983,360.3333333333333,128.22272289572442,0,0,0,0,0,0,0,0,1,0,0,0,0,0,0,0,0,0,0
2022-10-01,841.0,2022,10,-1.0,-1.8369701987210297e-16,45,0,0,1,0,596.0,541.0,466.0,94.0,534.3333333333334,65.25590650159823,428.0,127.48176340217132,0,0,0,0,0,0,0,0,1,0,0,0,0,0,0,0,0,0,0
2022-11-01,955.0,2022,11,-0.8660254037844386,0.5000000000000001,46,0,0,1,0,841.0,596.0,541.0,159.0,659.3333333333334,159.71328477413985,506.3333333333333,205.79666340053717,0,0,0,0,0,0,0,0,1,0,0,0,0,0,0,0,0,0,0
2022-12-01,945.0,2022,12,-0.5000000000000004,0.8660254037844384,47,0,0,0,0,955.0,841.0,596.0,139.0,797.3333333333334,183.4402718416697,620.1666666666666,236.8133582946583,0,0,0,0,0,0,0,0,1,0,0,0,0,0,0,0,0,0,0
2023-01-01,643.0,2023,1,0.0,1.0,48,0,0,0,0,945.0,955.0,841.0,130.0,913.6666666666666,63.1294965396195,724.0,215.55880868136126,0,0,0,0,0,0,0,0,1,0,0,0,0,0,0,0,0,0,0
2023-02-01,1066.0,2023,2,0.49999999999999994,0.8660254037844387,49,0,0,0,0,643.0,945.0,955.0,85.0,847.6666666666666,177.31704185820868,753.5,182.81329273367334,0,0,0,0,0,0,0,0,1,0,0,0,0,0,0,0,0,0,0
2023-03-01,1677.0,2023,3,0.8660254037844386,0.5000000000000001,50,0,1,0,0,1066.0,643.0,945.0,190.0,884.6666666666666,217.8585167794589,841.0,186.36845226627784,0,0,0,0,0,0,0,0,1,0,0,0,0,0,0,0,0,0,0
2023-04-01,1312.0,2023,4,1.0,6.123233995736766e-17,51,0,1,0,0,1677.0,1066.0,643.0,371.0,1128.6666666666667,519.84068072184,1021.1666666666666,351.50443335297325,0,0,0,0,0,0,0,0,1,0,0,0,0,0,0,0,0,0,0
2023-05-01,913.0,2023,5,0.8660254037844387,-0.4999999999999998,52,0,1,0,0,1312.0,1677.0,1066.0,272.0,1351.6666666666667,307.42532968730194,1099.6666666666667,355.7885139613067,0,0,0,0,0,0,0,0,1,0,0,0,0,0,0,0,0,0,0
2023-06-01,764.0,2023,6,0.49999999999999994,-0.8660254037844387,53,0,0,0,1,913.0,1312.0,1677.0,322.0,1300.6666666666667,382.1260699472705,1092.6666666666667,359.5968112578238,0,0,0,0,0,0,0,0,1,0,0,0,0,0,0,0,0,0,0
2023-07-01,871.0,2023,7,1.2246467991473532e-16,-1.0,54,0,0,0,1,764.0,913.0,1312.0,466.0,996.3333333333334,283.34490172464007,1062.5,381.39362868318636,0,0,0,0,0,0,0,0,1,0,0,0,0,0,0,0,0,0,0
2023-08-01,1520.0,2023,8,-0.4999999999999997,-0.8660254037844388,55,0,0,0,1,871.0,764.0,913.0,541.0,849.3333333333334,76.82664468363694,1100.5,340.39197992921083,0,0,0,0,0,0,0,0,1,0,0,0,0,0,0,0,0,0,0
2023-09-01,1436.0,2023,9,-0.8660254037844384,-0.5000000000000004,56,0,0,1,0,1520.0,871.0,764.0,596.0,1051.6666666666667,409.10186180625726,1176.1666666666667,379.41292369500945,0,0,0,0,0,0,0,0,1,0,0,0,0,0,0,0,0,0,0
2023-10-01,1850.0,2023,10,-1.0,-1.8369701987210297e-16,57,0,0,1,0,1436.0,1520.0,871.0,841.0,1275.6666666666667,352.959393320742,1136.0,324.58280915681337,0,0,0,0,0,0,0,0,1,0,0,0,0,0,0,0,0,0,0
2023-11-01,2072.0,2023,11,-0.8660254037844386,0.5000000000000001,58,0,0,1,0,1850.0,1436.0,1520.0,955.0,1602.0,218.8424090527547,1225.6666666666667,437.57269872193245,0,0,0,0,0,0,0,0,1,0,0,0,0,0,0,0,0,0,0
2023-12-01,2339.0,2023,12,-0.5000000000000004,0.8660254037844384,59,0,0,0,0,2072.0,1850.0,1436.0,945.0,1786.0,322.79405198983045,1418.8333333333333,519.997852559792,0,0,0,0,0,0,0,0,1,0,0,0,0,0,0,0,0,0,0
2024-01-01,1568.0,2024,1,0.0,1.0,60,0,0,0,0,2339.0,2072.0,1850.0,643.0,2087.0,244.84484883291634,1681.3333333333333,520.8553222026203,0,0,0,0,0,0,0,0,1,0,0,0,0,0,0,0,0,0,0
2024-02-01,2027.0,2024,2,0.49999999999999994,0.8660254037844387,61,0,0,0,0,1568.0,2339.0,2072.0,1066.0,1993.0,391.52394562786765,1797.5,355.43986833236477,0,0,0,0,0,0,0,0,1,0,0,0,0,0,0,0,0,0,0
2024-03-01,2648.0,2024,3,0.8660254037844386,0.5000000000000001,62,0,1,0,0,2027.0,1568.0,2339.0,1677.0,1978.0,387.82857037615656,1882.0,336.00892845299336,0,0,0,0,0,0,0,0,1,0,0,0,0,0,0,0,0,0,0
2024-04-01,2073.0,2024,4,1.0,6.123233995736766e-17,63,0,1,0,0,2648.0,2027.0,1568.0,1312.0,2081.0,542.0212172969002,2084.0,376.1717692758574,0,0,0,0,0,0,0,0,1,0,0,0,0,0,0,0,0,0,0
2024-05-01,1233.0,2024,5,0.8660254037844387,-0.4999999999999998,64,0,1,0,0,2073.0,2648.0,2027.0,913.0,2249.3333333333335,346.0207122895204,2121.1666666666665,359.0551025494493,0,0,0,0,0,0,0,0,1,0,0,0,0,0,0,0,0,0,0
2024-06-01,953.0,2024,6,0.49999999999999994,-0.8660254037844387,65,0,0,0,1,1233.0,2073.0,2648.0,764.0,1984.6666666666667,711.623730164577,1981.3333333333333,512.5827412884634,0,0,0,0,0,0,0,0,1,0,0,0,0,0,0,0,0,0,0
2024-07-01,1114.0,2024,7,1.2246467991473532e-16,-1.0,66,0,0,0,1,953.0,1233.0,2073.0,871.0,1419.6666666666667,582.8664798505276,1750.3333333333333,620.1747065680734,0,0,0,0,0,0,0,0,1,0,0,0,0,0,0,0,0,0,0
2024-08-01,1881.0,2024,8,-0.4999999999999997,-0.8660254037844388,67,0,0,0,1,1114.0,953.0,1233.0,1520.0,1100.0,140.5240192992346,1674.6666666666667,672.3697395531688,0,0,0,0,0,0,0,0,1,0,0,0,0,0,0,0,0,0,0
2024-09-01,1887.0,2024,9,-0.8660254037844384,-0.5000000000000004,68,0,0,1,0,1881.0,1114.0,953.0,1436.0,1316.0,495.8820424254261,1650.3333333333333,659.5888618425845,0,0,0,0,0,0,0,0,1,0,0,0,0,0,0,0,0,0,0
2024-10-01,2196.0,2024,10,-1.0,-1.8369701987210297e-16,69,0,0,1,0,1887.0,1881.0,1114.0,1850.0,1627.3333333333333,444.5698295356377,1523.5,477.37605721289515,0,0,0,0,0,0,0,0,1,0,0,0,0,0,0,0,0,0,0
2024-11-01,2699.0,2024,11,-0.8660254037844386,0.5000000000000001,70,0,0,1,0,2196.0,1887.0,1881.0,2072.0,1988.0,180.15826375721227,1544.0,507.3901851633803,0,0,0,0,0,0,0,0,1,0,0,0,0,0,0,0,0,0,0
2024-12-01,2575.0,2024,12,-0.5000000000000004,0.8660254037844384,71,0,0,0,0,2699.0,2196.0,1887.0,2339.0,2260.6666666666665,409.84427937125963,1788.3333333333333,658.2302535335153,0,0,0,0,0,0,0,0,1,0,0,0,0,0,0,0,0,0,0
2025-01-01,1570.0,2025,1,0.0,1.0,72,0,0,0,0,2575.0,2699.0,2196.0,1568.0,2490.0,262.0515216517816,2058.6666666666665,574.2677656518741,0,0,0,0,0,0,0,0,1,0,0,0,0,0,0,0,0,0,0
2025-02-01,2706.0,2025,2,0.49999999999999994,0.8660254037844387,73,0,0,0,0,1570.0,2575.0,2699.0,2027.0,2281.3333333333335,619.144840351066,2134.6666666666665,438.32894801369866,0,0,0,0,0,0,0,0,1,0,0,0,0,0,0,0,0,0,0
2025-03-01,2948.0,2025,3,0.8660254037844386,0.5000000000000001,74,0,1,0,0,2706.0,1570.0,2575.0,2648.0,2283.6666666666665,621.5145479659724,2272.1666666666665,471.0199217302763,0,0,0,0,0,0,0,0,1,0,0,0,0,0,0,0,0,0,0
2025-04-01,2115.0,2025,4,1.0,6.123233995736766e-17,75,0,1,0,0,2948.0,2706.0,1570.0,2073.0,2408.0,735.7472392065184,2449.0,495.99919354786135,0,0,0,0,0,0,0,0,1,0,0,0,0,0,0,0,0,0,0
2025-05-01,1495.0,2025,5,0.8660254037844387,-0.4999999999999998,76,0,1,0,0,2115.0,2948.0,2706.0,1233.0,2589.6666666666665,428.5117656883501,2435.5,505.2780422699257,0,0,0,0,0,0,0,0,1,0,0,0,0,0,0,0,0,0,0
2025-06-01,1019.0,2025,6,0.49999999999999994,-0.8660254037844387,77,0,0,0,1,1495.0,2115.0,2948.0,953.0,2186.0,729.0973871850135,2234.8333333333335,608.2819795676966,0,0,0,0,0,0,0,0,1,0,0,0,0,0,0,0,0,0,0
2025-07-01,1214.0,2025,7,1.2246467991473532e-16,-1.0,78,0,0,0,1,1019.0,1495.0,2115.0,1114.0,1543.0,549.5743807711679,1975.5,749.539792139236,0,0,0,0,0,0,0,0,1,0,0,0,0,0,0,0,0,0,0
2025-08-01,2399.0,2025,8,-0.4999999999999997,-0.8660254037844388,79,0,0,0,1,1214.0,1019.0,1495.0,1881.0,1242.6666666666667,239.29131478878537,1916.1666666666667,800.4222427361673,0,0,0,0,0,0,0,0,1,0,0,0,0,0,0,0,0,0,0
2025-09-01,1454.0,2025,9,-0.8660254037844384,-0.5000000000000004,80,0,0,1,0,2399.0,1214.0,1019.0,1887.0,1544.0,746.8433570702845,1865.0,747.9253973493139,0,0,0,0,0,0,0,0,1,0,0,0,0,0,0,0,0,0,0
2025-10-01,2321.0,2025,10,-1.0,-1.8369701987210297e-16,81,0,0,1,0,1454.0,2399.0,1214.0,2196.0,1689.0,626.4782518172618,1616.0,533.1018664384221,0,0,0,0,0,0,0,0,1,0,0,0,0,0,0,0,0,0,0
2025-11-01,2860.0,2025,11,-0.8660254037844386,0.5000000000000001,82,0,0,1,0,2321.0,1454.0,2399.0,2699.0,2058.0,524.5312192806191,1650.3333333333333,576.5308896033204,0,0,0,0,0,0,0,0,1,0,0,0,0,0,0,0,0,0,0
2025-12-01,2758.0,2025,12,-0.5000000000000004,0.8660254037844384,83,0,0,0,0,2860.0,2321.0,1454.0,2575.0,2211.6666666666665,709.3478225337317,1877.8333333333333,747.0698539405776,0,0,0,0,0,0,0,0,1,0,0,0,0,0,0,0,0,0,0
2020-01-01,1179.0,2020,1,0.0,1.0,12,0,0,0,0,2653.0,2868.0,2144.0,990.0,2555.0,371.81581461795565,1963.5,758.2734994710876,0,0,0,0,0,0,0,0,0,1,0,0,0,0,0,0,0,0,0
2020-02-01,1588.0,2020,2,0.49999999999999994,0.8660254037844387,13,0,0,0,0,1179.0,2653.0,2868.0,1630.0,2233.3333333333335,919.3858457325447,2020.8333333333333,662.8874464543707,0,0,0,0,0,0,0,0,0,1,0,0,0,0,0,0,0,0,0
2020-03-01,673.0,2020,3,0.8660254037844386,0.5000000000000001,14,1,1,0,0,1588.0,1179.0,2653.0,2160.0,1806.6666666666667,760.9404269279859,2042.5,642.6267190213379,0,0,0,0,0,0,0,0,0,1,0,0,0,0,0,0,0,0,0
2020-04-01,0.0,2020,4,1.0,6.123233995736766e-17,15,1,1,0,0,673.0,1588.0,1179.0,2068.0,1146.6666666666667,458.3561206456654,1850.8333333333333,856.9456030967172,0,0,0,0,0,0,0,0,0,1,0,0,0,0,0,0,0,0,0
2020-05-01,0.0,2020,5,0.8660254037844387,-0.4999999999999998,16,1,1,0,0,0.0,673.0,1588.0,1468.0,753.6666666666666,797.0673329985007,1493.5,1117.6129473123196,0,0,0,0,0,0,0,0,0,1,0,0,0,0,0,0,0,0,0
2020-06-01,0.0,2020,6,0.49999999999999994,-0.8660254037844387,17,1,0,0,1,0.0,0.0,673.0,1232.0,224.33333333333334,388.5567311646284,1015.5,1021.3404427516468,0,0,0,0,0,0,0,0,0,1,0,0,0,0,0,0,0,0,0
2020-07-01,0.0,2020,7,1.2246467991473532e-16,-1.0,18,1,0,0,1,0.0,0.0,0.0,835.0,0.0,0.0,573.3333333333334,691.7293304948093,0,0,0,0,0,0,0,0,0,1,0,0,0,0,0,0,0,0,0
2020-08-01,0.0,2020,8,-0.4999999999999997,-0.8660254037844388,19,1,0,0,1,0.0,0.0,0.0,1458.0,0.0,0.0,376.8333333333333,651.5601021139933,0,0,0,0,0,0,0,0,0,1,0,0,0,0,0,0,0,0,0
2020-09-01,1.0,2020,9,-0.8660254037844384,-0.5000000000000004,20,1,0,1,0,0.0,0.0,0.0,1823.0,0.0,0.0,112.16666666666667,274.751099482418,0,0,0,0,0,0,0,0,0,1,0,0,0,0,0,0,0,0,0
2020-10-01,2.0,2020,10,-1.0,-1.8369701987210297e-16,21,1,0,1,0,1.0,0.0,0.0,2144.0,0.3333333333333333,0.5773502756175187,0.16666666666666666,0.40824845092212936,0,0,0,0,0,0,0,0,0,1,0,0,0,0,0,0,0,0,0
2020-11-01,9.0,2020,11,-0.8660254037844386,0.5000000000000001,22,1,0,1,0,2.0,1.0,0.0,2868.0,1.0,1.0000000037119605,0.5,0.836660104829523,0,0,0,0,0,0,0,0,0,1,0,0,0,0,0,0,0,0,0
2020-12-01,8.0,2020,12,-0.5000000000000004,0.8660254037844384,23,1,0,0,0,9.0,2.0,1.0,2653.0,4.0,4.358898944393097,2.0,3.5213633909342534,0,0,0,0,0,0,0,0,0,1,0,0,0,0,0,0,0,0,0
2021-01-01,19.0,2021,1,0.0,1.0,24,1,0,0,0,8.0,9.0,2.0,1179.0,6.333333333333333,3.7859388981823643,3.3333333333333335,4.082482920684107,0,0,0,0,0,0,0,0,0,1,0,0,0,0,0,0,0,0,0
2021-02-01,21.0,2021,2,0.49999999999999994,0.8660254037844387,25,1,0,0,0,19.0,8.0,9.0,1588.0,12.0,6.0827625309106725,6.5,7.1763500563314135,0,0,0,0,0,0,0,0,0,1,0,0,0,0,0,0,0,0,0
2021-03-01,16.0,2021,3,0.8660254037844386,0.5000000000000001,26,1,1,0,0,21.0,19.0,8.0,673.0,16.0,7.000000000532899,10.0,8.390470793167967,0,0,0,0,0,0,0,0,0,1,0,0,0,0,0,0,0,0,0
2021-04-01,44.0,2021,4,1.0,6.123233995736766e-17,27,1,1,0,0,16.0,21.0,19.0,0.0,18.666666666666668,2.5166114799071457,12.5,7.341661946112911,0,0,0,0,0,0,0,0,0,1,0,0,0,0,0,0,0,0,0
2021-05-01,3.0,2021,5,0.8660254037844387,-0.4999999999999998,28,1,1,0,0,44.0,16.0,21.0,0.0,27.0,14.93318452331878,19.5,13.095800858710247,0,0,0,0,0,0,0,0,0,1,0,0,0,0,0,0,0,0,0
2021-06-01,5.0,2021,6,0.49999999999999994,-0.8660254037844387,29,1,0,0,1,3.0,44.0,16.0,0.0,21.0,20.952326839935292,18.5,14.237275024772012,0,0,0,0,0,0,0,0,0,1,0,0,0,0,0,0,0,0,0
2021-07-01,5.0,2021,7,1.2246467991473532e-16,-1.0,30,1,0,0,1,5.0,3.0,44.0,0.0,17.333333333333332,23.11565126360919,18.0,14.72412985989316,0,0,0,0,0,0,0,0,0,1,0,0,0,0,0,0,0,0,0
2021-08-01,8.0,2021,8,-0.4999999999999997,-0.8660254037844388,31,1,0,0,1,5.0,5.0,3.0,0.0,4.333333333333333,1.1547005415973348,15.666666666666666,15.616230876804625,0,0,0,0,0,0,0,0,0,1,0,0,0,0,0,0,0,0,0
2021-09-01,32.0,2021,9,-0.8660254037844384,-0.5000000000000004,32,1,0,1,0,8.0,5.0,5.0,1.0,6.0,1.732050809715447,13.5,15.630099172142238,0,0,0,0,0,0,0,0,0,1,0,0,0,0,0,0,0,0,0
2021-10-01,35.0,2021,10,-1.0,-1.8369701987210297e-16,33,1,0,1,0,32.0,8.0,5.0,2.0,15.0,14.798648587200725,16.166666666666668,17.40593768797492,0,0,0,0,0,0,0,0,0,1,0,0,0,0,0,0,0,0,0
2021-11-01,55.0,2021,11,-0.8660254037844386,0.5000000000000001,34,1,0,1,0,35.0,32.0,8.0,9.0,25.0,14.798648587201553,14.666666666666666,14.70600784705581,0,0,0,0,0,0,0,0,0,1,0,0,0,0,0,0,0,0,0
2021-12-01,88.0,2021,12,-0.5000000000000004,0.8660254037844384,35,1,0,0,0,55.0,35.0,32.0,8.0,40.666666666666664,12.50333288930812,23.333333333333332,20.597734506436847,0,0,0,0,0,0,0,0,0,1,0,0,0,0,0,0,0,0,0
2022-01-01,106.0,2022,1,0.0,1.0,36,1,0,0,0,88.0,55.0,35.0,19.0,59.333333333333336,26.76440422166912,37.166666666666664,31.044591586903614,0,0,0,0,0,0,0,0,0,1,0,0,0,0,0,0,0,0,0
2022-02-01,117.0,2022,2,0.49999999999999994,0.8660254037844387,37,1,0,0,0,106.0,88.0,55.0,21.0,83.0,25.865034312902512,54.0,36.9377855336641,0,0,0,0,0,0,0,0,0,1,0,0,0,0,0,0,0,0,0
2022-03-01,314.0,2022,3,0.8660254037844386,0.5000000000000001,38,0,1,0,0,117.0,106.0,88.0,16.0,103.66666666666667,14.640127504260613,72.16666666666667,36.591893457398655,0,0,0,0,0,0,0,0,0,1,0,0,0,0,0,0,0,0,0
2022-04-01,507.0,2022,4,1.0,6.123233995736766e-17,39,0,1,0,0,314.0,117.0,106.0,44.0,179.0,117.04272724098605,119.16666666666667,100.31035174296603,0,0,0,0,0,0,0,0,0,1,0,0,0,0,0,0,0,0,0
2022-05-01,454.0,2022,5,0.8660254037844387,-0.4999999999999998,40,0,1,0,0,507.0,314.0,117.0,3.0,312.6666666666667,195.0034187734705,197.83333333333334,176.92418338598458,0,0,0,0,0,0,0,0,0,1,0,0,0,0,0,0,0,0,0
2022-06-01,469.0,2022,6,0.49999999999999994,-0.8660254037844387,41,0,0,0,1,454.0,507.0,314.0,5.0,425.0,99.71459271344608,264.3333333333333,187.1883187242127,0,0,0,0,0,0,0,0,0,1,0,0,0,0,0,0,0,0,0
2022-07-01,738.0,2022,7,1.2246467991473532e-16,-1.0,42,0,0,0,1,469.0,454.0,507.0,5.0,476.6666666666667,27.319101986373617,327.8333333333333,179.88820602473464,0,0,0,0,0,0,0,0,0,1,0,0,0,0,0,0,0,0,0
2022-08-01,960.0,2022,8,-0.4999999999999997,-0.8660254037844388,43,0,0,0,1,738.0,469.0,454.0,8.0,553.6666666666666,159.81343289392805,433.1666666666667,207.0047503483852,0,0,0,0,0,0,0,0,0,1,0,0,0,0,0,0,0,0,0
2022-09-01,1135.0,2022,9,-0.8660254037844384,-0.5000000000000004,44,0,0,1,0,960.0,738.0,469.0,32.0,722.3333333333334,245.87462929985767,573.6666666666666,233.83983122384683,0,0,0,0,0,0,0,0,0,1,0,0,0,0,0,0,0,0,0
2022-10-01,1590.0,2022,10,-1.0,-1.8369701987210297e-16,45,0,0,1,0,1135.0,960.0,738.0,35.0,944.3333333333334,198.96314566608294,710.5,285.91379819821634,0,0,0,0,0,0,0,0,0,1,0,0,0,0,0,0,0,0,0
2022-11-01,1593.0,2022,11,-0.8660254037844386,0.5000000000000001,46,0,0,1,0,1590.0,1135.0,960.0,55.0,1228.3333333333333,325.2050635112307,891.0,434.8241023679923,0,0,0,0,0,0,0,0,0,1,0,0,0,0,0,0,0,0,0
2022-12-01,1586.0,2022,12,-0.5000000000000004,0.8660254037844384,47,0,0,0,0,1593.0,1590.0,1135.0,88.0,1439.3333333333333,263.5646663218423,1080.8333333333333,454.08695936659177,0,0,0,0,0,0,0,0,0,1,0,0,0,0,0,0,0,0,0
2023-01-01,675.0,2023,1,0.0,1.0,48,0,0,0,0,1586.0,1593.0,1590.0,106.0,1589.6666666666667,3.5118845858602707,1267.0,375.2012793156893,0,0,0,0,0,0,0,0,0,1,0,0,0,0,0,0,0,0,0
2023-02-01,1819.0,2023,2,0.49999999999999994,0.8660254037844387,49,0,0,0,0,675.0,1586.0,1593.0,117.0,1284.6666666666667,527.9984217148226,1256.5,393.40602435668154,0,0,0,0,0,0,0,0,0,1,0,0,0,0,0,0,0,0,0
2023-03-01,1663.0,2023,3,0.8660254037844386,0.5000000000000001,50,0,1,0,0,1819.0,675.0,1586.0,314.0,1360.0,604.558516605308,1399.6666666666667,419.36984472753454,0,0,0,0,0,0,0,0,0,1,0,0,0,0,0,0,0,0,0
2023-04-01,2000.0,2023,4,1.0,6.123233995736766e-17,51,0,1,0,0,1663.0,1819.0,675.0,507.0,1385.6666666666667,620.378379163349,1487.6666666666667,407.9674823644604,0,0,0,0,0,0,0,0,0,1,0,0,0,0,0,0,0,0,0
2023-05-01,1321.0,2023,5,0.8660254037844387,-0.4999999999999998,52,0,1,0,0,2000.0,1663.0,1819.0,454.0,1827.3333333333333,168.65447913810402,1556.0,459.6050478401315,0,0,0,0,0,0,0,0,0,1,0,0,0,0,0,0,0,0,0
2023-06-01,1079.0,2023,6,0.49999999999999994,-0.8660254037844387,53,0,0,0,1,1321.0,2000.0,1663.0,469.0,1661.3333333333333,339.50306822375654,1510.6666666666667,468.552949693838,0,0,0,0,0,0,0,0,0,1,0,0,0,0,0,0,0,0,0
2023-07-01,998.0,2023,7,1.2246467991473532e-16,-1.0,54,0,0,0,1,1079.0,1321.0,2000.0,738.0,1466.6666666666667,477.46657823699474,1426.1666666666667,497.09734123891315,0,0,0,0,0,0,0,0,0,1,0,0,0,0,0,0,0,0,0
2023-08-01,1188.0,2023,8,-0.4999999999999997,-0.8660254037844388,55,0,0,0,1,998.0,1079.0,1321.0,960.0,1132.6666666666667,168.0545546343309,1480.0,409.19824046558375,0,0,0,0,0,0,0,0,0,1,0,0,0,0,0,0,0,0,0
2023-09-01,1666.0,2023,9,-0.8660254037844384,-0.5000000000000004,56,0,0,1,0,1188.0,998.0,1079.0,1135.0,1088.3333333333333,95.34323957860468,1374.8333333333333,385.0191770117387,0,0,0,0,0,0,0,0,0,1,0,0,0,0,0,0,0,0,0
2023-10-01,2019.0,2023,10,-1.0,-1.8369701987210297e-16,57,0,0,1,0,1666.0,1188.0,998.0,1590.0,1284.0,344.19180699140765,1375.3333333333333,385.46992965313984,0,0,0,0,0,0,0,0,0,1,0,0,0,0,0,0,0,0,0
2023-11-01,2388.0,2023,11,-0.8660254037844386,0.5000000000000001,58,0,0,1,0,2019.0,1666.0,1188.0,1593.0,1624.3333333333333,417.06394393827037,1378.5,391.6563544743401,0,0,0,0,0,0,0,0,0,1,0,0,0,0,0,0,0,0,0
2023-12-01,1991.0,2023,12,-0.5000000000000004,0.8660254037844384,59,0,0,0,0,2388.0,2019.0,1666.0,1586.0,2024.3333333333333,361.0295463439881,1556.3333333333333,564.4482852013957,0,0,0,0,0,0,0,0,0,1,0,0,0,0,0,0,0,0,0
2024-01-01,939.0,2024,1,0.0,1.0,60,0,0,0,0,1991.0,2388.0,2019.0,675.0,2132.6666666666665,221.56789779511422,1708.3333333333333,532.0664118949774,0,0,0,0,0,0,0,0,0,1,0,0,0,0,0,0,0,0,0
2024-02-01,1815.0,2024,2,0.49999999999999994,0.8660254037844387,61,0,0,0,0,939.0,1991.0,2388.0,1819.0,1772.6666666666667,748.7672090398622,1698.5,548.1228876813384,0,0,0,0,0,0,0,0,0,1,0,0,0,0,0,0,0,0,0
2024-03-01,2198.0,2024,3,0.8660254037844386,0.5000000000000001,62,0,1,0,0,1815.0,939.0,1991.0,1663.0,1581.6666666666667,563.4796654124655,1803.0,487.7774082510678,0,0,0,0,0,0,0,0,0,1,0,0,0,0,0,0,0,0,0
2024-04-01,2310.0,2024,4,1.0,6.123233995736766e-17,63,0,1,0,0,2198.0,1815.0,939.0,2000.0,1650.6666666666667,645.3869640249517,1891.6666666666667,505.9089509652852,0,0,0,0,0,0,0,0,0,1,0,0,0,0,0,0,0,0,0
2024-05-01,1814.0,2024,5,0.8660254037844387,-0.4999999999999998,64,0,1,0,0,2310.0,2198.0,1815.0,1321.0,2107.6666666666665,259.5695154160943,1940.1666666666667,533.740542461218,0,0,0,0,0,0,0,0,0,1,0,0,0,0,0,0,0,0,0
2024-06-01,1014.0,2024,6,0.49999999999999994,-0.8660254037844387,65,0,0,0,1,1814.0,2310.0,2198.0,1079.0,2107.3333333333335,260.13329916284454,1844.5,486.79472059599084,0,0,0,0,0,0,0,0,0,1,0,0,0,0,0,0,0,0,0
2024-07-01,1125.0,2024,7,1.2246467991473532e-16,-1.0,66,0,0,0,1,1014.0,1814.0,2310.0,998.0,1712.6666666666667,653.9153869831665,1681.6666666666667,582.0696407362229,0,0,0,0,0,0,0,0,0,1,0,0,0,0,0,0,0,0,0
2024-08-01,1285.0,2024,8,-0.4999999999999997,-0.8660254037844388,67,0,0,0,1,1125.0,1014.0,1814.0,1188.0,1317.6666666666667,433.40550681012695,1712.6666666666667,537.8816474530392,0,0,0,0,0,0,0,0,0,1,0,0,0,0,0,0,0,0,0
2024-09-01,2280.0,2024,9,-0.8660254037844384,-0.5000000000000004,68,0,0,1,0,1285.0,1125.0,1014.0,1666.0,1141.3333333333333,136.2363142974086,1624.3333333333333,560.7483095532217,0,0,0,0,0,0,0,0,0,1,0,0,0,0,0,0,0,0,0
2024-10-01,2278.0,2024,10,-1.0,-1.8369701987210297e-16,69,0,0,1,0,2280.0,1285.0,1125.0,2019.0,1563.3333333333333,625.7861722132759,1638.0,578.2521941161392,0,0,0,0,0,0,0,0,0,1,0,0,0,0,0,0,0,0,0
2024-11-01,2126.0,2024,11,-0.8660254037844386,0.5000000000000001,70,0,0,1,0,2278.0,2280.0,1285.0,2388.0,1947.6666666666667,573.8870388267584,1632.6666666666667,570.9156388353674,0,0,0,0,0,0,0,0,0,1,0,0,0,0,0,0,0,0,0
2024-12-01,1769.0,2024,12,-0.5000000000000004,0.8660254037844384,71,0,0,0,0,2126.0,2278.0,2280.0,1991.0,2228.0,88.34025130150444,1684.6666666666667,603.9859821773975,0,0,0,0,0,0,0,0,0,1,0,0,0,0,0,0,0,0,0
2025-01-01,934.0,2025,1,0.0,1.0,72,0,0,0,0,1769.0,2126.0,2278.0,939.0,2057.6666666666665,261.28974976708463,1810.5,507.20991709560326,0,0,0,0,0,0,0,0,0,1,0,0,0,0,0,0,0,0,0
2025-02-01,1854.0,2025,2,0.49999999999999994,0.8660254037844387,73,0,0,0,0,934.0,1769.0,2126.0,1815.0,1609.6666666666667,611.7649330693483,1778.6666666666667,561.8845670302713,0,0,0,0,0,0,0,0,0,1,0,0,0,0,0,0,0,0,0
2025-03-01,2380.0,2025,3,0.8660254037844386,0.5000000000000001,74,0,1,0,0,1854.0,934.0,1769.0,2198.0,1519.0,508.4043666216987,1873.5,507.26314670014085,0,0,0,0,0,0,0,0,0,1,0,0,0,0,0,0,0,0,0
2025-04-01,2183.0,2025,4,1.0,6.123233995736766e-17,75,0,1,0,0,2380.0,1854.0,934.0,2310.0,1722.6666666666667,731.8916131049356,1890.1666666666667,524.6356513493866,0,0,0,0,0,0,0,0,0,1,0,0,0,0,0,0,0,0,0
2025-05-01,2083.0,2025,5,0.8660254037844387,-0.4999999999999998,76,0,1,0,0,2183.0,2380.0,1854.0,1814.0,2139.0,265.7461194448811,1874.3333333333333,511.8682122058326,0,0,0,0,0,0,0,0,0,1,0,0,0,0,0,0,0,0,0
2025-06-01,1348.0,2025,6,0.49999999999999994,-0.8660254037844387,77,0,0,0,1,2083.0,2183.0,2380.0,1014.0,2215.3333333333335,151.11695250152002,1867.1666666666667,507.92574916693803,0,0,0,0,0,0,0,0,0,1,0,0,0,0,0,0,0,0,0
2025-07-01,1205.0,2025,7,1.2246467991473532e-16,-1.0,78,0,0,0,1,1348.0,2083.0,2183.0,1125.0,1871.3333333333333,455.96966273354786,1797.0,551.4163581180094,0,0,0,0,0,0,0,0,0,1,0,0,0,0,0,0,0,0,0
2025-08-01,1431.0,2025,8,-0.4999999999999997,-0.8660254037844388,79,0,0,0,1,1205.0,1348.0,2083.0,1285.0,1545.3333333333333,471.0905786930409,1842.1666666666667,471.96500576504116,0,0,0,0,0,0,0,0,0,1,0,0,0,0,0,0,0,0,0
2025-09-01,1677.0,2025,9,-0.8660254037844384,-0.5000000000000004,80,0,0,1,0,1431.0,1205.0,1348.0,2280.0,1328.0,114.31972708159374,1771.6666666666667,500.56994183310246,0,0,0,0,0,0,0,0,0,1,0,0,0,0,0,0,0,0,0
2025-10-01,2461.0,2025,10,-1.0,-1.8369701987210297e-16,81,0,0,1,0,1677.0,1431.0,1205.0,2278.0,1437.6666666666667,236.07061090560134,1654.5,402.3370477598718,0,0,0,0,0,0,0,0,0,1,0,0,0,0,0,0,0,0,0
2025-11-01,2606.0,2025,11,-0.8660254037844386,0.5000000000000001,82,0,0,1,0,2461.0,1677.0,1431.0,2126.0,1856.3333333333333,537.9082945385258,1700.8333333333333,483.24421017410623,0,0,0,0,0,0,0,0,0,1,0,0,0,0,0,0,0,0,0
2025-12-01,2429.0,2025,12,-0.5000000000000004,0.8660254037844384,83,0,0,0,0,2606.0,2461.0,1677.0,1769.0,2248.0,499.78695461167604,1788.0,599.2181572683932,0,0,0,0,0,0,0,0,0,1,0,0,0,0,0,0,0,0,0
2020-01-01,4447.0,2020,1,0.0,1.0,12,0,0,0,0,5730.0,6530.0,3859.0,3827.0,5373.0,1370.819827694372,2746.3333333333335,3005.3894700465685,0,0,0,0,0,0,0,0,0,0,1,0,0,0,0,0,0,0,0
2020-02-01,12119.0,2020,2,0.49999999999999994,0.8660254037844387,13,0,0,0,0,4447.0,5730.0,6530.0,5676.0,5569.0,1050.7916063616171,3471.3333333333335,2752.5035634249034,0,0,0,0,0,0,0,0,0,0,1,0,0,0,0,0,0,0,0
2020-03-01,4320.0,2020,3,0.8660254037844386,0.5000000000000001,14,1,1,0,0,12119.0,4447.0,5730.0,7290.0,7432.0,4109.440229520322,5478.833333333333,3922.787448571077,0,0,0,0,0,0,0,0,0,0,1,0,0,0,0,0,0,0,0
2020-04-01,0.0,2020,4,1.0,6.123233995736766e-17,15,1,1,0,0,4320.0,12119.0,4447.0,2776.0,6962.0,4466.544413749854,6167.5,3080.445211329056,0,0,0,0,0,0,0,0,0,0,1,0,0,0,0,0,0,0,0
2020-05-01,0.0,2020,5,0.8660254037844387,-0.4999999999999998,16,1,1,0,0,0.0,4320.0,12119.0,132.0,5479.666666666667,6142.162512774581,5524.333333333333,3941.3859829591397,0,0,0,0,0,0,0,0,0,0,1,0,0,0,0,0,0,0,0
2020-06-01,0.0,2020,6,0.49999999999999994,-0.8660254037844387,17,1,0,0,1,0.0,0.0,4320.0,95.0,1440.0,2494.153162899182,4436.0,4473.761146954554,0,0,0,0,0,0,0,0,0,0,1,0,0,0,0,0,0,0,0
2020-07-01,0.0,2020,7,1.2246467991473532e-16,-1.0,18,1,0,0,1,0.0,0.0,0.0,97.0,0.0,0.0,3481.0,4745.612794992879,0,0,0,0,0,0,0,0,0,0,1,0,0,0,0,0,0,0,0
2020-08-01,0.0,2020,8,-0.4999999999999997,-0.8660254037844388,19,1,0,0,1,0.0,0.0,0.0,74.0,0.0,0.0,2739.8333333333335,4909.02110065406,0,0,0,0,0,0,0,0,0,0,1,0,0,0,0,0,0,0,0
2020-09-01,0.0,2020,9,-0.8660254037844384,-0.5000000000000004,20,1,0,1,0,0.0,0.0,0.0,188.0,0.0,0.0,720.0,1763.632614803929,0,0,0,0,0,0,0,0,0,0,1,0,0,0,0,0,0,0,0
2020-10-01,1.0,2020,10,-1.0,-1.8369701987210297e-16,21,1,0,1,0,0.0,0.0,0.0,3859.0,0.0,0.0,0.0,0.0,0,0,0,0,0,0,0,0,0,0,1,0,0,0,0,0,0,0,0
2020-11-01,6.0,2020,11,-0.8660254037844386,0.5000000000000001,22,1,0,1,0,1.0,0.0,0.0,6530.0,0.3333333333333333,0.5773502554802616,0.16666666666666666,0.40824847205127096,0,0,0,0,0,0,0,0,0,0,1,0,0,0,0,0,0,0,0
2020-12-01,18.0,2020,12,-0.5000000000000004,0.8660254037844384,23,1,0,0,0,6.0,1.0,0.0,5730.0,2.3333333333333335,3.214550251204166,1.1666666666666667,2.401388518113231,0,0,0,0,0,0,0,0,0,0,1,0,0,0,0,0,0,0,0
2021-01-01,21.0,2021,1,0.0,1.0,24,1,0,0,0,18.0,6.0,1.0,4447.0,8.333333333333334,8.736894947151288,4.166666666666667,7.167054263427035,0,0,0,0,0,0,0,0,0,0,1,0,0,0,0,0,0,0,0
2021-02-01,38.0,2021,2,0.49999999999999994,0.8660254037844387,25,1,0,0,0,21.0,18.0,6.0,12119.0,15.0,7.937253932202867,7.666666666666667,9.479803100006146,0,0,0,0,0,0,0,0,0,0,1,0,0,0,0,0,0,0,0
2021-03-01,101.0,2021,3,0.8660254037844386,0.5000000000000001,26,1,1,0,0,38.0,21.0,18.0,4320.0,25.666666666666668,10.785793124183128,14.0,14.628738843392503,0,0,0,0,0,0,0,0,0,0,1,0,0,0,0,0,0,0,0
2021-04-01,58.0,2021,4,1.0,6.123233995736766e-17,27,1,1,0,0,101.0,38.0,21.0,0.0,53.333333333333336,42.146569650659174,30.833333333333332,36.722835767608466,0,0,0,0,0,0,0,0,0,0,1,0,0,0,0,0,0,0,0
2021-05-01,6.0,2021,5,0.8660254037844387,-0.4999999999999998,28,1,1,0,0,58.0,101.0,38.0,0.0,65.66666666666667,32.19213154356122,40.333333333333336,34.783137679264726,0,0,0,0,0,0,0,0,0,0,1,0,0,0,0,0,0,0,0
2021-06-01,4.0,2021,6,0.49999999999999994,-0.8660254037844387,29,1,0,0,1,6.0,58.0,101.0,0.0,55.0,47.57099956890272,40.333333333333336,34.78313767926472,0,0,0,0,0,0,0,0,0,0,1,0,0,0,0,0,0,0,0
2021-07-01,1.0,2021,7,1.2246467991473532e-16,-1.0,30,1,0,0,1,4.0,6.0,58.0,0.0,22.666666666666668,30.615900008290716,38.0,36.981076243776805,0,0,0,0,0,0,0,0,0,0,1,0,0,0,0,0,0,0,0
2021-08-01,8.0,2021,8,-0.4999999999999997,-0.8660254037844388,31,1,0,0,1,1.0,4.0,6.0,0.0,3.6666666666666665,2.5166114752829323,34.666666666666664,39.626590401076896,0,0,0,0,0,0,0,0,0,0,1,0,0,0,0,0,0,0,0
2021-09-01,22.0,2021,9,-0.8660254037844384,-0.5000000000000004,32,1,0,1,0,8.0,1.0,4.0,0.0,4.333333333333333,3.5118845820343085,29.666666666666668,40.99105593681079,0,0,0,0,0,0,0,0,0,0,1,0,0,0,0,0,0,0,0
2021-10-01,13.0,2021,10,-1.0,-1.8369701987210297e-16,33,1,0,1,0,22.0,8.0,1.0,1.0,10.333333333333334,10.692676620826576,16.5,21.593980646193163,0,0,0,0,0,0,0,0,0,0,1,0,0,0,0,0,0,0,0
2021-11-01,27.0,2021,11,-0.8660254037844386,0.5000000000000001,34,1,0,1,0,13.0,22.0,8.0,6.0,14.333333333333334,7.094598883488661,9.0,7.536577482399489,0,0,0,0,0,0,0,0,0,0,1,0,0,0,0,0,0,0,0
2021-12-01,45.0,2021,12,-0.5000000000000004,0.8660254037844384,35,1,0,0,0,27.0,13.0,22.0,18.0,20.666666666666668,7.094598883491706,12.5,10.25182911231891,0,0,0,0,0,0,0,0,0,0,1,0,0,0,0,0,0,0,0
2022-01-01,39.0,2022,1,0.0,1.0,36,1,0,0,0,45.0,27.0,13.0,21.0,28.333333333333332,16.041612553533827,19.333333333333332,15.680136058555558,0,0,0,0,0,0,0,0,0,0,1,0,0,0,0,0,0,0,0
2022-02-01,27.0,2022,2,0.49999999999999994,0.8660254037844387,37,1,0,0,0,39.0,45.0,27.0,38.0,37.0,9.165151389061709,25.666666666666668,14.417581864334094,0,0,0,0,0,0,0,0,0,0,1,0,0,0,0,0,0,0,0
2022-03-01,29.0,2022,3,0.8660254037844386,0.5000000000000001,38,0,1,0,0,27.0,39.0,45.0,101.0,37.0,9.165151389061709,28.833333333333332,11.565754053011672,0,0,0,0,0,0,0,0,0,0,1,0,0,0,0,0,0,0,0
2022-04-01,53.0,2022,4,1.0,6.123233995736766e-17,39,0,1,0,0,29.0,27.0,39.0,58.0,31.666666666666668,6.429100506114113,30.0,11.081516148437544,0,0,0,0,0,0,0,0,0,0,1,0,0,0,0,0,0,0,0
2022-05-01,54.0,2022,5,0.8660254037844387,-0.4999999999999998,40,0,1,0,0,53.0,29.0,27.0,6.0,36.333333333333336,14.468356275601888,36.666666666666664,10.8382040400939,0,0,0,0,0,0,0,0,0,0,1,0,0,0,0,0,0,0,0
2022-06-01,75.0,2022,6,0.49999999999999994,-0.8660254037844387,41,0,0,0,1,54.0,53.0,29.0,4.0,45.333333333333336,14.153915829826383,41.166666666666664,11.600287359142447,0,0,0,0,0,0,0,0,0,0,1,0,0,0,0,0,0,0,0
2022-07-01,43.0,2022,7,1.2246467991473532e-16,-1.0,42,0,0,0,1,75.0,54.0,53.0,1.0,60.666666666666664,12.423096768435578,46.166666666666664,18.18149242539372,0,0,0,0,0,0,0,0,0,0,1,0,0,0,0,0,0,0,0
2022-08-01,66.0,2022,8,-0.4999999999999997,-0.8660254037844388,43,0,0,0,1,43.0,75.0,54.0,8.0,57.333333333333336,16.258331197201386,46.833333333333336,17.937855691655155,0,0,0,0,0,0,0,0,0,0,1,0,0,0,0,0,0,0,0
2022-09-01,76.0,2022,9,-0.8660254037844384,-0.5000000000000004,44,0,0,1,0,66.0,43.0,75.0,22.0,61.333333333333336,16.50252505884839,53.333333333333336,16.30541832688156,0,0,0,0,0,0,0,0,0,0,1,0,0,0,0,0,0,0,0
2022-10-01,102.0,2022,10,-1.0,-1.8369701987210297e-16,45,0,0,1,0,76.0,66.0,43.0,13.0,61.666666666666664,16.921386861540675,61.166666666666664,13.287839057369595,0,0,0,0,0,0,0,0,0,0,1,0,0,0,0,0,0,0,0
2022-11-01,927.0,2022,11,-0.8660254037844386,0.5000000000000001,46,0,0,1,0,102.0,76.0,66.0,27.0,81.33333333333333,18.583146485944077,69.33333333333333,20.412414526814473,0,0,0,0,0,0,0,0,0,0,1,0,0,0,0,0,0,0,0
2022-12-01,936.0,2022,12,-0.5000000000000004,0.8660254037844384,47,0,0,0,0,927.0,102.0,76.0,45.0,368.3333333333333,483.99414597009337,214.83333333333334,349.4048749900516,0,0,0,0,0,0,0,0,0,0,1,0,0,0,0,0,0,0,0
2023-01-01,820.0,2023,1,0.0,1.0,48,0,0,0,0,936.0,927.0,102.0,39.0,655.0,478.93318949514105,358.3333333333333,444.38571834253713,0,0,0,0,0,0,0,0,0,0,1,0,0,0,0,0,0,0,0
2023-02-01,2232.0,2023,2,0.49999999999999994,0.8660254037844387,49,0,0,0,0,820.0,936.0,927.0,27.0,894.3333333333334,64.5316459833751,487.8333333333333,447.31931175259126,0,0,0,0,0,0,0,0,0,0,1,0,0,0,0,0,0,0,0
2023-03-01,2188.0,2023,3,0.8660254037844386,0.5000000000000001,50,0,1,0,0,2232.0,820.0,936.0,29.0,1329.3333333333333,783.8809433410961,848.8333333333334,785.2032645543508,0,0,0,0,0,0,0,0,0,0,1,0,0,0,0,0,0,0,0
2023-04-01,1339.0,2023,4,1.0,6.123233995736766e-17,51,0,1,0,0,2188.0,2232.0,820.0,53.0,1746.6666666666667,802.818368831537,1200.8333333333333,840.8796386325499,0,0,0,0,0,0,0,0,0,0,1,0,0,0,0,0,0,0,0
2023-05-01,91.0,2023,5,0.8660254037844387,-0.4999999999999998,52,0,1,0,0,1339.0,2188.0,2232.0,54.0,1919.6666666666667,503.3530901199783,1407.0,646.8415571066379,0,0,0,0,0,0,0,0,0,0,1,0,0,0,0,0,0,0,0
2023-06-01,115.0,2023,6,0.49999999999999994,-0.8660254037844387,53,0,0,0,1,91.0,1339.0,2188.0,75.0,1206.0,1054.8075653881103,1267.6666666666667,833.9056701251092,0,0,0,0,0,0,0,0,0,0,1,0,0,0,0,0,0,0,0
2023-07-01,151.0,2023,7,1.2246467991473532e-16,-1.0,54,0,0,0,1,115.0,91.0,1339.0,43.0,515.0,713.7058217501016,1130.8333333333333,957.4226687658947,0,0,0,0,0,0,0,0,0,0,1,0,0,0,0,0,0,0,0
2023-08-01,78.0,2023,8,-0.4999999999999997,-0.8660254037844388,55,0,0,0,1,151.0,115.0,91.0,66.0,119.0,30.199337740836164,1019.3333333333334,1036.5474743912162,0,0,0,0,0,0,0,0,0,0,1,0,0,0,0,0,0,0,0
2023-09-01,126.0,2023,9,-0.8660254037844384,-0.5000000000000004,56,0,0,1,0,78.0,151.0,115.0,76.0,114.66666666666667,36.50114153445609,660.3333333333334,896.0374248137243,0,0,0,0,0,0,0,0,0,0,1,0,0,0,0,0,0,0,0
2023-10-01,752.0,2023,10,-1.0,-1.8369701987210297e-16,57,0,0,1,0,126.0,78.0,151.0,102.0,118.33333333333333,37.09896674192451,316.6666666666667,501.5020106308775,0,0,0,0,0,0,0,0,0,0,1,0,0,0,0,0,0,0,0
2023-11-01,2505.0,2023,11,-0.8660254037844386,0.5000000000000001,58,0,0,1,0,752.0,126.0,78.0,927.0,318.6666666666667,376.044323628638,218.83333333333334,262.46631529934143,0,0,0,0,0,0,0,0,0,0,1,0,0,0,0,0,0,0,0
2023-12-01,2532.0,2023,12,-0.5000000000000004,0.8660254037844384,59,0,0,0,0,2505.0,752.0,126.0,936.0,1127.6666666666667,1233.1886852113612,621.1666666666666,957.4368734631078,0,0,0,0,0,0,0,0,0,0,1,0,0,0,0,0,0,0,0
2024-01-01,1222.0,2024,1,0.0,1.0,60,0,0,0,0,2532.0,2505.0,752.0,820.0,1929.6666666666667,1019.9785945466359,1024.0,1183.626461346713,0,0,0,0,0,0,0,0,0,0,1,0,0,0,0,0,0,0,0
2024-02-01,2919.0,2024,2,0.49999999999999994,0.8660254037844387,61,0,0,0,0,1222.0,2532.0,2505.0,2232.0,2086.3333333333335,748.6563519621882,1202.5,1103.6991890910047,0,0,0,0,0,0,0,0,0,0,1,0,0,0,0,0,0,0,0
2024-03-01,3131.0,2024,3,0.8660254037844386,0.5000000000000001,62,0,1,0,0,2919.0,1222.0,2532.0,2188.0,2224.3333333333335,889.3516364933122,1676.0,1133.7916916259962,0,0,0,0,0,0,0,0,0,0,1,0,0,0,0,0,0,0,0
2024-04-01,1184.0,2024,4,1.0,6.123233995736766e-17,63,0,1,0,0,3131.0,2919.0,1222.0,1339.0,2424.0,1046.3455452191693,2176.8333333333335,963.0097438067812,0,0,0,0,0,0,0,0,0,0,1,0,0,0,0,0,0,0,0
2024-05-01,153.0,2024,5,0.8660254037844387,-0.4999999999999998,64,0,1,0,0,1184.0,3131.0,2919.0,91.0,2411.3333333333335,1068.1742991353674,2248.8333333333335,843.9671597087188,0,0,0,0,0,0,0,0,0,0,1,0,0,0,0,0,0,0,0
2024-06-01,125.0,2024,6,0.49999999999999994,-0.8660254037844387,65,0,0,0,1,153.0,1184.0,3131.0,115.0,1489.3333333333333,1512.2970387239825,1856.8333333333333,1180.3656072026176,0,0,0,0,0,0,0,0,0,0,1,0,0,0,0,0,0,0,0
2024-07-01,110.0,2024,7,1.2246467991473532e-16,-1.0,66,0,0,0,1,125.0,153.0,1184.0,151.0,487.3333333333333,603.4934410027328,1455.6666666666667,1307.2186759172343,0,0,0,0,0,0,0,0,0,0,1,0,0,0,0,0,0,0,0
2024-08-01,152.0,2024,8,-0.4999999999999997,-0.8660254037844388,67,0,0,0,1,110.0,125.0,153.0,78.0,129.33333333333334,21.825062046099372,1270.3333333333333,1420.8611004129884,0,0,0,0,0,0,0,0,0,0,1,0,0,0,0,0,0,0,0
2024-09-01,160.0,2024,9,-0.8660254037844384,-0.5000000000000004,68,0,0,1,0,152.0,110.0,125.0,126.0,129.0,21.28379665338756,809.1666666666666,1212.4974914063991,0,0,0,0,0,0,0,0,0,0,1,0,0,0,0,0,0,0,0
2024-10-01,698.0,2024,10,-1.0,-1.8369701987210297e-16,69,0,0,1,0,160.0,152.0,110.0,752.0,140.66666666666666,26.857649437658818,314.0,426.6422388842285,0,0,0,0,0,0,0,0,0,0,1,0,0,0,0,0,0,0,0
2024-11-01,1547.0,2024,11,-0.8660254037844386,0.5000000000000001,70,0,0,1,0,698.0,160.0,152.0,2505.0,336.6666666666667,312.9494101820895,233.0,228.60796136650086,0,0,0,0,0,0,0,0,0,0,1,0,0,0,0,0,0,0,0
2024-12-01,1509.0,2024,12,-0.5000000000000004,0.8660254037844384,71,0,0,0,0,1547.0,698.0,160.0,2532.0,801.6666666666666,699.2870178498391,465.3333333333333,575.7831767834251,0,0,0,0,0,0,0,0,0,0,1,0,0,0,0,0,0,0,0
2025-01-01,1126.0,2025,1,0.0,1.0,72,0,0,0,0,1509.0,1547.0,698.0,1222.0,1251.3333333333333,479.5772443864749,696.0,679.9708817296112,0,0,0,0,0,0,0,0,0,0,1,0,0,0,0,0,0,0,0
2025-02-01,3269.0,2025,2,0.49999999999999994,0.8660254037844387,73,0,0,0,0,1126.0,1509.0,1547.0,2919.0,1394.0,232.87120904051764,865.3333333333334,629.4860337345146,0,0,0,0,0,0,0,0,0,0,1,0,0,0,0,0,0,0,0
2025-03-01,3752.0,2025,3,0.8660254037844386,0.5000000000000001,74,0,1,0,0,3269.0,1126.0,1509.0,3131.0,1968.0,1142.8573839285446,1384.8333333333333,1061.2022270363022,0,0,0,0,0,0,0,0,0,0,1,0,0,0,0,0,0,0,0
2025-04-01,1779.0,2025,4,1.0,6.123233995736766e-17,75,0,1,0,0,3752.0,3269.0,1126.0,1184.0,2715.6666666666665,1397.713251469462,1983.5,1231.5519883464674,0,0,0,0,0,0,0,0,0,0,1,0,0,0,0,0,0,0,0
2025-05-01,233.0,2025,5,0.8660254037844387,-0.4999999999999998,76,0,1,0,0,1779.0,3752.0,3269.0,153.0,2933.3333333333335,1028.438784436554,2163.6666666666665,1075.0024496096755,0,0,0,0,0,0,0,0,0,0,1,0,0,0,0,0,0,0,0
2025-06-01,141.0,2025,6,0.49999999999999994,-0.8660254037844387,77,0,0,0,1,233.0,1779.0,3752.0,125.0,1921.3333333333333,1763.8124427878745,1944.6666666666667,1329.4796977264468,0,0,0,0,0,0,0,0,0,0,1,0,0,0,0,0,0,0,0
2025-07-01,144.0,2025,7,1.2246467991473532e-16,-1.0,78,0,0,0,1,141.0,233.0,1779.0,110.0,717.6666666666666,920.2919826518757,1716.6666666666667,1522.437869558822,0,0,0,0,0,0,0,0,0,0,1,0,0,0,0,0,0,0,0
2025-08-01,182.0,2025,8,-0.4999999999999997,-0.8660254037844388,79,0,0,0,1,144.0,141.0,233.0,152.0,172.66666666666666,52.2717259454477,1553.0,1646.3752913598223,0,0,0,0,0,0,0,0,0,0,1,0,0,0,0,0,0,0,0
2025-09-01,145.0,2025,9,-0.8660254037844384,-0.5000000000000004,80,0,0,1,0,182.0,144.0,141.0,160.0,155.66666666666666,22.85461295484687,1038.5,1476.4471883545796,0,0,0,0,0,0,0,0,0,0,1,0,0,0,0,0,0,0,0
2025-10-01,3038.0,2025,10,-1.0,-1.8369701987210297e-16,81,0,0,1,0,145.0,182.0,144.0,698.0,157.0,21.656407827304413,437.3333333333333,658.2299496884151,0,0,0,0,0,0,0,0,0,0,1,0,0,0,0,0,0,0,0
2025-11-01,4484.0,2025,11,-0.8660254037844386,0.5000000000000001,82,0,0,1,0,3038.0,145.0,182.0,1547.0,1121.6666666666667,1659.6964581914742,647.1666666666666,1171.7978352372957,0,0,0,0,0,0,0,0,0,0,1,0,0,0,0,0,0,0,0
2025-12-01,3792.0,2025,12,-0.5000000000000004,0.8660254037844384,83,0,0,0,0,4484.0,3038.0,145.0,1509.0,2555.6666666666665,2209.3470377768485,1355.6666666666667,1918.5136607975478,0,0,0,0,0,0,0,0,0,0,1,0,0,0,0,0,0,0,0
2020-01-01,591.0,2020,1,0.0,1.0,12,0,0,0,0,847.0,1604.0,2756.0,603.0,1735.6666666666667,961.2868111720499,1391.8333333333333,731.9979280481659,0,0,0,0,0,0,0,0,0,0,0,1,0,0,0,0,0,0,0
2020-02-01,1119.0,2020,2,0.49999999999999994,0.8660254037844387,13,0,0,0,0,591.0,847.0,1604.0,1252.0,1014.0,526.7437707272751,1319.0,794.5106670146988,0,0,0,0,0,0,0,0,0,0,0,1,0,0,0,0,0,0,0
2020-03-01,774.0,2020,3,0.8660254037844386,0.5000000000000001,14,1,1,0,0,1119.0,591.0,847.0,1844.0,852.3333333333334,264.0404009490214,1370.1666666666667,764.6540176228775,0,0,0,0,0,0,0,0,0,0,0,1,0,0,0,0,0,0,0
2020-04-01,0.0,2020,4,1.0,6.123233995736766e-17,15,1,1,0,0,774.0,1119.0,591.0,1813.0,828.0,268.11005203085244,1281.8333333333333,803.45489398398,0,0,0,0,0,0,0,0,0,0,0,1,0,0,0,0,0,0,0
2020-05-01,0.0,2020,5,0.8660254037844387,-0.4999999999999998,16,1,1,0,0,0.0,774.0,1119.0,796.0,631.0,573.0418832860165,822.5,535.1084936722127,0,0,0,0,0,0,0,0,0,0,0,1,0,0,0,0,0,0,0
2020-06-01,1.0,2020,6,0.49999999999999994,-0.8660254037844387,17,1,0,0,1,0.0,0.0,774.0,375.0,258.0,446.8691083527495,555.1666666666666,462.3130613197218,0,0,0,0,0,0,0,0,0,0,0,1,0,0,0,0,0,0,0
2020-07-01,1.0,2020,7,1.2246467991473532e-16,-1.0,18,1,0,0,1,1.0,0.0,0.0,1028.0,0.3333333333333333,0.5773502510448326,414.1666666666667,484.007196916341,0,0,0,0,0,0,0,0,0,0,0,1,0,0,0,0,0,0,0
2020-08-01,0.0,2020,8,-0.4999999999999997,-0.8660254037844388,19,1,0,0,1,1.0,1.0,0.0,812.0,0.6666666666666666,0.5773502510473925,315.8333333333333,500.5466678211077,0,0,0,0,0,0,0,0,0,0,0,1,0,0,0,0,0,0,0
2020-09-01,4.0,2020,9,-0.8660254037844384,-0.5000000000000004,20,1,0,1,0,0.0,1.0,1.0,1304.0,0.6666666666666666,0.5773502510473926,129.33333333333334,315.82125746506586,0,0,0,0,0,0,0,0,0,0,0,1,0,0,0,0,0,0,0
2020-10-01,29.0,2020,10,-1.0,-1.8369701987210297e-16,21,1,0,1,0,4.0,0.0,1.0,2756.0,1.6666666666666667,2.0816659944365123,1.0,1.5491933867336676,0,0,0,0,0,0,0,0,0,0,0,1,0,0,0,0,0,0,0
2020-11-01,12.0,2020,11,-0.8660254037844386,0.5000000000000001,22,1,0,1,0,29.0,4.0,0.0,1604.0,11.0,15.716233644838155,5.833333333333333,11.444066882718632,0,0,0,0,0,0,0,0,0,0,0,1,0,0,0,0,0,0,0
2020-12-01,32.0,2020,12,-0.5000000000000004,0.8660254037844384,23,1,0,0,0,12.0,29.0,4.0,847.0,15.0,12.767145333988262,7.833333333333333,11.26794865164576,0,0,0,0,0,0,0,0,0,0,0,1,0,0,0,0,0,0,0
2021-01-01,59.0,2021,1,0.0,1.0,24,1,0,0,0,32.0,12.0,29.0,591.0,24.333333333333332,10.785793123947554,13.0,14.226735400274663,0,0,0,0,0,0,0,0,0,0,0,1,0,0,0,0,0,0,0
2021-02-01,74.0,2021,2,0.49999999999999994,0.8660254037844387,25,1,0,0,0,59.0,32.0,12.0,1119.0,34.333333333333336,23.586719426674897,22.666666666666668,22.015146304670285,0,0,0,0,0,0,0,0,0,0,0,1,0,0,0,0,0,0,0
2021-03-01,122.0,2021,3,0.8660254037844386,0.5000000000000001,26,1,1,0,0,74.0,59.0,32.0,774.0,55.0,21.283796653311946,35.0,26.951808847446543,0,0,0,0,0,0,0,0,0,0,0,1,0,0,0,0,0,0,0
2021-04-01,139.0,2021,4,1.0,6.123233995736766e-17,27,1,1,0,0,122.0,74.0,59.0,0.0,85.0,32.90896534350175,54.666666666666664,39.79782238786248,0,0,0,0,0,0,0,0,0,0,0,1,0,0,0,0,0,0,0
2021-05-01,7.0,2021,5,0.8660254037844387,-0.4999999999999998,28,1,1,0,0,139.0,122.0,74.0,0.0,111.66666666666667,33.70954365329452,73.0,49.711165749246646,0,0,0,0,0,0,0,0,0,0,0,1,0,0,0,0,0,0,0
2021-06-01,5.0,2021,6,0.49999999999999994,-0.8660254037844387,29,1,0,0,1,7.0,139.0,122.0,1.0,89.33333333333333,71.80761333809369,72.16666666666667,50.964366638031954,0,0,0,0,0,0,0,0,0,0,0,1,0,0,0,0,0,0,0
2021-07-01,29.0,2021,7,1.2246467991473532e-16,-1.0,30,1,0,0,1,5.0,7.0,139.0,1.0,50.333333333333336,76.79409699523022,67.66666666666667,56.14861233205831,0,0,0,0,0,0,0,0,0,0,0,1,0,0,0,0,0,0,0
2021-08-01,69.0,2021,8,-0.4999999999999997,-0.8660254037844388,31,1,0,0,1,29.0,5.0,7.0,0.0,13.666666666666666,13.316656236176627,62.666666666666664,58.366657149573,0,0,0,0,0,0,0,0,0,0,0,1,0,0,0,0,0,0,0
2021-09-01,120.0,2021,9,-0.8660254037844384,-0.5000000000000004,32,1,0,1,0,69.0,29.0,5.0,4.0,34.333333333333336,32.33161507429971,61.833333333333336,58.207960510705114,0,0,0,0,0,0,0,0,0,0,0,1,0,0,0,0,0,0,0
2021-10-01,251.0,2021,10,-1.0,-1.8369701987210297e-16,33,1,0,1,0,120.0,69.0,29.0,29.0,72.66666666666667,45.610671265757794,61.5,57.798788915937855,0,0,0,0,0,0,0,0,0,0,0,1,0,0,0,0,0,0,0
2021-11-01,240.0,2021,11,-0.8660254037844386,0.5000000000000001,34,1,0,1,0,251.0,120.0,69.0,12.0,146.66666666666666,93.88468103643788,80.16666666666667,94.35765293189363,0,0,0,0,0,0,0,0,0,0,0,1,0,0,0,0,0,0,0
2021-12-01,188.0,2021,12,-0.5000000000000004,0.8660254037844384,35,1,0,0,0,240.0,251.0,120.0,32.0,203.66666666666666,72.66590213651921,119.0,105.51018908213935,0,0,0,0,0,0,0,0,0,0,0,1,0,0,0,0,0,0,0
2022-01-01,142.0,2022,1,0.0,1.0,36,1,0,0,0,188.0,240.0,251.0,59.0,226.33333333333334,33.650160970111095,149.5,91.48278526667525,0,0,0,0,0,0,0,0,0,0,0,1,0,0,0,0,0,0,0
2022-02-01,253.0,2022,2,0.49999999999999994,0.8660254037844387,37,1,0,0,0,142.0,188.0,240.0,74.0,190.0,49.03060268832857,168.33333333333334,71.06804251430574,0,0,0,0,0,0,0,0,0,0,0,1,0,0,0,0,0,0,0
2022-03-01,463.0,2022,3,0.8660254037844386,0.5000000000000001,38,0,1,0,0,253.0,142.0,188.0,122.0,194.33333333333334,55.77036249939662,199.0,58.1584043810378,0,0,0,0,0,0,0,0,0,0,0,1,0,0,0,0,0,0,0
2022-04-01,806.0,2022,4,1.0,6.123233995736766e-17,39,0,1,0,0,463.0,253.0,142.0,139.0,286.0,163.0245380302658,256.1666666666667,110.23505189736447,0,0,0,0,0,0,0,0,0,0,0,1,0,0,0,0,0,0,0
2022-05-01,315.0,2022,5,0.8660254037844387,-0.4999999999999998,40,0,1,0,0,806.0,463.0,253.0,7.0,507.3333333333333,279.1528852319404,348.6666666666667,249.68433404363614,0,0,0,0,0,0,0,0,0,0,0,1,0,0,0,0,0,0,0
2022-06-01,201.0,2022,6,0.49999999999999994,-0.8660254037844387,41,0,0,0,1,315.0,806.0,463.0,5.0,528.0,251.8709987274909,361.1666666666667,244.98931949538942,0,0,0,0,0,0,0,0,0,0,0,1,0,0,0,0,0,0,0
2022-07-01,598.0,2022,7,1.2246467991473532e-16,-1.0,42,0,0,0,1,201.0,315.0,806.0,29.0,440.6666666666667,321.4814665471655,363.3333333333333,243.20252191705163,0,0,0,0,0,0,0,0,0,0,0,1,0,0,0,0,0,0,0
2022-08-01,483.0,2022,8,-0.4999999999999997,-0.8660254037844388,43,0,0,0,1,598.0,201.0,315.0,69.0,371.3333333333333,204.4072731908424,439.3333333333333,231.15420538422725,0,0,0,0,0,0,0,0,0,0,0,1,0,0,0,0,0,0,0
2022-09-01,804.0,2022,9,-0.8660254037844384,-0.5000000000000004,44,0,0,1,0,483.0,598.0,201.0,120.0,427.3333333333333,204.27024583457126,477.6666666666667,212.3823595942311,0,0,0,0,0,0,0,0,0,0,0,1,0,0,0,0,0,0,0
2022-10-01,1842.0,2022,10,-1.0,-1.8369701987210297e-16,45,0,0,1,0,804.0,483.0,598.0,251.0,628.3333333333334,162.6355844620663,534.5,249.97179840963315,0,0,0,0,0,0,0,0,0,0,0,1,0,0,0,0,0,0,0
2022-11-01,1148.0,2022,11,-0.8660254037844386,0.5000000000000001,46,0,0,1,0,1842.0,804.0,483.0,240.0,1043.0,710.3245736985228,707.1666666666666,594.8765978476645,0,0,0,0,0,0,0,0,0,0,0,1,0,0,0,0,0,0,0
2022-12-01,460.0,2022,12,-0.5000000000000004,0.8660254037844384,47,0,0,0,0,1148.0,1842.0,804.0,188.0,1264.6666666666667,528.7431638643884,846.0,582.1137345915696,0,0,0,0,0,0,0,0,0,0,0,1,0,0,0,0,0,0,0
2023-01-01,437.0,2023,1,0.0,1.0,48,0,0,0,0,460.0,1148.0,1842.0,142.0,1150.0,691.0021707635868,889.1666666666666,532.1790738715782,0,0,0,0,0,0,0,0,0,0,0,1,0,0,0,0,0,0,0
2023-02-01,805.0,2023,2,0.49999999999999994,0.8660254037844387,49,0,0,0,0,437.0,460.0,1148.0,253.0,681.6666666666666,404.02021401573256,862.3333333333334,553.4309953976294,0,0,0,0,0,0,0,0,0,0,0,1,0,0,0,0,0,0,0
2023-03-01,1402.0,2023,3,0.8660254037844386,0.5000000000000001,50,0,1,0,0,805.0,437.0,460.0,463.0,567.3333333333334,206.14638811610862,916.0,524.1263206519435,0,0,0,0,0,0,0,0,0,0,0,1,0,0,0,0,0,0,0
2023-04-01,1285.0,2023,4,1.0,6.123233995736766e-17,51,0,1,0,0,1402.0,805.0,437.0,806.0,881.3333333333334,487.0075290314516,1015.6666666666666,554.5436562316894,0,0,0,0,0,0,0,0,0,0,0,1,0,0,0,0,0,0,0
2023-05-01,542.0,2023,5,0.8660254037844387,-0.4999999999999998,52,0,1,0,0,1285.0,1402.0,805.0,315.0,1164.0,316.3589733198497,922.8333333333334,418.47313732999703,0,0,0,0,0,0,0,0,0,0,0,1,0,0,0,0,0,0,0
2023-06-01,220.0,2023,6,0.49999999999999994,-0.8660254037844387,53,0,0,0,1,542.0,1285.0,1402.0,201.0,1076.3333333333333,466.4293444170531,821.8333333333334,426.3160408274724,0,0,0,0,0,0,0,0,0,0,0,1,0,0,0,0,0,0,0
2023-07-01,602.0,2023,7,1.2246467991473532e-16,-1.0,54,0,0,0,1,220.0,542.0,1285.0,598.0,682.3333333333334,546.1925789804529,781.8333333333334,475.4801432939249,0,0,0,0,0,0,0,0,0,0,0,1,0,0,0,0,0,0,0
2023-08-01,563.0,2023,8,-0.4999999999999997,-0.8660254037844388,55,0,0,0,1,602.0,220.0,542.0,483.0,454.6666666666667,205.4296310986228,809.3333333333334,455.9165128253321,0,0,0,0,0,0,0,0,0,0,0,1,0,0,0,0,0,0,0
2023-09-01,891.0,2023,9,-0.8660254037844384,-0.5000000000000004,56,0,0,1,0,563.0,602.0,220.0,804.0,461.6666666666667,210.19594033500343,769.0,466.94753452625145,0,0,0,0,0,0,0,0,0,0,0,1,0,0,0,0,0,0,0
2023-10-01,2081.0,2023,10,-1.0,-1.8369701987210297e-16,57,0,0,1,0,891.0,563.0,602.0,1842.0,685.3333333333334,179.17682141761068,683.8333333333334,363.5587527027948,0,0,0,0,0,0,0,0,0,0,0,1,0,0,0,0,0,0,0
2023-11-01,1299.0,2023,11,-0.8660254037844386,0.5000000000000001,58,0,0,1,0,2081.0,891.0,563.0,1148.0,1178.3333333333333,798.7498565466681,816.5,655.1252551994501,0,0,0,0,0,0,0,0,0,0,0,1,0,0,0,0,0,0,0
2023-12-01,591.0,2023,12,-0.5000000000000004,0.8660254037844384,59,0,0,0,0,1299.0,2081.0,891.0,460.0,1423.6666666666667,604.7159112619124,942.6666666666666,664.5138573926134,0,0,0,0,0,0,0,0,0,0,0,1,0,0,0,0,0,0,0
2024-01-01,492.0,2024,1,0.0,1.0,60,0,0,0,0,591.0,1299.0,2081.0,437.0,1323.6666666666667,745.306201056535,1004.5,597.72493673942,0,0,0,0,0,0,0,0,0,0,0,1,0,0,0,0,0,0,0
2024-02-01,1026.0,2024,2,0.49999999999999994,0.8660254037844387,61,0,0,0,0,492.0,591.0,1299.0,805.0,794.0,440.1352064990779,986.1666666666666,614.0046959647868,0,0,0,0,0,0,0,0,0,0,0,1,0,0,0,0,0,0,0
2024-03-01,1563.0,2024,3,0.8660254037844386,0.5000000000000001,62,0,1,0,0,1026.0,492.0,591.0,1402.0,703.0,284.0721739276573,1063.3333333333333,578.2382438639024,0,0,0,0,0,0,0,0,0,0,0,1,0,0,0,0,0,0,0
2024-04-01,1300.0,2024,4,1.0,6.123233995736766e-17,63,0,1,0,0,1563.0,1026.0,492.0,1285.0,1027.0,535.5007002796431,1175.3333333333333,602.7439478475162,0,0,0,0,0,0,0,0,0,0,0,1,0,0,0,0,0,0,0
2024-05-01,665.0,2024,5,0.8660254037844387,-0.4999999999999998,64,0,1,0,0,1300.0,1563.0,1026.0,542.0,1296.3333333333333,268.5187765004969,1045.1666666666667,426.6499345679195,0,0,0,0,0,0,0,0,0,0,0,1,0,0,0,0,0,0,0
2024-06-01,246.0,2024,6,0.49999999999999994,-0.8660254037844387,65,0,0,0,1,665.0,1300.0,1563.0,220.0,1176.0,461.663297219943,939.5,429.7100185010163,0,0,0,0,0,0,0,0,0,0,0,1,0,0,0,0,0,0,0
2024-07-01,675.0,2024,7,1.2246467991473532e-16,-1.0,66,0,0,0,1,246.0,665.0,1300.0,602.0,737.0,530.6759840052925,882.0,502.5745715813167,0,0,0,0,0,0,0,0,0,0,0,1,0,0,0,0,0,0,0
2024-08-01,500.0,2024,8,-0.4999999999999997,-0.8660254037844388,67,0,0,0,1,675.0,246.0,665.0,563.0,528.6666666666666,244.8475716304268,912.5,479.1812809367076,0,0,0,0,0,0,0,0,0,0,0,1,0,0,0,0,0,0,0
2024-09-01,870.0,2024,9,-0.8660254037844384,-0.5000000000000004,68,0,0,1,0,500.0,675.0,246.0,891.0,473.6666666666667,215.70890879450596,824.8333333333334,501.8435679241201,0,0,0,0,0,0,0,0,0,0,0,1,0,0,0,0,0,0,0
2024-10-01,2166.0,2024,10,-1.0,-1.8369701987210297e-16,69,0,0,1,0,870.0,500.0,675.0,2081.0,681.6666666666666,185.09006816498385,709.3333333333334,356.74734290084274,0,0,0,0,0,0,0,0,0,0,0,1,0,0,0,0,0,0,0
2024-11-01,1397.0,2024,11,-0.8660254037844386,0.5000000000000001,70,0,0,1,0,2166.0,870.0,500.0,1299.0,1178.6666666666667,874.8401758797563,853.6666666666666,675.9203108849525,0,0,0,0,0,0,0,0,0,0,0,1,0,0,0,0,0,0,0
2024-12-01,491.0,2024,12,-0.5000000000000004,0.8660254037844384,71,0,0,0,0,1397.0,2166.0,870.0,591.0,1477.6666666666667,651.7548107481261,975.6666666666666,700.6644465554181,0,0,0,0,0,0,0,0,0,0,0,1,0,0,0,0,0,0,0
2025-01-01,573.0,2025,1,0.0,1.0,72,0,0,0,0,491.0,1397.0,2166.0,492.0,1351.3333333333333,838.4332611086733,1016.5,655.3071798783708,0,0,0,0,0,0,0,0,0,0,0,1,0,0,0,0,0,0,0
2025-02-01,983.0,2025,2,0.49999999999999994,0.8660254037844387,73,0,0,0,0,573.0,491.0,1397.0,1026.0,820.3333333333334,501.088149264498,999.5,667.1541800814438,0,0,0,0,0,0,0,0,0,0,0,1,0,0,0,0,0,0,0
2025-03-01,1518.0,2025,3,0.8660254037844386,0.5000000000000001,74,0,1,0,0,983.0,573.0,491.0,1563.0,682.3333333333334,263.59312080044606,1080.0,622.4731319504025,0,0,0,0,0,0,0,0,0,0,0,1,0,0,0,0,0,0,0
2025-04-01,1320.0,2025,4,1.0,6.123233995736766e-17,75,0,1,0,0,1518.0,983.0,573.0,1300.0,1024.6666666666667,473.8758627882641,1188.0,634.8423426333051,0,0,0,0,0,0,0,0,0,0,0,1,0,0,0,0,0,0,0
2025-05-01,648.0,2025,5,0.8660254037844387,-0.4999999999999998,76,0,1,0,0,1320.0,1518.0,983.0,665.0,1273.6666666666667,270.49276022349284,1047.0,437.442110455936,0,0,0,0,0,0,0,0,0,0,0,1,0,0,0,0,0,0,0
2025-06-01,241.0,2025,6,0.49999999999999994,-0.8660254037844387,77,0,0,0,1,648.0,1320.0,1518.0,246.0,1162.0,456.01315770489526,922.1666666666666,424.2590796515857,0,0,0,0,0,0,0,0,0,0,0,1,0,0,0,0,0,0,0
2025-07-01,608.0,2025,7,1.2246467991473532e-16,-1.0,78,0,0,0,1,241.0,648.0,1320.0,675.0,736.3333333333334,544.8966262818291,880.5,483.2484868058503,0,0,0,0,0,0,0,0,0,0,0,1,0,0,0,0,0,0,0
2025-08-01,528.0,2025,8,-0.4999999999999997,-0.8660254037844388,79,0,0,0,1,608.0,241.0,648.0,500.0,499.0,224.327885025433,886.3333333333334,478.98670823605397,0,0,0,0,0,0,0,0,0,0,0,1,0,0,0,0,0,0,0
2025-09-01,816.0,2025,9,-0.8660254037844384,-0.5000000000000004,80,0,0,1,0,528.0,608.0,241.0,870.0,459.0,192.98445533250478,810.5,496.3255987757878,0,0,0,0,0,0,0,0,0,0,0,1,0,0,0,0,0,0,0
2025-10-01,2162.0,2025,10,-1.0,-1.8369701987210297e-16,81,0,0,1,0,816.0,528.0,608.0,2166.0,650.6666666666666,148.66517189079133,693.5,360.2875240695198,0,0,0,0,0,0,0,0,0,0,0,1,0,0,0,0,0,0,0
2025-11-01,1400.0,2025,11,-0.8660254037844386,0.5000000000000001,82,0,0,1,0,2162.0,816.0,528.0,1397.0,1168.6666666666667,872.2209200273306,833.8333333333334,677.4754362091742,0,0,0,0,0,0,0,0,0,0,0,1,0,0,0,0,0,0,0
2025-12-01,517.0,2025,12,-0.5000000000000004,0.8660254037844384,83,0,0,0,0,1400.0,2162.0,816.0,491.0,1459.3333333333333,674.9587641725423,959.1666666666666,705.2127102277797,0,0,0,0,0,0,0,0,0,0,0,1,0,0,0,0,0,0,0
2020-01-01,12454.0,2020,1,0.0,1.0,12,0,0,0,0,14888.0,24341.0,27915.0,11952.0,22381.333333333332,6730.965928700981,17713.833333333332,7054.963002501626,0,0,0,0,0,0,0,0,0,0,0,0,1,0,0,0,0,0,0
2020-02-01,16244.0,2020,2,0.49999999999999994,0.8660254037844387,13,0,0,0,0,12454.0,14888.0,24341.0,15645.0,17227.666666666668,6279.388691053728,18050.166666666668,6676.567723513838,0,0,0,0,0,0,0,0,0,0,0,0,1,0,0,0,0,0,0
2020-03-01,7569.0,2020,3,0.8660254037844386,0.5000000000000001,14,1,1,0,0,16244.0,12454.0,14888.0,21031.0,14528.666666666666,1920.3815593088414,18856.0,5968.9818562297605,0,0,0,0,0,0,0,0,0,0,0,0,1,0,0,0,0,0,0
2020-04-01,5.0,2020,4,1.0,6.123233995736766e-17,15,1,1,0,0,7569.0,16244.0,12454.0,24499.0,12089.0,4349.002759254141,17235.166666666668,7580.734038776637,0,0,0,0,0,0,0,0,0,0,0,0,1,0,0,0,0,0,0
2020-05-01,6.0,2020,5,0.8660254037844387,-0.4999999999999998,16,1,1,0,0,5.0,7569.0,16244.0,12560.0,7939.333333333333,8125.831670255882,12583.5,8250.205203508584,0,0,0,0,0,0,0,0,0,0,0,0,1,0,0,0,0,0,0
2020-06-01,33.0,2020,6,0.49999999999999994,-0.8660254037844387,17,1,0,0,1,6.0,5.0,7569.0,10619.0,2526.6666666666665,4366.788789640911,8527.666666666666,7233.05502997639,0,0,0,0,0,0,0,0,0,0,0,0,1,0,0,0,0,0,0
2020-07-01,128.0,2020,7,1.2246467991473532e-16,-1.0,18,1,0,0,1,33.0,6.0,5.0,10436.0,14.666666666666666,15.88500341684153,6051.833333333333,7162.575553993603,0,0,0,0,0,0,0,0,0,0,0,0,1,0,0,0,0,0,0
2020-08-01,89.0,2020,8,-0.4999999999999997,-0.8660254037844388,19,1,0,0,1,128.0,33.0,6.0,11409.0,55.666666666666664,64.08067831689054,3997.5,6712.597016058695,0,0,0,0,0,0,0,0,0,0,0,0,1,0,0,0,0,0,0
2020-09-01,196.0,2020,9,-0.8660254037844384,-0.5000000000000004,20,1,0,1,0,89.0,128.0,33.0,17294.0,83.33333333333333,47.75283586921964,1305.0,3069.10625427014,0,0,0,0,0,0,0,0,0,0,0,0,1,0,0,0,0,0,0
2020-10-01,719.0,2020,10,-1.0,-1.8369701987210297e-16,21,1,0,1,0,196.0,89.0,128.0,27915.0,137.66666666666666,54.15102338416407,76.16666666666667,76.24019062644707,0,0,0,0,0,0,0,0,0,0,0,0,1,0,0,0,0,0,0
2020-11-01,603.0,2020,11,-0.8660254037844386,0.5000000000000001,22,1,0,1,0,719.0,196.0,89.0,24341.0,334.6666666666667,337.11471835793674,195.16666666666666,265.4305307736039,0,0,0,0,0,0,0,0,0,0,0,0,1,0,0,0,0,0,0
2020-12-01,862.0,2020,12,-0.5000000000000004,0.8660254037844384,23,1,0,0,0,603.0,719.0,196.0,14888.0,506.0,274.6616099862094,294.6666666666667,291.0014891143294,0,0,0,0,0,0,0,0,0,0,0,0,1,0,0,0,0,0,0
2021-01-01,1165.0,2021,1,0.0,1.0,24,1,0,0,0,862.0,603.0,719.0,12454.0,728.0,129.7343439503017,432.8333333333333,335.3406725507022,0,0,0,0,0,0,0,0,0,0,0,0,1,0,0,0,0,0,0
2021-02-01,1281.0,2021,2,0.49999999999999994,0.8660254037844387,25,1,0,0,0,1165.0,862.0,603.0,16244.0,876.6666666666666,281.2869235025823,605.6666666666666,406.49313237342335,0,0,0,0,0,0,0,0,0,0,0,0,1,0,0,0,0,0,0
2021-03-01,2246.0,2021,3,0.8660254037844386,0.5000000000000001,26,1,1,0,0,1281.0,1165.0,862.0,7569.0,1102.6666666666667,216.3430917167131,804.3333333333334,394.5892379003229,0,0,0,0,0,0,0,0,0,0,0,0,1,0,0,0,0,0,0
2021-04-01,3955.0,2021,4,1.0,6.123233995736766e-17,27,1,1,0,0,2246.0,1281.0,1165.0,5.0,1564.0,593.4703025427725,1146.0,597.7323815890279,0,0,0,0,0,0,0,0,0,0,0,0,1,0,0,0,0,0,0
2021-05-01,453.0,2021,5,0.8660254037844387,-0.4999999999999998,28,1,1,0,0,3955.0,2246.0,1281.0,6.0,2494.0,1354.1406869303514,1685.3333333333333,1244.9328763699505,0,0,0,0,0,0,0,0,0,0,0,0,1,0,0,0,0,0,0
2021-06-01,334.0,2021,6,0.49999999999999994,-0.8660254037844387,29,1,0,0,1,453.0,3955.0,2246.0,33.0,2218.0,1751.1678960054646,1660.3333333333333,1272.2216263948505,0,0,0,0,0,0,0,0,0,0,0,0,1,0,0,0,0,0,0
2021-07-01,586.0,2021,7,1.2246467991473532e-16,-1.0,30,1,0,0,1,334.0,453.0,3955.0,128.0,1580.6666666666667,2057.093661779537,1572.3333333333333,1354.1122060843993,0,0,0,0,0,0,0,0,0,0,0,0,1,0,0,0,0,0,0
2021-08-01,1390.0,2021,8,-0.4999999999999997,-0.8660254037844388,31,1,0,0,1,586.0,334.0,453.0,89.0,457.6666666666667,126.06479815377368,1475.8333333333333,1408.4856288463714,0,0,0,0,0,0,0,0,0,0,0,0,1,0,0,0,0,0,0
2021-09-01,2362.0,2021,9,-0.8660254037844384,-0.5000000000000004,32,1,0,1,0,1390.0,586.0,334.0,196.0,770.0,551.5215317648224,1494.0,1406.1711133429285,0,0,0,0,0,0,0,0,0,0,0,0,1,0,0,0,0,0,0
2021-10-01,4403.0,2021,10,-1.0,-1.8369701987210297e-16,33,1,0,1,0,2362.0,1390.0,586.0,719.0,1446.0,889.3233382747868,1513.3333333333333,1419.314153620247,0,0,0,0,0,0,0,0,0,0,0,0,1,0,0,0,0,0,0
2021-11-01,4278.0,2021,11,-0.8660254037844386,0.5000000000000001,34,1,0,1,0,4403.0,2362.0,1390.0,603.0,2718.3333333333335,1537.7816273234425,1588.0,1576.53100191531,0,0,0,0,0,0,0,0,0,0,0,0,1,0,0,0,0,0,0
2021-12-01,3560.0,2021,12,-0.5000000000000004,0.8660254037844384,35,1,0,0,0,4278.0,4403.0,2362.0,862.0,3681.0,1143.996066426889,2225.5,1785.3115974529749,0,0,0,0,0,0,0,0,0,0,0,0,1,0,0,0,0,0,0
2022-01-01,3182.0,2022,1,0.0,1.0,36,1,0,0,0,3560.0,4278.0,4403.0,1165.0,4080.3333333333335,454.9355265678044,2763.1666666666665,1575.1376341979644,0,0,0,0,0,0,0,0,0,0,0,0,1,0,0,0,0,0,0
2022-02-01,3503.0,2022,2,0.49999999999999994,0.8660254037844387,37,1,0,0,0,3182.0,3560.0,4278.0,1281.0,3673.3333333333335,556.7201571108491,3195.8333333333335,1159.0907499703212,0,0,0,0,0,0,0,0,0,0,0,0,1,0,0,0,0,0,0
2022-03-01,7641.0,2022,3,0.8660254037844386,0.5000000000000001,38,0,1,0,0,3503.0,3182.0,3560.0,2246.0,3415.0,203.78665314538378,3548.0,749.2190600886339,0,0,0,0,0,0,0,0,0,0,0,0,1,0,0,0,0,0,0
2022-04-01,11952.0,2022,4,1.0,6.123233995736766e-17,39,0,1,0,0,7641.0,3503.0,3182.0,3955.0,4775.333333333333,2486.9246738358443,4427.833333333333,1643.6580443227128,0,0,0,0,0,0,0,0,0,0,0,0,1,0,0,0,0,0,0
2022-05-01,7207.0,2022,5,0.8660254037844387,-0.4999999999999998,40,0,1,0,0,11952.0,7641.0,3503.0,453.0,7698.666666666667,4224.795182412219,5686.0,3482.0288913218546,0,0,0,0,0,0,0,0,0,0,0,0,1,0,0,0,0,0,0
2022-06-01,5481.0,2022,6,0.49999999999999994,-0.8660254037844387,41,0,0,0,1,7207.0,11952.0,7641.0,334.0,8933.333333333334,2623.232801970402,6174.166666666667,3450.326443492959,0,0,0,0,0,0,0,0,0,0,0,0,1,0,0,0,0,0,0
2022-07-01,7065.0,2022,7,1.2246467991473532e-16,-1.0,42,0,0,0,1,5481.0,7207.0,11952.0,586.0,8213.333333333334,3350.819352536554,6494.333333333333,3242.077584924021,0,0,0,0,0,0,0,0,0,0,0,0,1,0,0,0,0,0,0
2022-08-01,7004.0,2022,8,-0.4999999999999997,-0.8660254037844388,43,0,0,0,1,7065.0,5481.0,7207.0,1390.0,6584.333333333333,958.1489097909067,7141.5,2807.0089241041096,0,0,0,0,0,0,0,0,0,0,0,0,1,0,0,0,0,0,0
2022-09-01,13449.0,2022,9,-0.8660254037844384,-0.5000000000000004,44,0,0,1,0,7004.0,7065.0,5481.0,2362.0,6516.666666666667,897.4320772813414,7725.0,2196.992762846549,0,0,0,0,0,0,0,0,0,0,0,0,1,0,0,0,0,0,0
2022-10-01,21728.0,2022,10,-1.0,-1.8369701987210297e-16,45,0,0,1,0,13449.0,7004.0,7065.0,4403.0,9172.666666666666,3703.5388931849334,8693.0,3202.151214418225,0,0,0,0,0,0,0,0,0,0,0,0,1,0,0,0,0,0,0
2022-11-01,14915.0,2022,11,-0.8660254037844386,0.5000000000000001,46,0,0,1,0,21728.0,13449.0,7004.0,4278.0,14060.333333333334,7381.012148298731,10322.333333333334,6239.08075494033,0,0,0,0,0,0,0,0,0,0,0,0,1,0,0,0,0,0,0
2022-12-01,11182.0,2022,12,-0.5000000000000004,0.8660254037844384,47,0,0,0,0,14915.0,21728.0,13449.0,3560.0,16697.333333333332,4417.917420384115,11607.0,6262.838302239658,0,0,0,0,0,0,0,0,0,0,0,0,1,0,0,0,0,0,0
2023-01-01,10056.0,2023,1,0.0,1.0,48,0,0,0,0,11182.0,14915.0,21728.0,3182.0,15941.666666666666,5347.435117262616,12557.166666666666,5538.078490475447,0,0,0,0,0,0,0,0,0,0,0,0,1,0,0,0,0,0,0
2023-02-01,13206.0,2023,2,0.49999999999999994,0.8660254037844387,49,0,0,0,0,10056.0,11182.0,14915.0,3503.0,12051.0,2543.3916332331,13055.666666666666,5058.705236191056,0,0,0,0,0,0,0,0,0,0,0,0,1,0,0,0,0,0,0
2023-03-01,20524.0,2023,3,0.8660254037844386,0.5000000000000001,50,0,1,0,0,13206.0,10056.0,11182.0,7641.0,11481.333333333334,1596.1908824866382,14089.333333333334,4121.68954030587,0,0,0,0,0,0,0,0,0,0,0,0,1,0,0,0,0,0,0
2023-04-01,21633.0,2023,4,1.0,6.123233995736766e-17,51,0,1,0,0,20524.0,13206.0,10056.0,11952.0,14595.333333333334,5370.515928040197,15268.5,4849.617046736799,0,0,0,0,0,0,0,0,0,0,0,0,1,0,0,0,0,0,0
2023-05-01,11249.0,2023,5,0.8660254037844387,-0.4999999999999998,52,0,1,0,0,21633.0,20524.0,13206.0,7207.0,18454.333333333332,4578.888766211014,15252.666666666666,4824.3993063040325,0,0,0,0,0,0,0,0,0,0,0,0,1,0,0,0,0,0,0
2023-06-01,8419.0,2023,6,0.49999999999999994,-0.8660254037844387,53,0,0,0,1,11249.0,21633.0,20524.0,5481.0,17802.0,5702.089704660923,14641.666666666666,5099.9910849595435,0,0,0,0,0,0,0,0,0,0,0,0,1,0,0,0,0,0,0
2023-07-01,8911.0,2023,7,1.2246467991473532e-16,-1.0,54,0,0,0,1,8419.0,11249.0,21633.0,7065.0,13767.0,6957.563654038687,14181.166666666666,5577.265832526437,0,0,0,0,0,0,0,0,0,0,0,0,1,0,0,0,0,0,0
2023-08-01,9376.0,2023,8,-0.4999999999999997,-0.8660254037844388,55,0,0,0,1,8911.0,8419.0,11249.0,7004.0,9526.333333333334,1512.0189593168338,13990.333333333334,5763.1349686318135,0,0,0,0,0,0,0,0,0,0,0,0,1,0,0,0,0,0,0
2023-09-01,18085.0,2023,9,-0.8660254037844384,-0.5000000000000004,56,0,0,1,0,9376.0,8911.0,8419.0,13449.0,8902.0,478.5634754139059,13352.0,6071.255224416129,0,0,0,0,0,0,0,0,0,0,0,0,1,0,0,0,0,0,0
2023-10-01,27090.0,2023,10,-1.0,-1.8369701987210297e-16,57,0,0,1,0,18085.0,9376.0,8911.0,21728.0,12124.0,5167.6103761797085,12945.5,5554.690837481428,0,0,0,0,0,0,0,0,0,0,0,0,1,0,0,0,0,0,0
2023-11-01,20433.0,2023,11,-0.8660254037844386,0.5000000000000001,58,0,0,1,0,27090.0,18085.0,9376.0,14915.0,18183.666666666668,8857.412169100715,13855.0,7401.405731345914,0,0,0,0,0,0,0,0,0,0,0,0,1,0,0,0,0,0,0
2023-12-01,16217.0,2023,12,-0.5000000000000004,0.8660254037844384,59,0,0,0,0,20433.0,27090.0,18085.0,11182.0,21869.333333333332,4671.166485293944,15385.666666666666,7698.379561093804,0,0,0,0,0,0,0,0,0,0,0,0,1,0,0,0,0,0,0
2024-01-01,12956.0,2024,1,0.0,1.0,60,0,0,0,0,16217.0,20433.0,27090.0,10056.0,21246.666666666668,5481.977046042184,16685.333333333332,6904.304589650347,0,0,0,0,0,0,0,0,0,0,0,0,1,0,0,0,0,0,0
2024-02-01,16170.0,2024,2,0.49999999999999994,0.8660254037844387,61,0,0,0,0,12956.0,16217.0,20433.0,13206.0,16535.333333333332,3748.651001804977,17359.5,6149.59792994633,0,0,0,0,0,0,0,0,0,0,0,0,1,0,0,0,0,0,0
2024-03-01,23875.0,2024,3,0.8660254037844386,0.5000000000000001,62,0,1,0,0,16170.0,12956.0,16217.0,20524.0,15114.333333333334,1869.319216542077,18491.833333333332,4880.0274350321915,0,0,0,0,0,0,0,0,0,0,0,0,1,0,0,0,0,0,0
2024-04-01,24625.0,2024,4,1.0,6.123233995736766e-17,63,0,1,0,0,23875.0,16170.0,12956.0,21633.0,17667.0,5611.318650727305,19456.833333333332,5334.771950764802,0,0,0,0,0,0,0,0,0,0,0,0,1,0,0,0,0,0,0
2024-05-01,15168.0,2024,5,0.8660254037844387,-0.4999999999999998,64,0,1,0,0,24625.0,23875.0,16170.0,11249.0,21556.666666666668,4680.038283319202,19046.0,4684.676466950542,0,0,0,0,0,0,0,0,0,0,0,0,1,0,0,0,0,0,0
2024-06-01,9316.0,2024,6,0.49999999999999994,-0.8660254037844387,65,0,0,0,1,15168.0,24625.0,23875.0,8419.0,21222.666666666668,5256.887513855832,18168.5,4862.633967306217,0,0,0,0,0,0,0,0,0,0,0,0,1,0,0,0,0,0,0
2024-07-01,9344.0,2024,7,1.2246467991473532e-16,-1.0,66,0,0,0,1,9316.0,15168.0,24625.0,8911.0,16369.666666666666,7724.918920825869,17018.333333333332,6080.249161561296,0,0,0,0,0,0,0,0,0,0,0,0,1,0,0,0,0,0,0
2024-08-01,10837.0,2024,8,-0.4999999999999997,-0.8660254037844388,67,0,0,0,1,9344.0,9316.0,15168.0,9376.0,11276.0,3370.5999465970917,16416.333333333332,6709.181251588516,0,0,0,0,0,0,0,0,0,0,0,0,1,0,0,0,0,0,0
2024-09-01,19997.0,2024,9,-0.8660254037844384,-0.5000000000000004,68,0,0,1,0,10837.0,9344.0,9316.0,18085.0,9832.333333333334,870.1794834019528,15527.5,7090.750277650466,0,0,0,0,0,0,0,0,0,0,0,0,1,0,0,0,0,0,0
2024-10-01,30795.0,2024,10,-1.0,-1.8369701987210297e-16,69,0,0,1,0,19997.0,10837.0,9344.0,27090.0,13392.666666666666,5768.030541990358,14881.166666666666,6311.622467057645,0,0,0,0,0,0,0,0,0,0,0,0,1,0,0,0,0,0,0
2024-11-01,24020.0,2024,11,-0.8660254037844386,0.5000000000000001,70,0,0,1,0,30795.0,19997.0,10837.0,20433.0,20543.0,9990.196594662191,15909.5,8380.284929523588,0,0,0,0,0,0,0,0,0,0,0,0,1,0,0,0,0,0,0
2024-12-01,16402.0,2024,12,-0.5000000000000004,0.8660254037844384,71,0,0,0,0,24020.0,30795.0,19997.0,16217.0,24937.333333333332,5457.135359630841,17384.833333333332,8981.27624375661,0,0,0,0,0,0,0,0,0,0,0,0,1,0,0,0,0,0,0
2025-01-01,14039.0,2025,1,0.0,1.0,72,0,0,0,0,16402.0,24020.0,30795.0,12956.0,23739.0,7200.613376650626,18565.833333333332,8133.977364528798,0,0,0,0,0,0,0,0,0,0,0,0,1,0,0,0,0,0,0
2025-02-01,17161.0,2025,2,0.49999999999999994,0.8660254037844387,73,0,0,0,0,14039.0,16402.0,24020.0,16170.0,18153.666666666668,5215.9699321730595,19348.333333333332,7246.849126804479,0,0,0,0,0,0,0,0,0,0,0,0,1,0,0,0,0,0,0
2025-03-01,24703.0,2025,3,0.8660254037844386,0.5000000000000001,74,0,1,0,0,17161.0,14039.0,16402.0,23875.0,15867.333333333334,1628.226745061477,20402.333333333332,6136.126584961138,0,0,0,0,0,0,0,0,0,0,0,0,1,0,0,0,0,0,0
2025-04-01,28705.0,2025,4,1.0,6.123233995736766e-17,75,0,1,0,0,24703.0,17161.0,14039.0,24625.0,18634.333333333332,5482.541138316559,21186.666666666668,6370.252951544927,0,0,0,0,0,0,0,0,0,0,0,0,1,0,0,0,0,0,0
2025-05-01,16266.0,2025,5,0.8660254037844387,-0.4999999999999998,76,0,1,0,0,28705.0,24703.0,17161.0,15168.0,23523.0,5861.764580738468,20838.333333333332,5768.498302562535,0,0,0,0,0,0,0,0,0,0,0,0,1,0,0,0,0,0,0
2025-06-01,10322.0,2025,6,0.49999999999999994,-0.8660254037844387,77,0,0,0,1,16266.0,28705.0,24703.0,9316.0,23224.666666666668,6349.904120011055,19546.0,5781.701133749492,0,0,0,0,0,0,0,0,0,0,0,0,1,0,0,0,0,0,0
2025-07-01,10426.0,2025,7,1.2246467991473532e-16,-1.0,78,0,0,0,1,10322.0,16266.0,28705.0,9344.0,18431.0,9380.783069658955,18532.666666666668,6872.797295618925,0,0,0,0,0,0,0,0,0,0,0,0,1,0,0,0,0,0,0
2025-08-01,11323.0,2025,8,-0.4999999999999997,-0.8660254037844388,79,0,0,0,1,10426.0,10322.0,16266.0,10837.0,12338.0,3402.1452056019266,17930.5,7476.979196172752,0,0,0,0,0,0,0,0,0,0,0,0,1,0,0,0,0,0,0
2025-09-01,16241.0,2025,9,-0.8660254037844384,-0.5000000000000004,80,0,0,1,0,11323.0,10426.0,10322.0,19997.0,10690.333333333334,550.3674530107381,16957.5,7961.314483174254,0,0,0,0,0,0,0,0,0,0,0,0,1,0,0,0,0,0,0
2025-10-01,32792.0,2025,10,-1.0,-1.8369701987210297e-16,81,0,0,1,0,16241.0,11323.0,10426.0,30795.0,12663.333333333334,3130.6431181681346,15547.166666666666,7007.124985803149,0,0,0,0,0,0,0,0,0,0,0,0,1,0,0,0,0,0,0
2025-11-01,24290.0,2025,11,-0.8660254037844386,0.5000000000000001,82,0,0,1,0,32792.0,16241.0,11323.0,24020.0,20118.666666666668,11247.520363766112,16228.333333333334,8567.038850540295,0,0,0,0,0,0,0,0,0,0,0,0,1,0,0,0,0,0,0
2025-12-01,15420.0,2025,12,-0.5000000000000004,0.8660254037844384,83,0,0,0,0,24290.0,32792.0,16241.0,16402.0,24441.0,8276.533151024045,17565.666666666668,9178.551752137524,0,0,0,0,0,0,0,0,0,0,0,0,1,0,0,0,0,0,0
2020-01-01,4559.0,2020,1,0.0,1.0,12,0,0,0,0,3038.0,2929.0,3035.0,5089.0,3000.6666666666665,62.08327740743585,2499.3333333333335,552.7678234726559,0,0,0,0,0,0,0,0,0,0,0,0,0,1,0,0,0,0,0
2020-02-01,1956.0,2020,2,0.49999999999999994,0.8660254037844387,13,0,0,0,0,4559.0,3038.0,2929.0,2723.0,3508.6666666666665,911.2465820696624,2914.6666666666665,953.7363716807175,0,0,0,0,0,0,0,0,0,0,0,0,0,1,0,0,0,0,0
2020-03-01,290.0,2020,3,0.8660254037844386,0.5000000000000001,14,1,1,0,0,1956.0,4559.0,3038.0,3297.0,3184.3333333333335,1307.6552807730507,2921.6666666666665,945.0374948470032,0,0,0,0,0,0,0,0,0,0,0,0,0,1,0,0,0,0,0
2020-04-01,0.0,2020,4,1.0,6.123233995736766e-17,15,1,1,0,0,290.0,1956.0,4559.0,2279.0,2268.3333333333335,2151.5702018139355,2634.5,1419.202980549305,0,0,0,0,0,0,0,0,0,0,0,0,0,1,0,0,0,0,0
2020-05-01,0.0,2020,5,0.8660254037844387,-0.4999999999999998,16,1,1,0,0,0.0,290.0,1956.0,1514.0,748.6666666666666,1055.587672026193,2128.6666666666665,1750.1812096656433,0,0,0,0,0,0,0,0,0,0,0,0,0,1,0,0,0,0,0
2020-06-01,0.0,2020,6,0.49999999999999994,-0.8660254037844387,17,1,0,0,1,0.0,0.0,290.0,1210.0,96.66666666666667,167.43157806604387,1640.5,1885.551351727135,0,0,0,0,0,0,0,0,0,0,0,0,0,1,0,0,0,0,0
2020-07-01,0.0,2020,7,1.2246467991473532e-16,-1.0,18,1,0,0,1,0.0,0.0,0.0,2067.0,0.0,0.0,1134.1666666666667,1842.634680740241,0,0,0,0,0,0,0,0,0,0,0,0,0,1,0,0,0,0,0
2020-08-01,0.0,2020,8,-0.4999999999999997,-0.8660254037844388,19,1,0,0,1,0.0,0.0,0.0,1914.0,0.0,0.0,374.3333333333333,783.49005524428,0,0,0,0,0,0,0,0,0,0,0,0,0,1,0,0,0,0,0
2020-09-01,10.0,2020,9,-0.8660254037844384,-0.5000000000000004,20,1,0,1,0,0.0,0.0,0.0,2013.0,0.0,0.0,48.333333333333336,118.39200423459046,0,0,0,0,0,0,0,0,0,0,0,0,0,1,0,0,0,0,0
2020-10-01,15.0,2020,10,-1.0,-1.8369701987210297e-16,21,1,0,1,0,10.0,0.0,0.0,3035.0,3.3333333333333335,5.77350272251725,1.6666666666666667,4.082482906643673,0,0,0,0,0,0,0,0,0,0,0,0,0,1,0,0,0,0,0
2020-11-01,0.0,2020,11,-0.8660254037844386,0.5000000000000001,22,1,0,1,0,15.0,10.0,0.0,2929.0,8.333333333333334,7.6376261814029345,4.166666666666667,6.645800680358324,0,0,0,0,0,0,0,0,0,0,0,0,0,1,0,0,0,0,0
2020-12-01,114.0,2020,12,-0.5000000000000004,0.8660254037844384,23,1,0,0,0,0.0,15.0,10.0,3038.0,8.333333333333334,7.637626181402935,4.166666666666667,6.645800680358324,0,0,0,0,0,0,0,0,0,0,0,0,0,1,0,0,0,0,0
2021-01-01,104.0,2021,1,0.0,1.0,24,1,0,0,0,114.0,0.0,15.0,4559.0,43.0,61.94352266664437,23.166666666666668,44.94626421275914,0,0,0,0,0,0,0,0,0,0,0,0,0,1,0,0,0,0,0
2021-02-01,75.0,2021,2,0.49999999999999994,0.8660254037844387,25,1,0,0,0,104.0,114.0,0.0,1956.0,72.66666666666667,63.129496542314094,40.5,53.470552643642826,0,0,0,0,0,0,0,0,0,0,0,0,0,1,0,0,0,0,0
2021-03-01,115.0,2021,3,0.8660254037844386,0.5000000000000001,26,1,1,0,0,75.0,104.0,114.0,290.0,97.66666666666667,20.256686147683045,53.0,50.80944794048294,0,0,0,0,0,0,0,0,0,0,0,0,0,1,0,0,0,0,0
2021-04-01,83.0,2021,4,1.0,6.123233995736766e-17,27,1,1,0,0,115.0,75.0,104.0,0.0,98.0,20.66397832829866,70.5,51.118489805712564,0,0,0,0,0,0,0,0,0,0,0,0,0,1,0,0,0,0,0
2021-05-01,12.0,2021,5,0.8660254037844387,-0.4999999999999998,28,1,1,0,0,83.0,115.0,75.0,0.0,91.0,21.166010496843384,81.83333333333333,43.291646615524655,0,0,0,0,0,0,0,0,0,0,0,0,0,1,0,0,0,0,0
2021-06-01,32.0,2021,6,0.49999999999999994,-0.8660254037844387,29,1,0,0,1,12.0,83.0,115.0,0.0,70.0,52.716221415734516,83.83333333333333,38.79905497152576,0,0,0,0,0,0,0,0,0,0,0,0,0,1,0,0,0,0,0
2021-07-01,58.0,2021,7,1.2246467991473532e-16,-1.0,30,1,0,0,1,32.0,12.0,83.0,0.0,42.333333333333336,36.61056314353039,70.16666666666667,40.45450119187486,0,0,0,0,0,0,0,0,0,0,0,0,0,1,0,0,0,0,0
2021-08-01,64.0,2021,8,-0.4999999999999997,-0.8660254037844388,31,1,0,0,1,58.0,32.0,12.0,0.0,34.0,23.0651251969981,62.5,36.96890585365892,0,0,0,0,0,0,0,0,0,0,0,0,0,1,0,0,0,0,0
2021-09-01,121.0,2021,9,-0.8660254037844384,-0.5000000000000004,32,1,0,1,0,64.0,58.0,32.0,10.0,51.333333333333336,17.009801106606552,60.666666666666664,36.49474848088905,0,0,0,0,0,0,0,0,0,0,0,0,0,1,0,0,0,0,0
2021-10-01,196.0,2021,10,-1.0,-1.8369701987210297e-16,33,1,0,1,0,121.0,64.0,58.0,15.0,81.0,34.77067730649792,61.666666666666664,38.31796793520448,0,0,0,0,0,0,0,0,0,0,0,0,0,1,0,0,0,0,0
2021-11-01,229.0,2021,11,-0.8660254037844386,0.5000000000000001,34,1,0,1,0,196.0,121.0,64.0,0.0,127.0,66.20422947480043,80.5,67.53295491844551,0,0,0,0,0,0,0,0,0,0,0,0,0,1,0,0,0,0,0
2021-12-01,174.0,2021,12,-0.5000000000000004,0.8660254037844384,35,1,0,0,0,229.0,196.0,121.0,114.0,182.0,55.34437641126102,116.66666666666667,80.39320037592518,0,0,0,0,0,0,0,0,0,0,0,0,0,1,0,0,0,0,0
2022-01-01,209.0,2022,1,0.0,1.0,36,1,0,0,0,174.0,229.0,196.0,104.0,199.66666666666666,27.68272626900134,140.33333333333334,70.81431117142766,0,0,0,0,0,0,0,0,0,0,0,0,0,1,0,0,0,0,0
2022-02-01,163.0,2022,2,0.49999999999999994,0.8660254037844387,37,1,0,0,0,209.0,174.0,229.0,75.0,204.0,27.8388218204555,165.5,61.98306220264738,0,0,0,0,0,0,0,0,0,0,0,0,0,1,0,0,0,0,0
2022-03-01,247.0,2022,3,0.8660254037844386,0.5000000000000001,38,0,1,0,0,163.0,209.0,174.0,115.0,182.0,24.020824306241966,182.0,38.15756805690509,0,0,0,0,0,0,0,0,0,0,0,0,0,1,0,0,0,0,0
2022-04-01,448.0,2022,4,1.0,6.123233995736766e-17,39,0,1,0,0,247.0,163.0,209.0,83.0,206.33333333333334,42.06344414909904,203.0,32.05620064850884,0,0,0,0,0,0,0,0,0,0,0,0,0,1,0,0,0,0,0
2022-05-01,362.0,2022,5,0.8660254037844387,-0.4999999999999998,40,0,1,0,0,448.0,247.0,163.0,12.0,286.0,146.4479429707022,245.0,104.43179592450609,0,0,0,0,0,0,0,0,0,0,0,0,0,1,0,0,0,0,0
2022-06-01,335.0,2022,6,0.49999999999999994,-0.8660254037844387,41,0,0,0,1,362.0,448.0,247.0,32.0,352.3333333333333,100.84807055012283,267.1666666666667,114.0305514618099,0,0,0,0,0,0,0,0,0,0,0,0,0,1,0,0,0,0,0
2022-07-01,558.0,2022,7,1.2246467991473532e-16,-1.0,42,0,0,0,1,335.0,362.0,448.0,58.0,381.6666666666667,59.01129835618075,294.0,106.41052579523306,0,0,0,0,0,0,0,0,0,0,0,0,0,1,0,0,0,0,0
2022-08-01,574.0,2022,8,-0.4999999999999997,-0.8660254037844388,43,0,0,0,1,558.0,335.0,362.0,64.0,418.3333333333333,121.70592973919439,352.1666666666667,140.56090020587146,0,0,0,0,0,0,0,0,0,0,0,0,0,1,0,0,0,0,0
2022-09-01,810.0,2022,9,-0.8660254037844384,-0.5000000000000004,44,0,0,1,0,574.0,558.0,335.0,121.0,489.0,133.60763451370397,420.6666666666667,129.66058254799464,0,0,0,0,0,0,0,0,0,0,0,0,0,1,0,0,0,0,0
2022-10-01,1371.0,2022,10,-1.0,-1.8369701987210297e-16,45,0,0,1,0,810.0,574.0,558.0,196.0,647.3333333333334,141.10043704283436,514.5,174.72921907917745,0,0,0,0,0,0,0,0,0,0,0,0,0,1,0,0,0,0,0
2022-11-01,1670.0,2022,11,-0.8660254037844386,0.5000000000000001,46,0,0,1,0,1371.0,810.0,574.0,229.0,918.3333333333334,409.39508220504496,668.3333333333334,384.6643558567478,0,0,0,0,0,0,0,0,0,0,0,0,0,1,0,0,0,0,0
2022-12-01,1493.0,2022,12,-0.5000000000000004,0.8660254037844384,47,0,0,0,0,1670.0,1371.0,810.0,174.0,1283.6666666666667,436.6008856308826,886.3333333333334,522.3380769833728,0,0,0,0,0,0,0,0,0,0,0,0,0,1,0,0,0,0,0
2023-01-01,2198.0,2023,1,0.0,1.0,48,0,0,0,0,1493.0,1670.0,1371.0,209.0,1511.3333333333333,150.3407241357715,1079.3333333333333,490.870111808296,0,0,0,0,0,0,0,0,0,0,0,0,0,1,0,0,0,0,0
2023-02-01,3246.0,2023,2,0.49999999999999994,0.8660254037844387,49,0,0,0,0,2198.0,1493.0,1670.0,163.0,1787.0,366.7737722361446,1352.6666666666667,589.2584039847803,0,0,0,0,0,0,0,0,0,0,0,0,0,1,0,0,0,0,0
2023-03-01,2640.0,2023,3,0.8660254037844386,0.5000000000000001,50,0,1,0,0,3246.0,2198.0,1493.0,247.0,2312.3333333333335,882.0750157065203,1798.0,839.5934730570661,0,0,0,0,0,0,0,0,0,0,0,0,0,1,0,0,0,0,0
2023-04-01,1544.0,2023,4,1.0,6.123233995736766e-17,51,0,1,0,0,2640.0,3246.0,2198.0,448.0,2694.6666666666665,526.1343301226913,2103.0,734.7456702832812,0,0,0,0,0,0,0,0,0,0,0,0,0,1,0,0,0,0,0
2023-05-01,1039.0,2023,5,0.8660254037844387,-0.4999999999999998,52,0,1,0,0,1544.0,2640.0,3246.0,362.0,2476.6666666666665,862.6756825908889,2131.8333333333335,702.9829063830038,0,0,0,0,0,0,0,0,0,0,0,0,0,1,0,0,0,0,0
2023-06-01,888.0,2023,6,0.49999999999999994,-0.8660254037844387,53,0,0,0,1,1039.0,1544.0,2640.0,335.0,1741.0,818.4784664243355,2026.6666666666667,822.8680736708009,0,0,0,0,0,0,0,0,0,0,0,0,0,1,0,0,0,0,0
2023-07-01,1375.0,2023,7,1.2246467991473532e-16,-1.0,54,0,0,0,1,888.0,1039.0,1544.0,558.0,1157.0,343.5505785184178,1925.8333333333333,931.2697604167624,0,0,0,0,0,0,0,0,0,0,0,0,0,1,0,0,0,0,0
2023-08-01,1099.0,2023,8,-0.4999999999999997,-0.8660254037844388,55,0,0,0,1,1375.0,888.0,1039.0,574.0,1100.6666666666667,249.2876517873952,1788.6666666666667,943.6918282292655,0,0,0,0,0,0,0,0,0,0,0,0,0,1,0,0,0,0,0
2023-09-01,2018.0,2023,9,-0.8660254037844384,-0.5000000000000004,56,0,0,1,0,1099.0,1375.0,888.0,810.0,1120.6666666666667,244.2218936411585,1430.8333333333333,638.1728344787892,0,0,0,0,0,0,0,0,0,0,0,0,0,1,0,0,0,0,0
2023-10-01,2449.0,2023,10,-1.0,-1.8369701987210297e-16,57,0,0,1,0,2018.0,1099.0,1375.0,1371.0,1497.3333333333333,471.5552282963983,1327.1666666666667,413.40605543060417,0,0,0,0,0,0,0,0,0,0,0,0,0,1,0,0,0,0,0
2023-11-01,2885.0,2023,11,-0.8660254037844386,0.5000000000000001,58,0,0,1,0,2449.0,2018.0,1099.0,1670.0,1855.3333333333333,689.5435688436688,1478.0,621.2104313354902,0,0,0,0,0,0,0,0,0,0,0,0,0,1,0,0,0,0,0
2023-12-01,2362.0,2023,12,-0.5000000000000004,0.8660254037844384,59,0,0,0,0,2885.0,2449.0,2018.0,1493.0,2450.6666666666665,433.5024029156649,1785.6666666666667,793.5347923479434,0,0,0,0,0,0,0,0,0,0,0,0,0,1,0,0,0,0,0
2024-01-01,3812.0,2024,1,0.0,1.0,60,0,0,0,0,2362.0,2885.0,2449.0,2198.0,2565.3333333333335,280.236209890253,2031.3333333333333,680.1072464447756,0,0,0,0,0,0,0,0,0,0,0,0,0,1,0,0,0,0,0
2024-02-01,2351.0,2024,2,0.49999999999999994,0.8660254037844387,61,0,0,0,0,3812.0,2362.0,2885.0,3246.0,3019.6666666666665,734.3203206596206,2437.5,901.4323601912845,0,0,0,0,0,0,0,0,0,0,0,0,0,1,0,0,0,0,0
2024-03-01,2888.0,2024,3,0.8660254037844386,0.5000000000000001,62,0,1,0,0,2351.0,3812.0,2362.0,2640.0,2841.6666666666665,840.3513154232879,2646.1666666666665,635.22450099685,0,0,0,0,0,0,0,0,0,0,0,0,0,1,0,0,0,0,0
2024-04-01,1980.0,2024,4,1.0,6.123233995736766e-17,63,0,1,0,0,2888.0,2351.0,3812.0,1544.0,3017.0,738.9932340693755,2791.1666666666665,557.7258884673524,0,0,0,0,0,0,0,0,0,0,0,0,0,1,0,0,0,0,0
2024-05-01,1374.0,2024,5,0.8660254037844387,-0.4999999999999998,64,0,1,0,0,1980.0,2888.0,2351.0,1039.0,2406.3333333333335,456.521996549625,2713.0,641.8012153307523,0,0,0,0,0,0,0,0,0,0,0,0,0,1,0,0,0,0,0
2024-06-01,875.0,2024,6,0.49999999999999994,-0.8660254037844387,65,0,0,0,1,1374.0,1980.0,2888.0,888.0,2080.6666666666665,762.003499554733,2461.1666666666665,829.7422290486944,0,0,0,0,0,0,0,0,0,0,0,0,0,1,0,0,0,0,0
2024-07-01,1537.0,2024,7,1.2246467991473532e-16,-1.0,66,0,0,0,1,875.0,1374.0,1980.0,1375.0,1409.6666666666667,553.3627502223735,2213.3333333333335,1056.4017543845216,0,0,0,0,0,0,0,0,0,0,0,0,0,1,0,0,0,0,0
2024-08-01,1602.0,2024,8,-0.4999999999999997,-0.8660254037844388,67,0,0,0,1,1537.0,875.0,1374.0,1099.0,1262.0,344.91883103179146,1834.1666666666667,723.7417817610732,0,0,0,0,0,0,0,0,0,0,0,0,0,1,0,0,0,0,0
2024-09-01,2351.0,2024,9,-0.8660254037844384,-0.5000000000000004,68,0,0,1,0,1602.0,1537.0,875.0,2018.0,1338.0,402.2847250397864,1709.3333333333333,680.0434299856828,0,0,0,0,0,0,0,0,0,0,0,0,0,1,0,0,0,0,0
2024-10-01,2442.0,2024,10,-1.0,-1.8369701987210297e-16,69,0,0,1,0,2351.0,1602.0,1537.0,2449.0,1830.0,452.3682128535671,1619.8333333333333,507.28982511646325,0,0,0,0,0,0,0,0,0,0,0,0,0,1,0,0,0,0,0
2024-11-01,3288.0,2024,11,-0.8660254037844386,0.5000000000000001,70,0,0,1,0,2442.0,2351.0,1602.0,2885.0,2131.6666666666665,460.9558908764044,1696.8333333333333,599.5629797333156,0,0,0,0,0,0,0,0,0,0,0,0,0,1,0,0,0,0,0
2024-12-01,2568.0,2024,12,-0.5000000000000004,0.8660254037844384,71,0,0,0,0,3288.0,2442.0,2351.0,2362.0,2693.6666666666665,516.7149439813526,2015.8333333333333,850.2238332737409,0,0,0,0,0,0,0,0,0,0,0,0,0,1,0,0,0,0,0
2025-01-01,3756.0,2025,1,0.0,1.0,72,0,0,0,0,2568.0,3288.0,2442.0,3812.0,2766.0,456.4340039921632,2298.0,654.2296232975306,0,0,0,0,0,0,0,0,0,0,0,0,0,1,0,0,0,0,0
2025-02-01,2799.0,2025,2,0.49999999999999994,0.8660254037844387,73,0,0,0,0,3756.0,2568.0,3288.0,2351.0,3204.0,598.4379667102619,2667.8333333333335,757.1082925623637,0,0,0,0,0,0,0,0,0,0,0,0,0,1,0,0,0,0,0
2025-03-01,2183.0,2025,3,0.8660254037844386,0.5000000000000001,74,0,1,0,0,2799.0,3756.0,2568.0,2888.0,3041.0,629.8880852979477,2867.3333333333335,549.2662984989147,0,0,0,0,0,0,0,0,0,0,0,0,0,1,0,0,0,0,0
2025-04-01,1621.0,2025,4,1.0,6.123233995736766e-17,75,0,1,0,0,2183.0,2799.0,3756.0,1980.0,2912.6666666666665,792.6363184548445,2839.3333333333335,584.033446530846,0,0,0,0,0,0,0,0,0,0,0,0,0,1,0,0,0,0,0
2025-05-01,1386.0,2025,5,0.8660254037844387,-0.4999999999999998,76,0,1,0,0,1621.0,2183.0,2799.0,1374.0,2201.0,589.2062457241312,2702.5,764.1462556343721,0,0,0,0,0,0,0,0,0,0,0,0,0,1,0,0,0,0,0
2025-06-01,1002.0,2025,6,0.49999999999999994,-0.8660254037844387,77,0,0,0,1,1386.0,1621.0,2183.0,875.0,1730.0,409.52777683611544,2385.5,861.0488371747732,0,0,0,0,0,0,0,0,0,0,0,0,0,1,0,0,0,0,0
2025-07-01,1231.0,2025,7,1.2246467991473532e-16,-1.0,78,0,0,0,1,1002.0,1386.0,1621.0,1537.0,1336.3333333333333,312.4745322961046,2124.5,1017.7490358629809,0,0,0,0,0,0,0,0,0,0,0,0,0,1,0,0,0,0,0
2025-08-01,1420.0,2025,8,-0.4999999999999997,-0.8660254037844388,79,0,0,0,1,1231.0,1002.0,1386.0,1602.0,1206.3333333333333,193.18471299166208,1703.6666666666667,671.2691462198238,0,0,0,0,0,0,0,0,0,0,0,0,0,1,0,0,0,0,0
2025-09-01,1357.0,2025,9,-0.8660254037844384,-0.5000000000000004,80,0,0,1,0,1420.0,1231.0,1002.0,2351.0,1217.6666666666667,209.31873622222815,1473.8333333333333,404.17393120621915,0,0,0,0,0,0,0,0,0,0,0,0,0,1,0,0,0,0,0
2025-10-01,2598.0,2025,10,-1.0,-1.8369701987210297e-16,81,0,0,1,0,1357.0,1420.0,1231.0,2442.0,1336.0,96.23408959581836,1336.1666666666667,206.78628258830076,0,0,0,0,0,0,0,0,0,0,0,0,0,1,0,0,0,0,0
2025-11-01,2474.0,2025,11,-0.8660254037844386,0.5000000000000001,82,0,0,1,0,2598.0,1357.0,1420.0,3288.0,1791.6666666666667,699.0152597287587,1499.0,559.6084345325963,0,0,0,0,0,0,0,0,0,0,0,0,0,1,0,0,0,0,0
2025-12-01,1788.0,2025,12,-0.5000000000000004,0.8660254037844384,83,0,0,0,0,2474.0,2598.0,1357.0,2568.0,2143.0,683.5137160294053,1680.3333333333333,679.1720449684977,0,0,0,0,0,0,0,0,0,0,0,0,0,1,0,0,0,0,0
2020-01-01,570.0,2020,1,0.0,1.0,12,0,0,0,0,826.0,2091.0,2972.0,679.0,1963.0,1078.7108046183316,2107.8333333333335,927.8451199778415,0,0,0,0,0,0,0,0,0,0,0,0,0,0,1,0,0,0,0
2020-02-01,655.0,2020,2,0.49999999999999994,0.8660254037844387,13,0,0,0,0,570.0,826.0,2091.0,669.0,1162.3333333333333,814.371127517222,1955.8333333333333,1108.0724555130382,0,0,0,0,0,0,0,0,0,0,0,0,0,0,1,0,0,0,0
2020-03-01,353.0,2020,3,0.8660254037844386,0.5000000000000001,14,1,1,0,0,655.0,570.0,826.0,1135.0,683.6666666666666,130.38532637408736,1509.8333333333333,974.3419146617321,0,0,0,0,0,0,0,0,0,0,0,0,0,0,1,0,0,0,0
2020-04-01,0.0,2020,4,1.0,6.123233995736766e-17,15,1,1,0,0,353.0,655.0,570.0,2311.0,526.0,155.7337471466794,1244.5,1046.2498267622418,0,0,0,0,0,0,0,0,0,0,0,0,0,0,1,0,0,0,0
2020-05-01,0.0,2020,5,0.8660254037844387,-0.4999999999999998,16,1,1,0,0,0.0,353.0,655.0,1119.0,336.0,327.83074901593386,749.1666666666666,716.3221109715125,0,0,0,0,0,0,0,0,0,0,0,0,0,0,1,0,0,0,0
2020-06-01,0.0,2020,6,0.49999999999999994,-0.8660254037844387,17,1,0,0,1,0.0,0.0,353.0,823.0,117.66666666666667,203.80464502479876,400.6666666666667,345.718768172457,0,0,0,0,0,0,0,0,0,0,0,0,0,0,1,0,0,0,0
2020-07-01,0.0,2020,7,1.2246467991473532e-16,-1.0,18,1,0,0,1,0.0,0.0,0.0,1482.0,0.0,0.0,263.0,304.4733157437828,0,0,0,0,0,0,0,0,0,0,0,0,0,0,1,0,0,0,0
2020-08-01,1.0,2020,8,-0.4999999999999997,-0.8660254037844388,19,1,0,0,1,0.0,0.0,0.0,3331.0,0.0,0.0,168.0,277.2327541976461,0,0,0,0,0,0,0,0,0,0,0,0,0,0,1,0,0,0,0
2020-09-01,8.0,2020,9,-0.8660254037844384,-0.5000000000000004,20,1,0,1,0,1.0,0.0,0.0,1945.0,0.3333333333333333,0.5773505743261831,59.0,144.030552314471,0,0,0,0,0,0,0,0,0,0,0,0,0,0,1,0,0,0,0
2020-10-01,10.0,2020,10,-1.0,-1.8369701987210297e-16,21,1,0,1,0,8.0,1.0,0.0,2972.0,3.0,4.358898983953261,1.5,3.2093613089055264,0,0,0,0,0,0,0,0,0,0,0,0,0,0,1,0,0,0,0
2020-11-01,11.0,2020,11,-0.8660254037844386,0.5000000000000001,22,1,0,1,0,10.0,8.0,1.0,2091.0,6.333333333333333,4.725815663523205,3.1666666666666665,4.578937286945533,0,0,0,0,0,0,0,0,0,0,0,0,0,0,1,0,0,0,0
2020-12-01,17.0,2020,12,-0.5000000000000004,0.8660254037844384,23,1,0,0,0,11.0,10.0,8.0,826.0,9.666666666666666,1.5275253469453263,5.0,5.215361925229012,0,0,0,0,0,0,0,0,0,0,0,0,0,0,1,0,0,0,0
2021-01-01,57.0,2021,1,0.0,1.0,24,1,0,0,0,17.0,11.0,10.0,570.0,12.666666666666666,3.7859389437131297,7.833333333333333,6.431692364985934,0,0,0,0,0,0,0,0,0,0,0,0,0,0,1,0,0,0,0
2021-02-01,30.0,2021,2,0.49999999999999994,0.8660254037844387,25,1,0,0,0,57.0,17.0,11.0,655.0,28.333333333333332,25.006665785052828,17.333333333333332,20.10638372949985,0,0,0,0,0,0,0,0,0,0,0,0,0,0,1,0,0,0,0
2021-03-01,54.0,2021,3,0.8660254037844386,0.5000000000000001,26,1,1,0,0,30.0,57.0,17.0,353.0,34.666666666666664,20.404247932360907,22.166666666666668,18.840559086129474,0,0,0,0,0,0,0,0,0,0,0,0,0,0,1,0,0,0,0
2021-04-01,104.0,2021,4,1.0,6.123233995736766e-17,27,1,1,0,0,54.0,30.0,57.0,0.0,47.0,14.798648598833944,29.833333333333332,21.141586191154122,0,0,0,0,0,0,0,0,0,0,0,0,0,0,1,0,0,0,0
2021-05-01,25.0,2021,5,0.8660254037844387,-0.4999999999999998,28,1,1,0,0,104.0,54.0,30.0,0.0,62.666666666666664,37.753587030703606,45.5,34.26222409610124,0,0,0,0,0,0,0,0,0,0,0,0,0,0,1,0,0,0,0
2021-06-01,3.0,2021,6,0.49999999999999994,-0.8660254037844387,29,1,0,0,1,25.0,104.0,54.0,0.0,61.0,39.962482409775276,47.833333333333336,31.833420593428947,0,0,0,0,0,0,0,0,0,0,0,0,0,0,1,0,0,0,0
2021-07-01,13.0,2021,7,1.2246467991473532e-16,-1.0,30,1,0,0,1,3.0,25.0,104.0,0.0,44.0,53.11308690286986,45.5,34.909883987367536,0,0,0,0,0,0,0,0,0,0,0,0,0,0,1,0,0,0,0
2021-08-01,57.0,2021,8,-0.4999999999999997,-0.8660254037844388,31,1,0,0,1,13.0,3.0,25.0,1.0,13.666666666666666,11.015141110558256,38.166666666666664,36.591893455765124,0,0,0,0,0,0,0,0,0,0,0,0,0,0,1,0,0,0,0
2021-09-01,73.0,2021,9,-0.8660254037844384,-0.5000000000000004,32,1,0,1,0,57.0,13.0,3.0,8.0,24.333333333333332,28.728615241347438,42.666666666666664,37.04411784181267,0,0,0,0,0,0,0,0,0,0,0,0,0,0,1,0,0,0,0
2021-10-01,238.0,2021,10,-1.0,-1.8369701987210297e-16,33,1,0,1,0,73.0,57.0,13.0,10.0,47.666666666666664,31.06981386627694,45.833333333333336,38.968790931694684,0,0,0,0,0,0,0,0,0,0,0,0,0,0,1,0,0,0,0
2021-11-01,262.0,2021,11,-0.8660254037844386,0.5000000000000001,34,1,0,1,0,238.0,73.0,57.0,11.0,122.66666666666667,100.20146373024785,68.16666666666667,87.3439560970209,0,0,0,0,0,0,0,0,0,0,0,0,0,0,1,0,0,0,0
2021-12-01,235.0,2021,12,-0.5000000000000004,0.8660254037844384,35,1,0,0,0,262.0,238.0,73.0,17.0,191.0,102.89314846164446,107.66666666666667,113.57053608519526,0,0,0,0,0,0,0,0,0,0,0,0,0,0,1,0,0,0,0
2022-01-01,151.0,2022,1,0.0,1.0,36,1,0,0,0,235.0,262.0,238.0,57.0,245.0,14.798648598751972,146.33333333333334,110.25364695409833,0,0,0,0,0,0,0,0,0,0,0,0,0,0,1,0,0,0,0
2022-02-01,183.0,2022,2,0.49999999999999994,0.8660254037844387,37,1,0,0,0,151.0,235.0,262.0,30.0,216.0,57.88782255664571,169.33333333333334,89.27410972213134,0,0,0,0,0,0,0,0,0,0,0,0,0,0,1,0,0,0,0
2022-03-01,356.0,2022,3,0.8660254037844386,0.5000000000000001,38,0,1,0,0,183.0,151.0,235.0,54.0,189.66666666666666,42.39496825902051,190.33333333333334,70.38655174590752,0,0,0,0,0,0,0,0,0,0,0,0,0,0,1,0,0,0,0
2022-04-01,940.0,2022,4,1.0,6.123233995736766e-17,39,0,1,0,0,356.0,183.0,151.0,104.0,230.0,110.2859918591184,237.5,70.85407539452504,0,0,0,0,0,0,0,0,0,0,0,0,0,0,1,0,0,0,0
2022-05-01,330.0,2022,5,0.8660254037844387,-0.4999999999999998,40,0,1,0,0,940.0,356.0,183.0,25.0,493.0,396.65980386263783,354.5,295.45676502665157,0,0,0,0,0,0,0,0,0,0,0,0,0,0,1,0,0,0,0
2022-06-01,224.0,2022,6,0.49999999999999994,-0.8660254037844387,41,0,0,0,1,330.0,940.0,356.0,3.0,542.0,344.9231798536388,365.8333333333333,292.48823338158536,0,0,0,0,0,0,0,0,0,0,0,0,0,0,1,0,0,0,0
2022-07-01,705.0,2022,7,1.2246467991473532e-16,-1.0,42,0,0,0,1,224.0,330.0,940.0,13.0,498.0,386.43498806441715,364.0,293.50502551066154,0,0,0,0,0,0,0,0,0,0,0,0,0,0,1,0,0,0,0
2022-08-01,910.0,2022,8,-0.4999999999999997,-0.8660254037844388,43,0,0,0,1,705.0,224.0,330.0,57.0,419.6666666666667,252.72580662385974,456.3333333333333,300.16173418122685,0,0,0,0,0,0,0,0,0,0,0,0,0,0,1,0,0,0,0
2022-09-01,911.0,2022,9,-0.8660254037844384,-0.5000000000000004,44,0,0,1,0,910.0,705.0,224.0,73.0,613.0,352.1320774941483,577.5,314.1654022963315,0,0,0,0,0,0,0,0,0,0,0,0,0,0,1,0,0,0,0
2022-10-01,2096.0,2022,10,-1.0,-1.8369701987210297e-16,45,0,0,1,0,911.0,910.0,705.0,238.0,842.0,118.6465338741172,670.0,317.5915616007714,0,0,0,0,0,0,0,0,0,0,0,0,0,0,1,0,0,0,0
2022-11-01,956.0,2022,11,-0.8660254037844386,0.5000000000000001,46,0,0,1,0,2096.0,911.0,910.0,262.0,1305.6666666666667,684.4489267532455,862.6666666666666,669.652944939903,0,0,0,0,0,0,0,0,0,0,0,0,0,0,1,0,0,0,0
2022-12-01,587.0,2022,12,-0.5000000000000004,0.8660254037844384,47,0,0,0,0,956.0,2096.0,911.0,235.0,1321.0,671.5467221276091,967.0,616.73981548139,0,0,0,0,0,0,0,0,0,0,0,0,0,0,1,0,0,0,0
2023-01-01,463.0,2023,1,0.0,1.0,48,0,0,0,0,587.0,956.0,2096.0,151.0,1213.0,786.6428668718338,1027.5,542.628694412689,0,0,0,0,0,0,0,0,0,0,0,0,0,0,1,0,0,0,0
2023-02-01,540.0,2023,2,0.49999999999999994,0.8660254037844387,49,0,0,0,0,463.0,587.0,956.0,183.0,668.6666666666666,256.44557577325827,987.1666666666666,579.15849874338,0,0,0,0,0,0,0,0,0,0,0,0,0,0,1,0,0,0,0
2023-03-01,1183.0,2023,3,0.8660254037844386,0.5000000000000001,50,0,1,0,0,540.0,463.0,587.0,356.0,530.0,62.60191690632487,925.5,607.9982730238784,0,0,0,0,0,0,0,0,0,0,0,0,0,0,1,0,0,0,0
2023-04-01,1172.0,2023,4,1.0,6.123233995736766e-17,51,0,1,0,0,1183.0,540.0,463.0,940.0,728.6666666666666,395.34331072332213,970.8333333333334,616.7778908705188,0,0,0,0,0,0,0,0,0,0,0,0,0,0,1,0,0,0,0
2023-05-01,590.0,2023,5,0.8660254037844387,-0.4999999999999998,52,0,1,0,0,1172.0,1183.0,540.0,330.0,965.0,368.1018880695139,816.8333333333334,326.8782138146933,0,0,0,0,0,0,0,0,0,0,0,0,0,0,1,0,0,0,0
2023-06-01,372.0,2023,6,0.49999999999999994,-0.8660254037844387,53,0,0,0,1,590.0,1172.0,1183.0,224.0,981.6666666666666,339.2378713140295,755.8333333333334,329.8505217013971,0,0,0,0,0,0,0,0,0,0,0,0,0,0,1,0,0,0,0
2023-07-01,826.0,2023,7,1.2246467991473532e-16,-1.0,54,0,0,0,1,372.0,590.0,1172.0,705.0,711.3333333333334,413.57143679620515,720.0,361.9740322178055,0,0,0,0,0,0,0,0,0,0,0,0,0,0,1,0,0,0,0
2023-08-01,1588.0,2023,8,-0.4999999999999997,-0.8660254037844388,55,0,0,0,1,826.0,372.0,590.0,910.0,596.0,227.0594635780364,780.5,340.103366640228,0,0,0,0,0,0,0,0,0,0,0,0,0,0,1,0,0,0,0
2023-09-01,1218.0,2023,9,-0.8660254037844384,-0.5000000000000004,56,0,0,1,0,1588.0,826.0,372.0,911.0,928.6666666666666,614.4667064485062,955.1666666666666,444.86331234063965,0,0,0,0,0,0,0,0,0,0,0,0,0,0,1,0,0,0,0
2023-10-01,2353.0,2023,10,-1.0,-1.8369701987210297e-16,57,0,0,1,0,1218.0,1588.0,826.0,2096.0,1210.6666666666667,381.05292720785025,961.0,448.66156510227046,0,0,0,0,0,0,0,0,0,0,0,0,0,0,1,0,0,0,0
2023-11-01,1404.0,2023,11,-0.8660254037844386,0.5000000000000001,58,0,0,1,0,2353.0,1218.0,1588.0,956.0,1719.6666666666667,578.8422352711184,1157.8333333333333,730.3655021060943,0,0,0,0,0,0,0,0,0,0,0,0,0,0,1,0,0,0,0
2023-12-01,684.0,2023,12,-0.5000000000000004,0.8660254037844384,59,0,0,0,0,1404.0,2353.0,1218.0,587.0,1658.3333333333333,608.7448836201136,1293.5,677.4805532264536,0,0,0,0,0,0,0,0,0,0,0,0,0,0,1,0,0,0,0
2024-01-01,521.0,2024,1,0.0,1.0,60,0,0,0,0,684.0,1404.0,2353.0,463.0,1480.3333333333333,837.1142892900991,1345.5,600.1672266960452,0,0,0,0,0,0,0,0,0,0,0,0,0,0,1,0,0,0,0
2024-02-01,787.0,2024,2,0.49999999999999994,0.8660254037844387,61,0,0,0,0,521.0,684.0,1404.0,540.0,869.6666666666666,469.86842129863936,1294.6666666666667,662.6340367553482,0,0,0,0,0,0,0,0,0,0,0,0,0,0,1,0,0,0,0
2024-03-01,1542.0,2024,3,0.8660254037844386,0.5000000000000001,62,0,1,0,0,787.0,521.0,684.0,1183.0,664.0,134.1230778067106,1161.1666666666667,672.3342670626621,0,0,0,0,0,0,0,0,0,0,0,0,0,0,1,0,0,0,0
2024-04-01,1100.0,2024,4,1.0,6.123233995736766e-17,63,0,1,0,0,1542.0,787.0,521.0,1172.0,950.0,529.6574364627965,1215.1666666666667,690.57582253268,0,0,0,0,0,0,0,0,0,0,0,0,0,0,1,0,0,0,0
2024-05-01,675.0,2024,5,0.8660254037844387,-0.4999999999999998,64,0,1,0,0,1100.0,1542.0,787.0,590.0,1143.0,379.33230814200203,1006.3333333333334,410.22075357871114,0,0,0,0,0,0,0,0,0,0,0,0,0,0,1,0,0,0,0
2024-06-01,501.0,2024,6,0.49999999999999994,-0.8660254037844387,65,0,0,0,1,675.0,1100.0,1542.0,372.0,1105.6666666666667,433.52777688825495,884.8333333333334,375.3597829638713,0,0,0,0,0,0,0,0,0,0,0,0,0,0,1,0,0,0,0
2024-07-01,875.0,2024,7,1.2246467991473532e-16,-1.0,66,0,0,0,1,501.0,675.0,1100.0,826.0,758.6666666666666,308.14011964312095,854.3333333333334,401.4691353848815,0,0,0,0,0,0,0,0,0,0,0,0,0,0,1,0,0,0,0
2024-08-01,1580.0,2024,8,-0.4999999999999997,-0.8660254037844388,67,0,0,0,1,875.0,501.0,675.0,1588.0,683.6666666666666,187.1505632737391,913.3333333333334,367.2376160834901,0,0,0,0,0,0,0,0,0,0,0,0,0,0,1,0,0,0,0
2024-09-01,1380.0,2024,9,-0.8660254037844384,-0.5000000000000004,68,0,0,1,0,1580.0,875.0,501.0,1218.0,985.3333333333334,547.8962797224252,1045.5,446.76470317161284,0,0,0,0,0,0,0,0,0,0,0,0,0,0,1,0,0,0,0
2024-10-01,2380.0,2024,10,-1.0,-1.8369701987210297e-16,69,0,0,1,0,1380.0,1580.0,875.0,2353.0,1278.3333333333333,363.3295106837184,1018.5,414.4870323665375,0,0,0,0,0,0,0,0,0,0,0,0,0,0,1,0,0,0,0
2024-11-01,1902.0,2024,11,-0.8660254037844386,0.5000000000000001,70,0,0,1,0,2380.0,1380.0,1580.0,1404.0,1780.0,529.1502622132305,1231.8333333333333,697.5630198531798,0,0,0,0,0,0,0,0,0,0,0,0,0,0,1,0,0,0,0
2024-12-01,725.0,2024,12,-0.5000000000000004,0.8660254037844384,71,0,0,0,0,1902.0,2380.0,1380.0,684.0,1887.3333333333333,500.161307313613,1436.3333333333333,681.3382909147919,0,0,0,0,0,0,0,0,0,0,0,0,0,0,1,0,0,0,0
2025-01-01,425.0,2025,1,0.0,1.0,72,0,0,0,0,725.0,1902.0,2380.0,521.0,1669.0,851.7470281722924,1473.6666666666667,623.5211838155059,0,0,0,0,0,0,0,0,0,0,0,0,0,0,1,0,0,0,0
2025-02-01,713.0,2025,2,0.49999999999999994,0.8660254037844387,73,0,0,0,0,425.0,725.0,1902.0,787.0,1017.3333333333334,780.6896523802999,1398.6666666666667,728.2092190206665,0,0,0,0,0,0,0,0,0,0,0,0,0,0,1,0,0,0,0
2025-03-01,1014.0,2025,3,0.8660254037844386,0.5000000000000001,74,0,1,0,0,713.0,425.0,725.0,1542.0,621.0,169.84698996551364,1254.1666666666667,769.8595759401112,0,0,0,0,0,0,0,0,0,0,0,0,0,0,1,0,0,0,0
2025-04-01,1725.0,2025,4,1.0,6.123233995736766e-17,75,0,1,0,0,1014.0,713.0,425.0,1100.0,717.3333333333334,294.5239096129165,1193.1666666666667,772.3909416006168,0,0,0,0,0,0,0,0,0,0,0,0,0,0,1,0,0,0,0
2025-05-01,898.0,2025,5,0.8660254037844387,-0.4999999999999998,76,0,1,0,0,1725.0,1014.0,713.0,675.0,1150.6666666666667,519.6579002898657,1084.0,597.6132528651115,0,0,0,0,0,0,0,0,0,0,0,0,0,0,1,0,0,0,0
2025-06-01,490.0,2025,6,0.49999999999999994,-0.8660254037844387,77,0,0,0,1,898.0,1725.0,1014.0,501.0,1212.3333333333333,447.75476919143046,916.6666666666666,443.4359780923113,0,0,0,0,0,0,0,0,0,0,0,0,0,0,1,0,0,0,0
2025-07-01,774.0,2025,7,1.2246467991473532e-16,-1.0,78,0,0,0,1,490.0,898.0,1725.0,875.0,1037.6666666666667,629.2347203815706,877.5,473.1345474598296,0,0,0,0,0,0,0,0,0,0,0,0,0,0,1,0,0,0,0
2025-08-01,1491.0,2025,8,-0.4999999999999997,-0.8660254037844388,79,0,0,0,1,774.0,490.0,898.0,1580.0,720.6666666666666,209.1634129901243,935.6666666666666,425.426217653173,0,0,0,0,0,0,0,0,0,0,0,0,0,0,1,0,0,0,0
2025-09-01,1075.0,2025,9,-0.8660254037844384,-0.5000000000000004,80,0,0,1,0,1491.0,774.0,490.0,1380.0,918.3333333333334,515.8724002441639,1065.3333333333333,461.05776933773296,0,0,0,0,0,0,0,0,0,0,0,0,0,0,1,0,0,0,0
2025-10-01,2130.0,2025,10,-1.0,-1.8369701987210297e-16,81,0,0,1,0,1075.0,1491.0,774.0,2380.0,1113.3333333333333,360.0337947105415,1075.5,460.3714804372873,0,0,0,0,0,0,0,0,0,0,0,0,0,0,1,0,0,0,0
2025-11-01,1798.0,2025,11,-0.8660254037844386,0.5000000000000001,82,0,0,1,0,2130.0,1075.0,1491.0,1902.0,1565.3333333333333,531.4135238528152,1143.0,586.9398606331148,0,0,0,0,0,0,0,0,0,0,0,0,0,0,1,0,0,0,0
2025-12-01,610.0,2025,12,-0.5000000000000004,0.8660254037844384,83,0,0,0,0,1798.0,2130.0,1075.0,725.0,1667.6666666666667,539.4407598000593,1293.0,625.5384880245352,0,0,0,0,0,0,0,0,0,0,0,0,0,0,1,0,0,0,0
2020-01-01,291.0,2020,1,0.0,1.0,12,0,0,0,0,935.0,5539.0,5851.0,655.0,4108.333333333333,2752.6113662000394,5808.666666666667,4956.272335805078,0,0,0,0,0,0,0,0,0,0,0,0,0,0,0,1,0,0,0
2020-02-01,7369.0,2020,2,0.49999999999999994,0.8660254037844387,13,0,0,0,0,291.0,935.0,5539.0,7835.0,2255.0,2862.1977569693436,5677.333333333333,5114.578874811368,0,0,0,0,0,0,0,0,0,0,0,0,0,0,0,1,0,0,0
2020-03-01,5556.0,2020,3,0.8660254037844386,0.5000000000000001,14,1,1,0,0,7369.0,291.0,935.0,10835.0,2865.0,3913.8467011369175,4491.166666666667,3086.1550457918847,0,0,0,0,0,0,0,0,0,0,0,0,0,0,0,1,0,0,0
2020-04-01,0.0,2020,4,1.0,6.123233995736766e-17,15,1,1,0,0,5556.0,7369.0,291.0,1531.0,4405.333333333333,3676.621592349917,4256.833333333333,2909.3347979678633,0,0,0,0,0,0,0,0,0,0,0,0,0,0,0,1,0,0,0
2020-05-01,0.0,2020,5,0.8660254037844387,-0.4999999999999998,16,1,1,0,0,0.0,5556.0,7369.0,253.0,4308.333333333333,3839.667216482913,3281.6666666666665,3230.9350762073036,0,0,0,0,0,0,0,0,0,0,0,0,0,0,0,1,0,0,0
2020-06-01,0.0,2020,6,0.49999999999999994,-0.8660254037844387,17,1,0,0,1,0.0,0.0,5556.0,355.0,1852.0,3207.7580956176134,2358.5,3248.232427028586,0,0,0,0,0,0,0,0,0,0,0,0,0,0,0,1,0,0,0
2020-07-01,0.0,2020,7,1.2246467991473532e-16,-1.0,18,1,0,0,1,0.0,0.0,0.0,1079.0,0.0,0.0,2202.6666666666665,3350.98598425399,0,0,0,0,0,0,0,0,0,0,0,0,0,0,0,1,0,0,0
2020-08-01,1.0,2020,8,-0.4999999999999997,-0.8660254037844388,19,1,0,0,1,0.0,0.0,0.0,14486.0,0.0,0.0,2154.1666666666665,3386.10965071521,0,0,0,0,0,0,0,0,0,0,0,0,0,0,0,1,0,0,0
2020-09-01,1.0,2020,9,-0.8660254037844384,-0.5000000000000004,20,1,0,1,0,1.0,0.0,0.0,6962.0,0.3333333333333333,0.5773505805139149,926.1666666666666,2268.1458874302302,0,0,0,0,0,0,0,0,0,0,0,0,0,0,0,1,0,0,0
2020-10-01,50.0,2020,10,-1.0,-1.8369701987210297e-16,21,1,0,1,0,1.0,1.0,0.0,5851.0,0.6666666666666666,0.5773505805103705,0.3333333333333333,0.516397768819185,0,0,0,0,0,0,0,0,0,0,0,0,0,0,0,1,0,0,0
2020-11-01,21.0,2020,11,-0.8660254037844386,0.5000000000000001,22,1,0,1,0,50.0,1.0,1.0,5539.0,17.333333333333332,28.290163196641533,8.666666666666666,20.255040524663066,0,0,0,0,0,0,0,0,0,0,0,0,0,0,0,1,0,0,0
2020-12-01,39.0,2020,12,-0.5000000000000004,0.8660254037844384,23,1,0,0,0,21.0,50.0,1.0,935.0,24.0,24.637369996799496,12.166666666666666,20.272312809735983,0,0,0,0,0,0,0,0,0,0,0,0,0,0,0,1,0,0,0
2021-01-01,31.0,2021,1,0.0,1.0,24,1,0,0,0,39.0,21.0,50.0,291.0,36.666666666666664,14.640127516260707,18.666666666666668,21.786846184243025,0,0,0,0,0,0,0,0,0,0,0,0,0,0,0,1,0,0,0
2021-02-01,19.0,2021,2,0.49999999999999994,0.8660254037844387,25,1,0,0,0,31.0,39.0,21.0,7369.0,30.333333333333332,9.018499525555878,23.833333333333332,20.083990307106003,0,0,0,0,0,0,0,0,0,0,0,0,0,0,0,1,0,0,0
2021-03-01,40.0,2021,3,0.8660254037844386,0.5000000000000001,26,1,1,0,0,19.0,31.0,39.0,5556.0,29.666666666666668,10.066445931532131,26.833333333333332,17.11626906355367,0,0,0,0,0,0,0,0,0,0,0,0,0,0,0,1,0,0,0
2021-04-01,71.0,2021,4,1.0,6.123233995736766e-17,27,1,1,0,0,40.0,19.0,31.0,0.0,30.0,10.535653769895934,33.333333333333336,11.977757163010263,0,0,0,0,0,0,0,0,0,0,0,0,0,0,0,1,0,0,0
2021-05-01,1.0,2021,5,0.8660254037844387,-0.4999999999999998,28,1,1,0,0,71.0,40.0,19.0,0.0,43.333333333333336,26.15976555117213,36.833333333333336,18.893561513279764,0,0,0,0,0,0,0,0,0,0,0,0,0,0,0,1,0,0,0
2021-06-01,3.0,2021,6,0.49999999999999994,-0.8660254037844387,29,1,0,0,1,1.0,71.0,40.0,0.0,37.333333333333336,35.07610773293362,33.5,23.458473948434477,0,0,0,0,0,0,0,0,0,0,0,0,0,0,0,1,0,0,0
2021-07-01,13.0,2021,7,1.2246467991473532e-16,-1.0,30,1,0,0,1,3.0,1.0,71.0,0.0,25.0,39.849717694849275,27.5,26.21259239352922,0,0,0,0,0,0,0,0,0,0,0,0,0,0,0,1,0,0,0
2021-08-01,40.0,2021,8,-0.4999999999999997,-0.8660254037844388,31,1,0,0,1,13.0,3.0,1.0,1.0,5.666666666666667,6.429100535281251,24.5,26.75630766733836,0,0,0,0,0,0,0,0,0,0,0,0,0,0,0,1,0,0,0
2021-09-01,39.0,2021,9,-0.8660254037844384,-0.5000000000000004,32,1,0,1,0,40.0,13.0,3.0,1.0,18.666666666666668,19.139836302659287,28.0,27.261694738025955,0,0,0,0,0,0,0,0,0,0,0,0,0,0,0,1,0,0,0
2021-10-01,58.0,2021,10,-1.0,-1.8369701987210297e-16,33,1,0,1,0,39.0,40.0,13.0,50.0,30.666666666666668,15.307950016003035,27.833333333333332,27.17658305703601,0,0,0,0,0,0,0,0,0,0,0,0,0,0,0,1,0,0,0
2021-11-01,66.0,2021,11,-0.8660254037844386,0.5000000000000001,34,1,0,1,0,58.0,39.0,40.0,21.0,45.666666666666664,10.692676638347557,25.666666666666668,23.286619906202585,0,0,0,0,0,0,0,0,0,0,0,0,0,0,0,1,0,0,0
2021-12-01,82.0,2021,12,-0.5000000000000004,0.8660254037844384,35,1,0,0,0,66.0,58.0,39.0,39.0,54.333333333333336,13.868429388079871,36.5,24.598780457360398,0,0,0,0,0,0,0,0,0,0,0,0,0,0,0,1,0,0,0
2022-01-01,54.0,2022,1,0.0,1.0,36,1,0,0,0,82.0,66.0,58.0,31.0,68.66666666666667,12.220201867889985,49.666666666666664,24.221202832564757,0,0,0,0,0,0,0,0,0,0,0,0,0,0,0,1,0,0,0
2022-02-01,74.0,2022,2,0.49999999999999994,0.8660254037844387,37,1,0,0,0,54.0,82.0,66.0,19.0,67.33333333333333,14.0475383499031,56.5,16.294170736483018,0,0,0,0,0,0,0,0,0,0,0,0,0,0,0,1,0,0,0
2022-03-01,175.0,2022,3,0.8660254037844386,0.5000000000000001,38,0,1,0,0,74.0,54.0,82.0,40.0,70.0,14.422205114289293,62.166666666666664,15.28942989965274,0,0,0,0,0,0,0,0,0,0,0,0,0,0,0,1,0,0,0
2022-04-01,297.0,2022,4,1.0,6.123233995736766e-17,39,0,1,0,0,175.0,74.0,54.0,71.0,101.0,64.86139067548777,84.83333333333333,45.34497399554521,0,0,0,0,0,0,0,0,0,0,0,0,0,0,0,1,0,0,0
2022-05-01,194.0,2022,5,0.8660254037844387,-0.4999999999999998,40,0,1,0,0,297.0,175.0,74.0,1.0,182.0,111.66467660078212,124.66666666666667,94.92663834065311,0,0,0,0,0,0,0,0,0,0,0,0,0,0,0,1,0,0,0
2022-06-01,203.0,2022,6,0.49999999999999994,-0.8660254037844387,41,0,0,0,1,194.0,297.0,175.0,3.0,222.0,65.64297373182269,146.0,93.47726996436487,0,0,0,0,0,0,0,0,0,0,0,0,0,0,0,1,0,0,0
2022-07-01,219.0,2022,7,1.2246467991473532e-16,-1.0,42,0,0,0,1,203.0,194.0,297.0,13.0,231.33333333333334,57.04676444540903,166.16666666666666,89.89197220362706,0,0,0,0,0,0,0,0,0,0,0,0,0,0,0,1,0,0,0
2022-08-01,232.0,2022,8,-0.4999999999999997,-0.8660254037844388,43,0,0,0,1,219.0,203.0,194.0,40.0,205.33333333333334,12.662279956244205,193.66666666666666,72.2154184828835,0,0,0,0,0,0,0,0,0,0,0,0,0,0,0,1,0,0,0
2022-09-01,573.0,2022,9,-0.8660254037844384,-0.5000000000000004,44,0,0,1,0,232.0,219.0,203.0,39.0,218.0,14.525839058616024,220.0,42.576989090254465,0,0,0,0,0,0,0,0,0,0,0,0,0,0,0,1,0,0,0
2022-10-01,901.0,2022,10,-1.0,-1.8369701987210297e-16,45,0,0,1,0,573.0,232.0,219.0,58.0,341.3333333333333,200.73448466491413,286.3333333333333,145.0843432857561,0,0,0,0,0,0,0,0,0,0,0,0,0,0,0,1,0,0,0
2022-11-01,1018.0,2022,11,-0.8660254037844386,0.5000000000000001,46,0,0,1,0,901.0,573.0,232.0,66.0,568.6666666666666,334.5210506585286,387.0,290.56703185322607,0,0,0,0,0,0,0,0,0,0,0,0,0,0,0,1,0,0,0
2022-12-01,666.0,2022,12,-0.5000000000000004,0.8660254037844384,47,0,0,0,0,1018.0,901.0,573.0,82.0,830.6666666666666,230.6866561673706,524.3333333333334,366.03151048326697,0,0,0,0,0,0,0,0,0,0,0,0,0,0,0,1,0,0,0
2023-01-01,307.0,2023,1,0.0,1.0,48,0,0,0,0,666.0,1018.0,901.0,54.0,861.6666666666666,179.26609644236214,601.5,331.9582805112658,0,0,0,0,0,0,0,0,0,0,0,0,0,0,0,1,0,0,0
2023-02-01,2175.0,2023,2,0.49999999999999994,0.8660254037844387,49,0,0,0,0,307.0,666.0,1018.0,74.0,663.6666666666666,355.5057430389623,616.1666666666666,313.08619686383986,0,0,0,0,0,0,0,0,0,0,0,0,0,0,0,1,0,0,0
2023-03-01,3898.0,2023,3,0.8660254037844386,0.5000000000000001,50,0,1,0,0,2175.0,307.0,666.0,175.0,1049.3333333333333,991.2438314227635,940.0,654.7188709667688,0,0,0,0,0,0,0,0,0,0,0,0,0,0,0,1,0,0,0
2023-04-01,747.0,2023,4,1.0,6.123233995736766e-17,51,0,1,0,0,3898.0,2175.0,307.0,297.0,2126.6666666666665,1795.9878433145552,1494.1666666666667,1335.3467589606355,0,0,0,0,0,0,0,0,0,0,0,0,0,0,0,1,0,0,0
2023-05-01,471.0,2023,5,0.8660254037844387,-0.4999999999999998,52,0,1,0,0,747.0,3898.0,2175.0,194.0,2273.3333333333335,1577.7998394389783,1468.5,1350.4231559033663,0,0,0,0,0,0,0,0,0,0,0,0,0,0,0,1,0,0,0
2023-06-01,320.0,2023,6,0.49999999999999994,-0.8660254037844387,53,0,0,0,1,471.0,747.0,3898.0,203.0,1705.3333333333333,1903.9129006689545,1377.3333333333333,1404.3077535450243,0,0,0,0,0,0,0,0,0,0,0,0,0,0,0,1,0,0,0
2023-07-01,484.0,2023,7,1.2246467991473532e-16,-1.0,54,0,0,0,1,320.0,471.0,747.0,219.0,512.6666666666666,216.5279042841489,1319.6666666666667,1445.849738619706,0,0,0,0,0,0,0,0,0,0,0,0,0,0,0,1,0,0,0
2023-08-01,3858.0,2023,8,-0.4999999999999997,-0.8660254037844388,55,0,0,0,1,484.0,320.0,471.0,232.0,425.0,91.164686147396,1349.1666666666667,1422.6757067816516,0,0,0,0,0,0,0,0,0,0,0,0,0,0,0,1,0,0,0
2023-09-01,3011.0,2023,9,-0.8660254037844384,-0.5000000000000004,56,0,0,1,0,3858.0,484.0,320.0,573.0,1554.0,1997.0067601288536,1629.6666666666667,1747.0084907254102,0,0,0,0,0,0,0,0,0,0,0,0,0,0,0,1,0,0,0
2023-10-01,2507.0,2023,10,-1.0,-1.8369701987210297e-16,57,0,0,1,0,3011.0,3858.0,484.0,901.0,2451.0,1755.3258956673344,1481.8333333333333,1542.1939458663016,0,0,0,0,0,0,0,0,0,0,0,0,0,0,0,1,0,0,0
2023-11-01,3227.0,2023,11,-0.8660254037844386,0.5000000000000001,58,0,0,1,0,2507.0,3011.0,3858.0,1018.0,3125.3333333333335,682.7183411434435,1775.1666666666667,1541.8515384649318,0,0,0,0,0,0,0,0,0,0,0,0,0,0,0,1,0,0,0
2023-12-01,846.0,2023,12,-0.5000000000000004,0.8660254037844384,59,0,0,0,0,3227.0,2507.0,3011.0,666.0,2915.0,369.4753036406151,2234.5,1485.0978082267902,0,0,0,0,0,0,0,0,0,0,0,0,0,0,0,1,0,0,0
2024-01-01,493.0,2024,1,0.0,1.0,60,0,0,0,0,846.0,3227.0,2507.0,307.0,2193.3333333333335,1221.0980031650479,2322.1666666666665,1359.7122367128584,0,0,0,0,0,0,0,0,0,0,0,0,0,0,0,1,0,0,0
2024-02-01,3683.0,2024,2,0.49999999999999994,0.8660254037844387,61,0,0,0,0,493.0,846.0,3227.0,2175.0,1522.0,1487.0847319505174,2323.6666666666665,1357.2816460361807,0,0,0,0,0,0,0,0,0,0,0,0,0,0,0,1,0,0,0
2024-03-01,5741.0,2024,3,0.8660254037844386,0.5000000000000001,62,0,1,0,0,3683.0,493.0,846.0,3898.0,1674.0,1748.7747139069515,2294.5,1319.0581109261325,0,0,0,0,0,0,0,0,0,0,0,0,0,0,0,1,0,0,0
2024-04-01,908.0,2024,4,1.0,6.123233995736766e-17,63,0,1,0,0,5741.0,3683.0,493.0,747.0,3305.6666666666665,2644.2695273616973,2749.5,1940.2273835816313,0,0,0,0,0,0,0,0,0,0,0,0,0,0,0,1,0,0,0
2024-05-01,511.0,2024,5,0.8660254037844387,-0.4999999999999998,64,0,1,0,0,908.0,5741.0,3683.0,471.0,3444.0,2425.348016264948,2483.0,2084.638769667306,0,0,0,0,0,0,0,0,0,0,0,0,0,0,0,1,0,0,0
2024-06-01,284.0,2024,6,0.49999999999999994,-0.8660254037844387,65,0,0,0,1,511.0,908.0,5741.0,320.0,2386.6666666666665,2911.711924853429,2030.3333333333333,2183.318544479179,0,0,0,0,0,0,0,0,0,0,0,0,0,0,0,1,0,0,0
2024-07-01,694.0,2024,7,1.2246467991473532e-16,-1.0,66,0,0,0,1,284.0,511.0,908.0,484.0,567.6666666666666,315.8359278702809,1936.6666666666667,2255.1626696685717,0,0,0,0,0,0,0,0,0,0,0,0,0,0,0,1,0,0,0
2024-08-01,4851.0,2024,8,-0.4999999999999997,-0.8660254037844388,67,0,0,0,1,694.0,284.0,511.0,3858.0,496.3333333333333,205.39311900276022,1970.1666666666667,2230.7894043738597,0,0,0,0,0,0,0,0,0,0,0,0,0,0,0,1,0,0,0
2024-09-01,4915.0,2024,9,-0.8660254037844384,-0.5000000000000004,68,0,0,1,0,4851.0,694.0,284.0,3011.0,1943.0,2526.7316834203693,2164.8333333333335,2450.311769278898,0,0,0,0,0,0,0,0,0,0,0,0,0,0,0,1,0,0,0
2024-10-01,3125.0,2024,10,-1.0,-1.8369701987210297e-16,69,0,0,1,0,4915.0,4851.0,694.0,2507.0,3486.6666666666665,2418.7319680637725,2027.1666666666667,2221.750428528524,0,0,0,0,0,0,0,0,0,0,0,0,0,0,0,1,0,0,0
2024-11-01,4396.0,2024,11,-0.8660254037844386,0.5000000000000001,70,0,0,1,0,3125.0,4915.0,4851.0,3227.0,4297.0,1015.4860905006573,2396.6666666666665,2182.4022238502885,0,0,0,0,0,0,0,0,0,0,0,0,0,0,0,1,0,0,0
2024-12-01,626.0,2024,12,-0.5000000000000004,0.8660254037844384,71,0,0,0,0,4396.0,3125.0,4915.0,846.0,4145.333333333333,920.9507768244968,3044.1666666666665,2085.207655526589,0,0,0,0,0,0,0,0,0,0,0,0,0,0,0,1,0,0,0
2025-01-01,407.0,2025,1,0.0,1.0,72,0,0,0,0,626.0,4396.0,3125.0,493.0,2715.6666666666665,1918.0433606500292,3101.1666666666665,1997.496975383616,0,0,0,0,0,0,0,0,0,0,0,0,0,0,0,1,0,0,0
2025-02-01,4502.0,2025,2,0.49999999999999994,0.8660254037844387,73,0,0,0,0,407.0,626.0,4396.0,3683.0,1809.6666666666667,2242.505369744667,3053.3333333333335,2068.831812078182,0,0,0,0,0,0,0,0,0,0,0,0,0,0,0,1,0,0,0
2025-03-01,8883.0,2025,3,0.8660254037844386,0.5000000000000001,74,0,1,0,0,4502.0,407.0,626.0,5741.0,1845.0,2303.633434381506,2995.1666666666665,2012.3148279199986,0,0,0,0,0,0,0,0,0,0,0,0,0,0,0,1,0,0,0
2025-04-01,1027.0,2025,4,1.0,6.123233995736766e-17,75,0,1,0,0,8883.0,4502.0,407.0,908.0,4597.333333333333,4238.804115942802,3656.5,3117.810305326486,0,0,0,0,0,0,0,0,0,0,0,0,0,0,0,1,0,0,0
2025-05-01,455.0,2025,5,0.8660254037844387,-0.4999999999999998,76,0,1,0,0,1027.0,8883.0,4502.0,511.0,4804.0,3936.6974737716773,3306.8333333333335,3301.5718327285713,0,0,0,0,0,0,0,0,0,0,0,0,0,0,0,1,0,0,0
2025-06-01,287.0,2025,6,0.49999999999999994,-0.8660254037844387,77,0,0,0,1,455.0,1027.0,8883.0,284.0,3455.0,4709.478102720122,2650.0,3431.034013238578,0,0,0,0,0,0,0,0,0,0,0,0,0,0,0,1,0,0,0
2025-07-01,598.0,2025,7,1.2246467991473532e-16,-1.0,78,0,0,0,1,287.0,455.0,1027.0,694.0,589.6666666666666,387.9450132862563,2593.5,3473.5575855310103,0,0,0,0,0,0,0,0,0,0,0,0,0,0,0,1,0,0,0
2025-08-01,5956.0,2025,8,-0.4999999999999997,-0.8660254037844388,79,0,0,0,1,598.0,287.0,455.0,4851.0,446.6666666666667,155.66738044200113,2625.3333333333335,3450.309242179125,0,0,0,0,0,0,0,0,0,0,0,0,0,0,0,1,0,0,0
2025-09-01,4616.0,2025,9,-0.8660254037844384,-0.5000000000000004,80,0,0,1,0,5956.0,598.0,287.0,4915.0,2280.3333333333335,3187.0165254252543,2867.6666666666665,3653.553868039541,0,0,0,0,0,0,0,0,0,0,0,0,0,0,0,1,0,0,0
2025-10-01,5534.0,2025,10,-1.0,-1.8369701987210297e-16,81,0,0,1,0,4616.0,5956.0,598.0,3125.0,3723.3333333333335,2788.3115560018837,2156.5,2473.061483263208,0,0,0,0,0,0,0,0,0,0,0,0,0,0,0,1,0,0,0
2025-11-01,4831.0,2025,11,-0.8660254037844386,0.5000000000000001,82,0,0,1,0,5534.0,4616.0,5956.0,4396.0,5368.666666666667,685.1286983725265,2907.6666666666665,2732.2662144576416,0,0,0,0,0,0,0,0,0,0,0,0,0,0,0,1,0,0,0
2025-12-01,582.0,2025,12,-0.5000000000000004,0.8660254037844384,83,0,0,0,0,4831.0,5534.0,4616.0,626.0,4993.666666666667,480.13157918807616,3637.0,2522.636240126593,0,0,0,0,0,0,0,0,0,0,0,0,0,0,0,1,0,0,0
2020-01-01,4005.0,2020,1,0.0,1.0,12,0,0,0,0,6187.0,6267.0,3705.0,4616.0,5386.333333333333,1456.6266966294531,3096.6666666666665,2672.556653593464,0,0,0,0,0,0,0,0,0,0,0,0,0,0,0,0,1,0,0
2020-02-01,12947.0,2020,2,0.49999999999999994,0.8660254037844387,13,0,0,0,0,4005.0,6187.0,6267.0,7725.0,5486.333333333333,1283.4957472986157,3627.0,2436.4229517881404,0,0,0,0,0,0,0,0,0,0,0,0,0,0,0,0,1,0,0
2020-03-01,3760.0,2020,3,0.8660254037844386,0.5000000000000001,14,1,1,0,0,12947.0,4005.0,6187.0,6112.0,7713.0,4662.225648764792,5665.333333333333,4077.898167765685,0,0,0,0,0,0,0,0,0,0,0,0,0,0,0,0,1,0,0
2020-04-01,0.0,2020,4,1.0,6.123233995736766e-17,15,1,1,0,0,3760.0,12947.0,4005.0,2962.0,6904.0,5234.825020953451,6145.166666666667,3535.683154167909,0,0,0,0,0,0,0,0,0,0,0,0,0,0,0,0,1,0,0
2020-05-01,0.0,2020,5,0.8660254037844387,-0.4999999999999998,16,1,1,0,0,0.0,3760.0,12947.0,937.0,5569.0,6660.372587175608,5527.666666666667,4290.130518605084,0,0,0,0,0,0,0,0,0,0,0,0,0,0,0,0,1,0,0
2020-06-01,0.0,2020,6,0.49999999999999994,-0.8660254037844387,17,1,0,0,1,0.0,0.0,3760.0,728.0,1253.3333333333333,2170.8370121530675,4483.166666666667,4806.0108787503505,0,0,0,0,0,0,0,0,0,0,0,0,0,0,0,0,1,0,0
2020-07-01,0.0,2020,7,1.2246467991473532e-16,-1.0,18,1,0,0,1,0.0,0.0,0.0,823.0,0.0,0.0,3452.0,5026.024472682166,0,0,0,0,0,0,0,0,0,0,0,0,0,0,0,0,1,0,0
2020-08-01,0.0,2020,8,-0.4999999999999997,-0.8660254037844388,19,1,0,0,1,0.0,0.0,0.0,717.0,0.0,0.0,2784.5,5200.803159128408,0,0,0,0,0,0,0,0,0,0,0,0,0,0,0,0,1,0,0
2020-09-01,0.0,2020,9,-0.8660254037844384,-0.5000000000000004,20,1,0,1,0,0.0,0.0,0.0,881.0,0.0,0.0,626.6666666666666,1535.0135721441275,0,0,0,0,0,0,0,0,0,0,0,0,0,0,0,0,1,0,0
2020-10-01,29.0,2020,10,-1.0,-1.8369701987210297e-16,21,1,0,1,0,0.0,0.0,0.0,3705.0,0.0,0.0,0.0,0.0,0,0,0,0,0,0,0,0,0,0,0,0,0,0,0,0,1,0,0
2020-11-01,1.0,2020,11,-0.8660254037844386,0.5000000000000001,22,1,0,1,0,29.0,0.0,0.0,6267.0,9.666666666666666,16.74315781637071,4.833333333333333,11.839200423501222,0,0,0,0,0,0,0,0,0,0,0,0,0,0,0,0,1,0,0
2020-12-01,36.0,2020,12,-0.5000000000000004,0.8660254037844384,23,1,0,0,0,1.0,29.0,0.0,6187.0,10.0,16.462077643194384,5.0,11.76435293593177,0,0,0,0,0,0,0,0,0,0,0,0,0,0,0,0,1,0,0
2021-01-01,36.0,2021,1,0.0,1.0,24,1,0,0,0,36.0,1.0,29.0,4005.0,22.0,18.52025918637451,11.0,16.804761230116455,0,0,0,0,0,0,0,0,0,0,0,0,0,0,0,0,1,0,0
2021-02-01,30.0,2021,2,0.49999999999999994,0.8660254037844387,25,1,0,0,0,36.0,36.0,1.0,12947.0,24.333333333333332,20.20725942981405,17.0,18.439088914620584,0,0,0,0,0,0,0,0,0,0,0,0,0,0,0,0,1,0,0
2021-03-01,46.0,2021,3,0.8660254037844386,0.5000000000000001,26,1,1,0,0,30.0,36.0,36.0,3760.0,34.0,3.46410166282955,22.0,16.91153452532716,0,0,0,0,0,0,0,0,0,0,0,0,0,0,0,0,1,0,0
2021-04-01,44.0,2021,4,1.0,6.123233995736766e-17,27,1,1,0,0,46.0,30.0,36.0,0.0,37.333333333333336,8.082903789092882,29.666666666666668,15.292699783493893,0,0,0,0,0,0,0,0,0,0,0,0,0,0,0,0,1,0,0
2021-05-01,8.0,2021,5,0.8660254037844387,-0.4999999999999998,28,1,1,0,0,44.0,46.0,30.0,0.0,40.0,8.71779790603011,32.166666666666664,16.35135060684892,0,0,0,0,0,0,0,0,0,0,0,0,0,0,0,0,1,0,0
2021-06-01,5.0,2021,6,0.49999999999999994,-0.8660254037844387,29,1,0,0,1,8.0,44.0,46.0,0.0,32.666666666666664,21.385353250852784,33.333333333333336,13.721030087719726,0,0,0,0,0,0,0,0,0,0,0,0,0,0,0,0,1,0,0
2021-07-01,6.0,2021,7,1.2246467991473532e-16,-1.0,30,1,0,0,1,5.0,8.0,44.0,0.0,19.0,21.70253442182519,28.166666666666668,17.758566008213034,0,0,0,0,0,0,0,0,0,0,0,0,0,0,0,0,1,0,0
2021-08-01,52.0,2021,8,-0.4999999999999997,-0.8660254037844388,31,1,0,0,1,6.0,5.0,8.0,0.0,6.333333333333333,1.5275253398603639,23.166666666666668,19.270876126113478,0,0,0,0,0,0,0,0,0,0,0,0,0,0,0,0,1,0,0
2021-09-01,61.0,2021,9,-0.8660254037844384,-0.5000000000000004,32,1,0,1,0,52.0,6.0,5.0,0.0,21.0,26.851443170349253,26.833333333333332,22.63109954615653,0,0,0,0,0,0,0,0,0,0,0,0,0,0,0,0,1,0,0
2021-10-01,90.0,2021,10,-1.0,-1.8369701987210297e-16,33,1,0,1,0,61.0,52.0,6.0,29.0,39.666666666666664,29.501412401166803,29.333333333333332,25.78113005025324,0,0,0,0,0,0,0,0,0,0,0,0,0,0,0,0,1,0,0
2021-11-01,74.0,2021,11,-0.8660254037844386,0.5000000000000001,34,1,0,1,0,90.0,61.0,52.0,1.0,67.66666666666667,19.8578280197899,37.0,35.87756959440646,0,0,0,0,0,0,0,0,0,0,0,0,0,0,0,0,1,0,0
2021-12-01,124.0,2021,12,-0.5000000000000004,0.8660254037844384,35,1,0,0,0,74.0,90.0,61.0,36.0,75.0,14.52583905769908,48.0,35.32138162645378,0,0,0,0,0,0,0,0,0,0,0,0,0,0,0,0,1,0,0
2022-01-01,121.0,2022,1,0.0,1.0,36,1,0,0,0,124.0,74.0,90.0,36.0,96.0,25.53429067607032,67.83333333333333,39.509070688494404,0,0,0,0,0,0,0,0,0,0,0,0,0,0,0,0,1,0,0
2022-02-01,191.0,2022,2,0.49999999999999994,0.8660254037844387,37,1,0,0,0,121.0,124.0,74.0,30.0,106.33333333333333,28.04163571661475,87.0,30.34468652008072,0,0,0,0,0,0,0,0,0,0,0,0,0,0,0,0,1,0,0
2022-03-01,274.0,2022,3,0.8660254037844386,0.5000000000000001,38,0,1,0,0,191.0,121.0,124.0,46.0,145.33333333333334,39.57692931068672,110.16666666666667,46.85047136015668,0,0,0,0,0,0,0,0,0,0,0,0,0,0,0,0,1,0,0
2022-04-01,617.0,2022,4,1.0,6.123233995736766e-17,39,0,1,0,0,274.0,191.0,121.0,44.0,195.33333333333334,76.59199262104883,145.66666666666666,74.61545863069668,0,0,0,0,0,0,0,0,0,0,0,0,0,0,0,0,1,0,0
2022-05-01,329.0,2022,5,0.8660254037844387,-0.4999999999999998,40,0,1,0,0,617.0,274.0,191.0,8.0,360.6666666666667,225.836961841196,233.5,200.3025212023139,0,0,0,0,0,0,0,0,0,0,0,0,0,0,0,0,1,0,0
2022-06-01,305.0,2022,6,0.49999999999999994,-0.8660254037844387,41,0,0,0,1,329.0,617.0,274.0,5.0,406.6666666666667,184.2181677621986,276.0,186.25144294744086,0,0,0,0,0,0,0,0,0,0,0,0,0,0,0,0,1,0,0
2022-07-01,430.0,2022,7,1.2246467991473532e-16,-1.0,42,0,0,0,1,305.0,329.0,617.0,6.0,417.0,173.62027531463065,306.1666666666667,170.7189698500749,0,0,0,0,0,0,0,0,0,0,0,0,0,0,0,0,1,0,0
2022-08-01,284.0,2022,8,-0.4999999999999997,-0.8660254037844388,43,0,0,0,1,430.0,305.0,329.0,52.0,354.6666666666667,66.33500835653713,357.6666666666667,148.9022050430123,0,0,0,0,0,0,0,0,0,0,0,0,0,0,0,0,1,0,0
2022-09-01,643.0,2022,9,-0.8660254037844384,-0.5000000000000004,44,0,0,1,0,284.0,430.0,305.0,61.0,339.6666666666667,78.93246058284221,373.1666666666667,131.95971607529103,0,0,0,0,0,0,0,0,0,0,0,0,0,0,0,0,1,0,0
2022-10-01,1296.0,2022,10,-1.0,-1.8369701987210297e-16,45,0,0,1,0,643.0,284.0,430.0,90.0,452.3333333333333,180.53900778962222,434.6666666666667,159.59281521005892,0,0,0,0,0,0,0,0,0,0,0,0,0,0,0,0,1,0,0
2022-11-01,2441.0,2022,11,-0.8660254037844386,0.5000000000000001,46,0,0,1,0,1296.0,643.0,284.0,74.0,741.0,513.0682215849333,547.8333333333334,389.65595936245234,0,0,0,0,0,0,0,0,0,0,0,0,0,0,0,0,1,0,0
2022-12-01,3004.0,2022,12,-0.5000000000000004,0.8660254037844384,47,0,0,0,0,2441.0,1296.0,643.0,124.0,1460.0,910.1499876395768,899.8333333333334,842.8436193426847,0,0,0,0,0,0,0,0,0,0,0,0,0,0,0,0,1,0,0
2023-01-01,2419.0,2023,1,0.0,1.0,48,0,0,0,0,3004.0,2441.0,1296.0,121.0,2247.0,870.3694617806375,1349.6666666666667,1132.3883903796793,0,0,0,0,0,0,0,0,0,0,0,0,0,0,0,0,1,0,0
2023-02-01,4802.0,2023,2,0.49999999999999994,0.8660254037844387,49,0,0,0,0,2419.0,3004.0,2441.0,191.0,2621.3333333333335,331.58156362145246,1681.1666666666667,1099.9864393103599,0,0,0,0,0,0,0,0,0,0,0,0,0,0,0,0,1,0,0
2023-03-01,3829.0,2023,3,0.8660254037844386,0.5000000000000001,50,0,1,0,0,4802.0,2419.0,3004.0,274.0,3408.3333333333335,1241.8882128974578,2434.1666666666665,1444.6676319024705,0,0,0,0,0,0,0,0,0,0,0,0,0,0,0,0,1,0,0
2023-04-01,2103.0,2023,4,1.0,6.123233995736766e-17,51,0,1,0,0,3829.0,4802.0,2419.0,617.0,3683.3333333333335,1198.159560882289,2965.1666666666665,1223.1793681495355,0,0,0,0,0,0,0,0,0,0,0,0,0,0,0,0,1,0,0
2023-05-01,517.0,2023,5,0.8660254037844387,-0.4999999999999998,52,0,1,0,0,2103.0,3829.0,4802.0,329.0,3578.0,1366.8946557801398,3099.6666666666665,1032.425429106964,0,0,0,0,0,0,0,0,0,0,0,0,0,0,0,0,1,0,0
2023-06-01,442.0,2023,6,0.49999999999999994,-0.8660254037844387,53,0,0,0,1,517.0,2103.0,3829.0,305.0,2149.6666666666665,1656.4930827907644,2779.0,1479.7887687099226,0,0,0,0,0,0,0,0,0,0,0,0,0,0,0,0,1,0,0
2023-07-01,579.0,2023,7,1.2246467991473532e-16,-1.0,54,0,0,0,1,442.0,517.0,2103.0,430.0,1020.6666666666666,938.0779996000648,2352.0,1747.3319089400343,0,0,0,0,0,0,0,0,0,0,0,0,0,0,0,0,1,0,0
2023-08-01,483.0,2023,8,-0.4999999999999997,-0.8660254037844388,55,0,0,0,1,579.0,442.0,517.0,284.0,512.6666666666666,68.60272103687372,2045.3333333333333,1888.9477141166954,0,0,0,0,0,0,0,0,0,0,0,0,0,0,0,0,1,0,0
2023-09-01,720.0,2023,9,-0.8660254037844384,-0.5000000000000004,56,0,0,1,0,483.0,579.0,442.0,643.0,501.3333333333333,70.31595362123167,1325.5,1383.71467434584,0,0,0,0,0,0,0,0,0,0,0,0,0,0,0,0,1,0,0
2023-10-01,1289.0,2023,10,-1.0,-1.8369701987210297e-16,57,0,0,1,0,720.0,483.0,579.0,1296.0,594.0,119.2098989192137,807.3333333333334,642.1011342979202,0,0,0,0,0,0,0,0,0,0,0,0,0,0,0,0,1,0,0
2023-11-01,3962.0,2023,11,-0.8660254037844386,0.5000000000000001,58,0,0,1,0,1289.0,720.0,483.0,2441.0,830.6666666666666,414.2394637569683,671.6666666666666,317.58064592584105,0,0,0,0,0,0,0,0,0,0,0,0,0,0,0,0,1,0,0
2023-12-01,4533.0,2023,12,-0.5000000000000004,0.8660254037844384,59,0,0,0,0,3962.0,1289.0,720.0,3004.0,1990.3333333333333,1731.052377409087,1245.8333333333333,1365.9176280679155,0,0,0,0,0,0,0,0,0,0,0,0,0,0,0,0,1,0,0
2024-01-01,4618.0,2024,1,0.0,1.0,60,0,0,0,0,4533.0,3962.0,1289.0,2419.0,3261.3333333333335,1731.786457197781,1927.6666666666667,1827.489607813595,0,0,0,0,0,0,0,0,0,0,0,0,0,0,0,0,1,0,0
2024-02-01,4799.0,2024,2,0.49999999999999994,0.8660254037844387,61,0,0,0,0,4618.0,4533.0,3962.0,4802.0,4371.0,356.74500697318575,2600.8333333333335,1969.703674837079,0,0,0,0,0,0,0,0,0,0,0,0,0,0,0,0,1,0,0
2024-03-01,4568.0,2024,3,0.8660254037844386,0.5000000000000001,62,0,1,0,0,4799.0,4618.0,4533.0,3829.0,4650.0,135.8565419856408,3320.1666666666665,1824.3211796903254,0,0,0,0,0,0,0,0,0,0,0,0,0,0,0,0,1,0,0
2024-04-01,1884.0,2024,4,1.0,6.123233995736766e-17,63,0,1,0,0,4568.0,4799.0,4618.0,2103.0,4661.666666666667,121.53326019501569,3961.5,1339.3363655184014,0,0,0,0,0,0,0,0,0,0,0,0,0,0,0,0,1,0,0
2024-05-01,627.0,2024,5,0.8660254037844387,-0.4999999999999998,64,0,1,0,0,1884.0,4568.0,4799.0,517.0,3750.3333333333335,1620.4136303220964,4060.6666666666665,1103.0734638575568,0,0,0,0,0,0,0,0,0,0,0,0,0,0,0,0,1,0,0
2024-06-01,366.0,2024,6,0.49999999999999994,-0.8660254037844387,65,0,0,0,1,627.0,1884.0,4568.0,442.0,2359.6666666666665,2013.0981926706024,3504.8333333333335,1789.4402942447402,0,0,0,0,0,0,0,0,0,0,0,0,0,0,0,0,1,0,0
2024-07-01,740.0,2024,7,1.2246467991473532e-16,-1.0,66,0,0,0,1,366.0,627.0,1884.0,579.0,959.0,811.633537996258,2810.3333333333335,2093.4015063209195,0,0,0,0,0,0,0,0,0,0,0,0,0,0,0,0,1,0,0
2024-08-01,436.0,2024,8,-0.4999999999999997,-0.8660254037844388,67,0,0,0,1,740.0,366.0,627.0,483.0,577.6666666666666,191.81849059373624,2164.0,2021.078424999886,0,0,0,0,0,0,0,0,0,0,0,0,0,0,0,0,1,0,0
2024-09-01,780.0,2024,9,-0.8660254037844384,-0.5000000000000004,68,0,0,1,0,436.0,740.0,366.0,720.0,514.0,198.82655758305128,1436.8333333333333,1630.5778628040669,0,0,0,0,0,0,0,0,0,0,0,0,0,0,0,0,1,0,0
2024-10-01,2203.0,2024,10,-1.0,-1.8369701987210297e-16,69,0,0,1,0,780.0,436.0,740.0,1289.0,652.0,188.12761626174242,805.5,553.110386812619,0,0,0,0,0,0,0,0,0,0,0,0,0,0,0,0,1,0,0
2024-11-01,4462.0,2024,11,-0.8660254037844386,0.5000000000000001,70,0,0,1,0,2203.0,780.0,436.0,3962.0,1139.6666666666667,936.7989823508857,858.6666666666666,678.6072993025291,0,0,0,0,0,0,0,0,0,0,0,0,0,0,0,0,1,0,0
2024-12-01,5263.0,2024,12,-0.5000000000000004,0.8660254037844384,71,0,0,0,0,4462.0,2203.0,780.0,4533.0,2481.6666666666665,1856.7504768637182,1497.8333333333333,1598.8543919527754,0,0,0,0,0,0,0,0,0,0,0,0,0,0,0,0,1,0,0
2025-01-01,3218.0,2025,1,0.0,1.0,72,0,0,0,0,5263.0,4462.0,2203.0,4618.0,3976.0,1586.8355302299924,2314.0,2082.322837602282,0,0,0,0,0,0,0,0,0,0,0,0,0,0,0,0,1,0,0
2025-02-01,5681.0,2025,2,0.49999999999999994,0.8660254037844387,73,0,0,0,0,3218.0,5263.0,4462.0,4799.0,4314.333333333333,1030.4660757800966,2727.0,1949.1879334738417,0,0,0,0,0,0,0,0,0,0,0,0,0,0,0,0,1,0,0
2025-03-01,4982.0,2025,3,0.8660254037844386,0.5000000000000001,74,0,1,0,0,5681.0,3218.0,5263.0,4568.0,4720.666666666667,1318.0236467277928,3601.1666666666665,1891.5125605363296,0,0,0,0,0,0,0,0,0,0,0,0,0,0,0,0,1,0,0
2025-04-01,2042.0,2025,4,1.0,6.123233995736766e-17,75,0,1,0,0,4982.0,5681.0,3218.0,1884.0,4627.0,1269.2954738752899,4301.5,1333.7179237005262,0,0,0,0,0,0,0,0,0,0,0,0,0,0,0,0,1,0,0
2025-05-01,1227.0,2025,5,0.8660254037844387,-0.4999999999999998,76,0,1,0,0,2042.0,4982.0,5681.0,627.0,4235.0,1931.0844103767963,4274.666666666667,1385.0151864390186,0,0,0,0,0,0,0,0,0,0,0,0,0,0,0,0,1,0,0
2025-06-01,551.0,2025,6,0.49999999999999994,-0.8660254037844387,77,0,0,0,1,1227.0,2042.0,4982.0,366.0,2750.3333333333335,1975.1729882047407,3735.5,1849.3409366582564,0,0,0,0,0,0,0,0,0,0,0,0,0,0,0,0,1,0,0
2025-07-01,800.0,2025,7,1.2246467991473532e-16,-1.0,78,0,0,0,1,551.0,1227.0,2042.0,740.0,1273.3333333333333,746.5790871258438,2950.1666666666665,2059.495221326502,0,0,0,0,0,0,0,0,0,0,0,0,0,0,0,0,1,0,0
2025-08-01,902.0,2025,8,-0.4999999999999997,-0.8660254037844388,79,0,0,0,1,800.0,551.0,1227.0,436.0,859.3333333333334,341.8835084259869,2547.1666666666665,2226.4155422262693,0,0,0,0,0,0,0,0,0,0,0,0,0,0,0,0,1,0,0
2025-09-01,767.0,2025,9,-0.8660254037844384,-0.5000000000000004,80,0,0,1,0,902.0,800.0,551.0,780.0,751.0,180.55747007623222,1750.6666666666667,1665.1618139588368,0,0,0,0,0,0,0,0,0,0,0,0,0,0,0,0,1,0,0
2025-10-01,2209.0,2025,10,-1.0,-1.8369701987210297e-16,81,0,0,1,0,767.0,902.0,800.0,2203.0,823.0,70.37755324198812,1048.1666666666667,534.577746138648,0,0,0,0,0,0,0,0,0,0,0,0,0,0,0,0,1,0,0
2025-11-01,3563.0,2025,11,-0.8660254037844386,0.5000000000000001,82,0,0,1,0,2209.0,767.0,902.0,4462.0,1292.6666666666667,796.4335084196659,1076.0,597.3354166630423,0,0,0,0,0,0,0,0,0,0,0,0,0,0,0,0,1,0,0
2025-12-01,4419.0,2025,12,-0.5000000000000004,0.8660254037844384,83,0,0,0,0,3563.0,2209.0,767.0,5263.0,2179.6666666666665,1398.2307868637606,1465.3333333333333,1186.3332865037048,0,0,0,0,0,0,0,0,0,0,0,0,0,0,0,0,1,0,0
2020-01-01,3585.0,2020,1,0.0,1.0,12,0,0,0,0,4000.0,7193.0,8716.0,3874.0,6636.333333333333,2406.776336374782,5362.0,2109.156513869953,0,0,0,0,0,0,0,0,0,0,0,0,0,0,0,0,0,1,0
2020-02-01,4845.0,2020,2,0.49999999999999994,0.8660254037844387,13,0,0,0,0,3585.0,4000.0,7193.0,5031.0,4926.0,1974.2145273501303,5269.5,2184.2991324450168,0,0,0,0,0,0,0,0,0,0,0,0,0,0,0,0,0,1,0
2020-03-01,2257.0,2020,3,0.8660254037844386,0.5000000000000001,14,1,1,0,0,4845.0,3585.0,4000.0,6702.0,4143.333333333333,642.1123992990935,5512.5,2006.8838282272482,0,0,0,0,0,0,0,0,0,0,0,0,0,0,0,0,0,1,0
2020-04-01,5.0,2020,4,1.0,6.123233995736766e-17,15,1,1,0,0,2257.0,4845.0,3585.0,7192.0,3562.3333333333335,1294.1488837586048,5099.333333333333,2412.8407047848636,0,0,0,0,0,0,0,0,0,0,0,0,0,0,0,0,0,1,0
2020-05-01,7.0,2020,5,0.8660254037844387,-0.4999999999999998,16,1,1,0,0,5.0,2257.0,4845.0,3387.0,2369.0,2421.9430216254714,3647.5,2422.149272856658,0,0,0,0,0,0,0,0,0,0,0,0,0,0,0,0,0,1,0
2020-06-01,19.0,2020,6,0.49999999999999994,-0.8660254037844387,17,1,0,0,1,7.0,5.0,2257.0,2786.0,756.3333333333334,1299.615840675107,2449.8333333333335,2069.3125831219154,0,0,0,0,0,0,0,0,0,0,0,0,0,0,0,0,0,1,0
2020-07-01,19.0,2020,7,1.2246467991473532e-16,-1.0,18,1,0,0,1,19.0,7.0,5.0,4140.0,10.333333333333334,7.571877816706772,1786.3333333333333,2110.678248020453,0,0,0,0,0,0,0,0,0,0,0,0,0,0,0,0,0,1,0
2020-08-01,42.0,2020,8,-0.4999999999999997,-0.8660254037844388,19,1,0,0,1,19.0,19.0,7.0,3387.0,15.0,6.9282032546516445,1192.0,2002.1831085093131,0,0,0,0,0,0,0,0,0,0,0,0,0,0,0,0,0,1,0
2020-09-01,79.0,2020,9,-0.8660254037844384,-0.5000000000000004,20,1,0,1,0,42.0,19.0,19.0,4736.0,26.666666666666668,13.27905620407588,391.5,913.9995076585152,0,0,0,0,0,0,0,0,0,0,0,0,0,0,0,0,0,1,0
2020-10-01,284.0,2020,10,-1.0,-1.8369701987210297e-16,21,1,0,1,0,79.0,42.0,19.0,8716.0,46.666666666666664,30.27099822719507,28.5,28.026772914570085,0,0,0,0,0,0,0,0,0,0,0,0,0,0,0,0,0,1,0
2020-11-01,295.0,2020,11,-0.8660254037844386,0.5000000000000001,22,1,0,1,0,284.0,79.0,42.0,7193.0,135.0,130.35720156683638,75.0,105.52914289429866,0,0,0,0,0,0,0,0,0,0,0,0,0,0,0,0,0,1,0
2020-12-01,325.0,2020,12,-0.5000000000000004,0.8660254037844384,23,1,0,0,0,295.0,284.0,79.0,4000.0,219.33333333333334,121.65662059119296,123.0,130.86940054881333,0,0,0,0,0,0,0,0,0,0,0,0,0,0,0,0,0,1,0
2021-01-01,136.0,2021,1,0.0,1.0,24,1,0,0,0,325.0,295.0,284.0,3585.0,301.3333333333333,21.221058731100598,174.0,141.43266949331831,0,0,0,0,0,0,0,0,0,0,0,0,0,0,0,0,0,1,0
2021-02-01,523.0,2021,2,0.49999999999999994,0.8660254037844387,25,1,0,0,0,136.0,325.0,295.0,4845.0,252.0,101.57263411143711,193.5,122.59975530157632,0,0,0,0,0,0,0,0,0,0,0,0,0,0,0,0,0,1,0
2021-03-01,664.0,2021,3,0.8660254037844386,0.5000000000000001,26,1,1,0,0,523.0,136.0,325.0,2257.0,328.0,193.51744107530791,273.6666666666667,156.34022728227623,0,0,0,0,0,0,0,0,0,0,0,0,0,0,0,0,0,1,0
2021-04-01,541.0,2021,4,1.0,6.123233995736766e-17,27,1,1,0,0,664.0,523.0,136.0,5.0,441.0,273.38434483403466,371.1666666666667,189.54621248306356,0,0,0,0,0,0,0,0,0,0,0,0,0,0,0,0,0,1,0
2021-05-01,51.0,2021,5,0.8660254037844387,-0.4999999999999998,28,1,1,0,0,541.0,664.0,523.0,7.0,576.0,76.73982017397024,414.0,194.87226585640244,0,0,0,0,0,0,0,0,0,0,0,0,0,0,0,0,0,1,0
2021-06-01,58.0,2021,6,0.49999999999999994,-0.8660254037844387,29,1,0,0,1,51.0,541.0,664.0,19.0,418.6666666666667,324.2935912620967,373.3333333333333,243.95136127243623,0,0,0,0,0,0,0,0,0,0,0,0,0,0,0,0,0,1,0
2021-07-01,184.0,2021,7,1.2246467991473532e-16,-1.0,30,1,0,0,1,58.0,51.0,541.0,19.0,216.66666666666666,280.9027115099984,328.8333333333333,276.68712775746235,0,0,0,0,0,0,0,0,0,0,0,0,0,0,0,0,0,1,0
2021-08-01,416.0,2021,8,-0.4999999999999997,-0.8660254037844388,31,1,0,0,1,184.0,58.0,51.0,42.0,97.66666666666667,74.84873635319656,336.8333333333333,270.62403194593486,0,0,0,0,0,0,0,0,0,0,0,0,0,0,0,0,0,1,0
2021-09-01,438.0,2021,9,-0.8660254037844384,-0.5000000000000004,32,1,0,1,0,416.0,184.0,58.0,79.0,219.33333333333334,181.5966225833217,319.0,259.1864193973279,0,0,0,0,0,0,0,0,0,0,0,0,0,0,0,0,0,1,0
2021-10-01,1382.0,2021,10,-1.0,-1.8369701987210297e-16,33,1,0,1,0,438.0,416.0,184.0,284.0,346.0,140.72668545920874,281.3333333333333,210.95560354414354,0,0,0,0,0,0,0,0,0,0,0,0,0,0,0,0,0,1,0
2021-11-01,2026.0,2021,11,-0.8660254037844386,0.5000000000000001,34,1,0,1,0,1382.0,438.0,416.0,295.0,745.3333333333334,551.4792229392375,421.5,499.7342293659786,0,0,0,0,0,0,0,0,0,0,0,0,0,0,0,0,0,1,0
2021-12-01,2261.0,2021,12,-0.5000000000000004,0.8660254037844384,35,1,0,0,0,2026.0,1382.0,438.0,325.0,1282.0,798.7089582572163,750.6666666666666,779.1941135985809,0,0,0,0,0,0,0,0,0,0,0,0,0,0,0,0,0,1,0
2022-01-01,1824.0,2022,1,0.0,1.0,36,1,0,0,0,2261.0,2026.0,1382.0,136.0,1889.6666666666667,455.08277635355074,1117.8333333333333,897.5710371144345,0,0,0,0,0,0,0,0,0,0,0,0,0,0,0,0,0,1,0
2022-02-01,2218.0,2022,2,0.49999999999999994,0.8660254037844387,37,1,0,0,0,1824.0,2261.0,2026.0,523.0,2037.0,218.70756731380223,1391.1666666666667,800.8156883245257,0,0,0,0,0,0,0,0,0,0,0,0,0,0,0,0,0,1,0
2022-03-01,4033.0,2022,3,0.8660254037844386,0.5000000000000001,38,0,1,0,0,2218.0,1824.0,2261.0,664.0,2101.0,240.85057608467704,1691.5,692.5361362412939,0,0,0,0,0,0,0,0,0,0,0,0,0,0,0,0,0,1,0
2022-04-01,5400.0,2022,4,1.0,6.123233995736766e-17,39,0,1,0,0,4033.0,2218.0,1824.0,541.0,2691.6666666666665,1178.2148926802995,2290.6666666666665,911.6345027842526,0,0,0,0,0,0,0,0,0,0,0,0,0,0,0,0,0,1,0
2022-05-01,2461.0,2022,5,0.8660254037844387,-0.4999999999999998,40,0,1,0,0,5400.0,4033.0,2218.0,51.0,3883.6666666666665,1596.2475789593668,2960.3333333333335,1435.7538321964169,0,0,0,0,0,0,0,0,0,0,0,0,0,0,0,0,0,1,0
2022-06-01,2000.0,2022,6,0.49999999999999994,-0.8660254037844387,41,0,0,0,1,2461.0,5400.0,4033.0,58.0,3964.6666666666665,1470.6911073823899,3032.8333333333335,1389.371284670407,0,0,0,0,0,0,0,0,0,0,0,0,0,0,0,0,0,1,0
2022-07-01,3953.0,2022,7,1.2246467991473532e-16,-1.0,42,0,0,0,1,2000.0,2461.0,5400.0,184.0,3287.0,1844.3717087399468,2989.3333333333335,1422.070837429239,0,0,0,0,0,0,0,0,0,0,0,0,0,0,0,0,0,1,0
2022-08-01,2826.0,2022,8,-0.4999999999999997,-0.8660254037844388,43,0,0,0,1,3953.0,2000.0,2461.0,416.0,2804.6666666666665,1020.8488298145066,3344.1666666666665,1336.16157955043,0,0,0,0,0,0,0,0,0,0,0,0,0,0,0,0,0,1,0
2022-09-01,3927.0,2022,9,-0.8660254037844384,-0.5000000000000004,44,0,0,1,0,2826.0,3953.0,2000.0,438.0,2926.3333333333335,980.3582678458149,3445.5,1254.2147742711509,0,0,0,0,0,0,0,0,0,0,0,0,0,0,0,0,0,1,0
2022-10-01,7417.0,2022,10,-1.0,-1.8369701987210297e-16,45,0,0,1,0,3927.0,2826.0,3953.0,1382.0,3568.6666666666665,643.2995673351894,3427.8333333333335,1244.996934400523,0,0,0,0,0,0,0,0,0,0,0,0,0,0,0,0,0,1,0
2022-11-01,5165.0,2022,11,-0.8660254037844386,0.5000000000000001,46,0,0,1,0,7417.0,3927.0,2826.0,2026.0,4723.333333333333,2396.8584299732083,3764.0,1954.2798161982937,0,0,0,0,0,0,0,0,0,0,0,0,0,0,0,0,0,1,0
2022-12-01,3870.0,2022,12,-0.5000000000000004,0.8660254037844384,47,0,0,0,0,5165.0,7417.0,3927.0,2261.0,5503.0,1769.38068261194,4214.666666666667,1904.858909910838,0,0,0,0,0,0,0,0,0,0,0,0,0,0,0,0,0,1,0
2023-01-01,3458.0,2023,1,0.0,1.0,48,0,0,0,0,3870.0,5165.0,7417.0,1824.0,5484.0,1794.8880187912268,4526.333333333333,1598.3533610146123,0,0,0,0,0,0,0,0,0,0,0,0,0,0,0,0,0,1,0
2023-02-01,4345.0,2023,2,0.49999999999999994,0.8660254037844387,49,0,0,0,0,3458.0,3870.0,5165.0,2218.0,4164.333333333333,890.7504326878761,4443.833333333333,1645.9316409458527,0,0,0,0,0,0,0,0,0,0,0,0,0,0,0,0,0,1,0
2023-03-01,6133.0,2023,3,0.8660254037844386,0.5000000000000001,50,0,1,0,0,4345.0,3458.0,3870.0,4033.0,3891.0,443.8727295073524,4697.0,1452.8095539333578,0,0,0,0,0,0,0,0,0,0,0,0,0,0,0,0,0,1,0
2023-04-01,5409.0,2023,4,1.0,6.123233995736766e-17,51,0,1,0,0,6133.0,4345.0,3458.0,5400.0,4645.333333333333,1362.555075339575,5064.666666666667,1497.424544565339,0,0,0,0,0,0,0,0,0,0,0,0,0,0,0,0,0,1,0
2023-05-01,2927.0,2023,5,0.8660254037844387,-0.4999999999999998,52,0,1,0,0,5409.0,6133.0,4345.0,2461.0,5295.666666666667,899.3716324932815,4730.0,1012.3718684357258,0,0,0,0,0,0,0,0,0,0,0,0,0,0,0,0,0,1,0
2023-06-01,1991.0,2023,6,0.49999999999999994,-0.8660254037844387,53,0,0,0,1,2927.0,5409.0,6133.0,2000.0,4823.0,1681.414880391006,4357.0,1212.5422879223797,0,0,0,0,0,0,0,0,0,0,0,0,0,0,0,0,0,1,0
2023-07-01,3630.0,2023,7,1.2246467991473532e-16,-1.0,54,0,0,0,1,1991.0,2927.0,5409.0,3953.0,3442.3333333333335,1766.3117882564347,4043.8333333333335,1557.1538673704351,0,0,0,0,0,0,0,0,0,0,0,0,0,0,0,0,0,1,0
2023-08-01,2711.0,2023,8,-0.4999999999999997,-0.8660254037844388,55,0,0,0,1,3630.0,1991.0,2927.0,2826.0,2849.3333333333335,822.2556374593299,4072.5,1545.7533761891113,0,0,0,0,0,0,0,0,0,0,0,0,0,0,0,0,0,1,0
2023-09-01,3640.0,2023,9,-0.8660254037844384,-0.5000000000000004,56,0,0,1,0,2711.0,3630.0,1991.0,3927.0,2777.3333333333335,821.5110062157717,3800.1666666666665,1629.7975845689245,0,0,0,0,0,0,0,0,0,0,0,0,0,0,0,0,0,1,0
2023-10-01,8218.0,2023,10,-1.0,-1.8369701987210297e-16,57,0,0,1,0,3640.0,2711.0,3630.0,7417.0,3327.0,533.4950796402084,3384.6666666666665,1168.6660201557572,0,0,0,0,0,0,0,0,0,0,0,0,0,0,0,0,0,1,0
2023-11-01,6136.0,2023,11,-0.8660254037844386,0.5000000000000001,58,0,0,1,0,8218.0,3640.0,2711.0,5165.0,4856.333333333333,2948.1116555065605,3852.8333333333335,2226.0730820587855,0,0,0,0,0,0,0,0,0,0,0,0,0,0,0,0,0,1,0
2023-12-01,4267.0,2023,12,-0.5000000000000004,0.8660254037844384,59,0,0,0,0,6136.0,8218.0,3640.0,3870.0,5998.0,2292.117798020052,4387.666666666667,2341.640849205254,0,0,0,0,0,0,0,0,0,0,0,0,0,0,0,0,0,1,0
2024-01-01,3276.0,2024,1,0.0,1.0,60,0,0,0,0,4267.0,6136.0,8218.0,3458.0,6207.0,1976.4566779973422,4767.0,2040.7643666038568,0,0,0,0,0,0,0,0,0,0,0,0,0,0,0,0,0,1,0
2024-02-01,4571.0,2024,2,0.49999999999999994,0.8660254037844387,61,0,0,0,0,3276.0,4267.0,6136.0,4345.0,4559.666666666667,1452.2879650171433,4708.0,2084.851169748105,0,0,0,0,0,0,0,0,0,0,0,0,0,0,0,0,0,1,0
2024-03-01,7241.0,2024,3,0.8660254037844386,0.5000000000000001,62,0,1,0,0,4571.0,3276.0,4267.0,6133.0,4038.0,677.1905197212267,5018.0,1854.032470050091,0,0,0,0,0,0,0,0,0,0,0,0,0,0,0,0,0,1,0
2024-04-01,5390.0,2024,4,1.0,6.123233995736766e-17,63,0,1,0,0,7241.0,4571.0,3276.0,5409.0,5029.333333333333,2021.845279276738,5618.166666666667,1900.9906277166945,0,0,0,0,0,0,0,0,0,0,0,0,0,0,0,0,0,1,0
2024-05-01,2802.0,2024,5,0.8660254037844387,-0.4999999999999998,64,0,1,0,0,5390.0,7241.0,4571.0,2927.0,5734.0,1367.8366130500722,5146.833333333333,1416.2501779935315,0,0,0,0,0,0,0,0,0,0,0,0,0,0,0,0,0,1,0
2024-06-01,1971.0,2024,6,0.49999999999999994,-0.8660254037844387,65,0,0,0,1,2802.0,5390.0,7241.0,1991.0,5144.333333333333,2229.67359345121,4591.166666666667,1593.4881758791644,0,0,0,0,0,0,0,0,0,0,0,0,0,0,0,0,0,1,0
2024-07-01,3806.0,2024,7,1.2246467991473532e-16,-1.0,66,0,0,0,1,1971.0,2802.0,5390.0,3630.0,3387.6666666666665,1783.1557232428252,4208.5,1927.5689092740724,0,0,0,0,0,0,0,0,0,0,0,0,0,0,0,0,0,1,0
2024-08-01,2764.0,2024,8,-0.4999999999999997,-0.8660254037844388,67,0,0,0,1,3806.0,1971.0,2802.0,2711.0,2859.6666666666665,918.8581682357984,4296.833333333333,1888.0276922404248,0,0,0,0,0,0,0,0,0,0,0,0,0,0,0,0,0,1,0
2024-09-01,4493.0,2024,9,-0.8660254037844384,-0.5000000000000004,68,0,0,1,0,2764.0,3806.0,1971.0,3640.0,2847.0,920.3113603560013,3995.6666666666665,1977.5462236485657,0,0,0,0,0,0,0,0,0,0,0,0,0,0,0,0,0,1,0
2024-10-01,8017.0,2024,10,-1.0,-1.8369701987210297e-16,69,0,0,1,0,4493.0,2764.0,3806.0,8218.0,3687.6666666666665,870.5528894522382,3537.6666666666665,1265.702440017677,0,0,0,0,0,0,0,0,0,0,0,0,0,0,0,0,0,1,0
2024-11-01,6610.0,2024,11,-0.8660254037844386,0.5000000000000001,70,0,0,1,0,8017.0,4493.0,2764.0,6136.0,5091.333333333333,2677.12613325066,3975.5,2167.6306650349907,0,0,0,0,0,0,0,0,0,0,0,0,0,0,0,0,0,1,0
2024-12-01,3824.0,2024,12,-0.5000000000000004,0.8660254037844384,71,0,0,0,0,6610.0,8017.0,4493.0,4267.0,6373.333333333333,1773.8805859847562,4610.166666666667,2308.2370256684444,0,0,0,0,0,0,0,0,0,0,0,0,0,0,0,0,0,1,0
2025-01-01,3521.0,2025,1,0.0,1.0,72,0,0,0,0,3824.0,6610.0,8017.0,3276.0,6150.333333333333,2133.9593092028776,4919.0,1985.9697882898522,0,0,0,0,0,0,0,0,0,0,0,0,0,0,0,0,0,1,0
2025-02-01,5221.0,2025,2,0.49999999999999994,0.8660254037844387,73,0,0,0,0,3521.0,3824.0,6610.0,4571.0,4651.666666666667,1702.719687245565,4871.5,2021.0134833790794,0,0,0,0,0,0,0,0,0,0,0,0,0,0,0,0,0,1,0
2025-03-01,5995.0,2025,3,0.8660254037844386,0.5000000000000001,74,0,1,0,0,5221.0,3521.0,3824.0,7241.0,4188.666666666667,906.7724815705632,5281.0,1737.6380520695448,0,0,0,0,0,0,0,0,0,0,0,0,0,0,0,0,0,1,0
2025-04-01,6737.0,2025,4,1.0,6.123233995736766e-17,75,0,1,0,0,5995.0,5221.0,3521.0,5390.0,4912.333333333333,1265.553370401119,5531.333333333333,1709.373062460828,0,0,0,0,0,0,0,0,0,0,0,0,0,0,0,0,0,1,0
2025-05-01,3473.0,2025,5,0.8660254037844387,-0.4999999999999998,76,0,1,0,0,6737.0,5995.0,5221.0,2802.0,5984.333333333333,758.0562863888304,5318.0,1386.4925531715062,0,0,0,0,0,0,0,0,0,0,0,0,0,0,0,0,0,1,0
2025-06-01,2284.0,2025,6,0.49999999999999994,-0.8660254037844387,77,0,0,0,1,3473.0,6737.0,5995.0,1971.0,5401.666666666667,1710.9813947947032,4795.166666666667,1393.3011758649689,0,0,0,0,0,0,0,0,0,0,0,0,0,0,0,0,0,1,0
2025-07-01,3547.0,2025,7,1.2246467991473532e-16,-1.0,78,0,0,0,1,2284.0,3473.0,6737.0,3806.0,4164.666666666667,2305.667871427634,4538.5,1713.1239009482172,0,0,0,0,0,0,0,0,0,0,0,0,0,0,0,0,0,1,0
2025-08-01,2947.0,2025,8,-0.4999999999999997,-0.8660254037844388,79,0,0,0,1,3547.0,2284.0,3473.0,2764.0,3101.3333333333335,708.7978084994642,4542.833333333333,1710.0655445528116,0,0,0,0,0,0,0,0,0,0,0,0,0,0,0,0,0,1,0
2025-09-01,5067.0,2025,9,-0.8660254037844384,-0.5000000000000004,80,0,0,1,0,2947.0,3547.0,2284.0,4493.0,2926.0,631.7618222085841,4163.833333333333,1780.2555340924237,0,0,0,0,0,0,0,0,0,0,0,0,0,0,0,0,0,1,0
2025-10-01,8719.0,2025,10,-1.0,-1.8369701987210297e-16,81,0,0,1,0,5067.0,2947.0,3547.0,8017.0,3853.6666666666665,1092.7640794488257,4009.1666666666665,1622.6864659159205,0,0,0,0,0,0,0,0,0,0,0,0,0,0,0,0,0,1,0
2025-11-01,7191.0,2025,11,-0.8660254037844386,0.5000000000000001,82,0,0,1,0,8719.0,5067.0,2947.0,6610.0,5577.666666666667,2919.688567867064,4339.5,2334.6216609977805,0,0,0,0,0,0,0,0,0,0,0,0,0,0,0,0,0,1,0
2025-12-01,4233.0,2025,12,-0.5000000000000004,0.8660254037844384,83,0,0,0,0,7191.0,8719.0,5067.0,3824.0,6992.333333333333,1834.0876024153313,4959.166666666667,2542.7780411720382,0,0,0,0,0,0,0,0,0,0,0,0,0,0,0,0,0,1,0
2020-01-01,6383.0,2020,1,0.0,1.0,12,0,0,0,0,6247.0,9635.0,12241.0,6620.0,9374.333333333334,3005.489865784545,7746.0,2692.056611589002,0,0,0,0,0,0,0,0,0,0,0,0,0,0,0,0,0,0,1
2020-02-01,6790.0,2020,2,0.49999999999999994,0.8660254037844387,13,0,0,0,0,6383.0,6247.0,9635.0,6684.0,7421.666666666667,1918.0086895876193,7755.666666666667,2686.030950429784,0,0,0,0,0,0,0,0,0,0,0,0,0,0,0,0,0,0,1
2020-03-01,2929.0,2020,3,0.8660254037844386,0.5000000000000001,14,1,1,0,0,6790.0,6383.0,6247.0,9450.0,6473.333333333333,282.54616142078936,8059.666666666667,2394.5599734954912,0,0,0,0,0,0,0,0,0,0,0,0,0,0,0,0,0,0,1
2020-04-01,0.0,2020,4,1.0,6.123233995736766e-17,15,1,1,0,0,2929.0,6790.0,6383.0,8493.0,5367.333333333333,2121.4415696251526,7370.833333333333,3198.4696601135247,0,0,0,0,0,0,0,0,0,0,0,0,0,0,0,0,0,0,1
2020-05-01,0.0,2020,5,0.8660254037844387,-0.4999999999999998,16,1,1,0,0,0.0,2929.0,6790.0,7550.0,3239.6666666666665,3405.6438940872317,5330.666666666667,3370.1044889834975,0,0,0,0,0,0,0,0,0,0,0,0,0,0,0,0,0,0,1
2020-06-01,8.0,2020,6,0.49999999999999994,-0.8660254037844387,17,1,0,0,1,0.0,0.0,2929.0,7968.0,976.3333333333334,1691.0589384565108,3724.8333333333335,3200.141835398349,0,0,0,0,0,0,0,0,0,0,0,0,0,0,0,0,0,0,1
2020-07-01,8.0,2020,7,1.2246467991473532e-16,-1.0,18,1,0,0,1,8.0,0.0,0.0,6325.0,2.6666666666666665,4.618802189658579,2685.0,3230.1871153232046,0,0,0,0,0,0,0,0,0,0,0,0,0,0,0,0,0,0,1
2020-08-01,56.0,2020,8,-0.4999999999999997,-0.8660254037844388,19,1,0,0,1,8.0,8.0,0.0,4966.0,5.333333333333333,4.618802189656677,1622.5,2788.8431831137514,0,0,0,0,0,0,0,0,0,0,0,0,0,0,0,0,0,0,1
2020-09-01,126.0,2020,9,-0.8660254037844384,-0.5000000000000004,20,1,0,1,0,56.0,8.0,8.0,7062.0,24.0,27.712812927123096,500.1666666666667,1190.0676311314016,0,0,0,0,0,0,0,0,0,0,0,0,0,0,0,0,0,0,1
2020-10-01,399.0,2020,10,-1.0,-1.8369701987210297e-16,21,1,0,1,0,126.0,56.0,8.0,12241.0,63.333333333333336,59.34082350007282,33.0,50.21155245596454,0,0,0,0,0,0,0,0,0,0,0,0,0,0,0,0,0,0,1
2020-11-01,449.0,2020,11,-0.8660254037844386,0.5000000000000001,22,1,0,1,0,399.0,126.0,56.0,9635.0,193.66666666666666,181.23557413947722,99.5,154.2332648945688,0,0,0,0,0,0,0,0,0,0,0,0,0,0,0,0,0,0,1
2020-12-01,619.0,2020,12,-0.5000000000000004,0.8660254037844384,23,1,0,0,0,449.0,399.0,126.0,6247.0,324.6666666666667,173.8572211145257,174.33333333333334,198.791012540067,0,0,0,0,0,0,0,0,0,0,0,0,0,0,0,0,0,0,1
2021-01-01,877.0,2021,1,0.0,1.0,24,1,0,0,0,619.0,449.0,399.0,6383.0,489.0,115.32562594814156,276.1666666666667,247.1561584640474,0,0,0,0,0,0,0,0,0,0,0,0,0,0,0,0,0,0,1
2021-02-01,1115.0,2021,2,0.49999999999999994,0.8660254037844387,25,1,0,0,0,877.0,619.0,449.0,6790.0,648.3333333333334,215.5025135205224,421.0,306.15616929932827,0,0,0,0,0,0,0,0,0,0,0,0,0,0,0,0,0,0,1
2021-03-01,1693.0,2021,3,0.8660254037844386,0.5000000000000001,26,1,1,0,0,1115.0,877.0,619.0,2929.0,870.3333333333334,248.06719519852172,597.5,355.0085914453893,0,0,0,0,0,0,0,0,0,0,0,0,0,0,0,0,0,0,1
2021-04-01,2733.0,2021,4,1.0,6.123233995736766e-17,27,1,1,0,0,1693.0,1115.0,877.0,0.0,1228.3333333333333,419.63952784939016,858.6666666666666,489.635646850499,0,0,0,0,0,0,0,0,0,0,0,0,0,0,0,0,0,0,1
2021-05-01,225.0,2021,5,0.8660254037844387,-0.4999999999999998,28,1,1,0,0,2733.0,1693.0,1115.0,0.0,1847.0,819.9195082447555,1247.6666666666667,847.6581071792491,0,0,0,0,0,0,0,0,0,0,0,0,0,0,0,0,0,0,1
2021-06-01,263.0,2021,6,0.49999999999999994,-0.8660254037844387,29,1,0,0,1,225.0,2733.0,1693.0,8.0,1550.3333333333333,1260.0719556174786,1210.3333333333333,893.5588770006749,0,0,0,0,0,0,0,0,0,0,0,0,0,0,0,0,0,0,1
2021-07-01,816.0,2021,7,1.2246467991473532e-16,-1.0,30,1,0,0,1,263.0,225.0,2733.0,8.0,1073.6666666666667,1437.1504212620403,1151.0,950.6713417370066,0,0,0,0,0,0,0,0,0,0,0,0,0,0,0,0,0,0,1
2021-08-01,1237.0,2021,8,-0.4999999999999997,-0.8660254037844388,31,1,0,0,1,816.0,263.0,225.0,56.0,434.6666666666667,330.79046741655526,1140.8333333333333,954.5060328079163,0,0,0,0,0,0,0,0,0,0,0,0,0,0,0,0,0,0,1
2021-09-01,1848.0,2021,9,-0.8660254037844384,-0.5000000000000004,32,1,0,1,0,1237.0,816.0,263.0,126.0,772.0,488.4884850232683,1161.1666666666667,955.1448930223661,0,0,0,0,0,0,0,0,0,0,0,0,0,0,0,0,0,0,1
2021-10-01,4721.0,2021,10,-1.0,-1.8369701987210297e-16,33,1,0,1,0,1848.0,1237.0,816.0,399.0,1300.3333333333333,518.9068638336345,1187.0,974.3098069916161,0,0,0,0,0,0,0,0,0,0,0,0,0,0,0,0,0,0,1
2021-11-01,3785.0,2021,11,-0.8660254037844386,0.5000000000000001,34,1,0,1,0,4721.0,1848.0,1237.0,449.0,2602.0,1860.363136594659,1518.3333333333333,1684.4433699791477,0,0,0,0,0,0,0,0,0,0,0,0,0,0,0,0,0,0,1
2021-12-01,3541.0,2021,12,-0.5000000000000004,0.8660254037844384,35,1,0,0,0,3785.0,4721.0,1848.0,619.0,3451.3333333333335,1465.2755144796647,2111.6666666666665,1762.9263928669027,0,0,0,0,0,0,0,0,0,0,0,0,0,0,0,0,0,0,1
2022-01-01,3259.0,2022,1,0.0,1.0,36,1,0,0,0,3541.0,3785.0,4721.0,877.0,4015.6666666666665,622.9007411567617,2658.0,1573.155554927752,0,0,0,0,0,0,0,0,0,0,0,0,0,0,0,0,0,0,1
2022-02-01,3206.0,2022,2,0.49999999999999994,0.8660254037844387,37,1,0,0,0,3259.0,3541.0,3785.0,1115.0,3528.3333333333335,263.2286711846672,3065.1666666666665,1292.1006797717857,0,0,0,0,0,0,0,0,0,0,0,0,0,0,0,0,0,0,1
2022-03-01,4909.0,2022,3,0.8660254037844386,0.5000000000000001,38,0,1,0,0,3206.0,3259.0,3541.0,1693.0,3335.3333333333335,180.07313329213417,3393.3333333333335,935.8526949615051,0,0,0,0,0,0,0,0,0,0,0,0,0,0,0,0,0,0,1
2022-04-01,7345.0,2022,4,1.0,6.123233995736766e-17,39,0,1,0,0,4909.0,3206.0,3259.0,2733.0,3791.3333333333335,968.290417867307,3903.5,738.4675348314553,0,0,0,0,0,0,0,0,0,0,0,0,0,0,0,0,0,0,1
2022-05-01,7318.0,2022,5,0.8660254037844387,-0.4999999999999998,40,0,1,0,0,7345.0,4909.0,3206.0,225.0,5153.333333333333,2080.2894830608643,4340.833333333333,1597.1677954011952,0,0,0,0,0,0,0,0,0,0,0,0,0,0,0,0,0,0,1
2022-06-01,8350.0,2022,6,0.49999999999999994,-0.8660254037844387,41,0,0,0,1,7318.0,7345.0,4909.0,263.0,6524.0,1398.6961785892956,4929.666666666667,1961.068450275695,0,0,0,0,0,0,0,0,0,0,0,0,0,0,0,0,0,0,1
2022-07-01,5228.0,2022,7,1.2246467991473532e-16,-1.0,42,0,0,0,1,8350.0,7318.0,7345.0,816.0,7671.0,588.1861950099606,5731.166666666667,2242.535120497942,0,0,0,0,0,0,0,0,0,0,0,0,0,0,0,0,0,0,1
2022-08-01,4070.0,2022,8,-0.4999999999999997,-0.8660254037844388,43,0,0,0,1,5228.0,8350.0,7318.0,1237.0,6965.333333333333,1590.5977911884675,6059.333333333333,1930.8147157784767,0,0,0,0,0,0,0,0,0,0,0,0,0,0,0,0,0,0,1
2022-09-01,7938.0,2022,9,-0.8660254037844384,-0.5000000000000004,44,0,0,1,0,4070.0,5228.0,8350.0,1848.0,5882.666666666667,2213.8295628466153,6203.333333333333,1693.0296709351317,0,0,0,0,0,0,0,0,0,0,0,0,0,0,0,0,0,0,1
2022-10-01,11859.0,2022,10,-1.0,-1.8369701987210297e-16,45,0,0,1,0,7938.0,4070.0,5228.0,4721.0,5745.333333333333,1985.2156893732317,6708.166666666667,1681.4503759156028,0,0,0,0,0,0,0,0,0,0,0,0,0,0,0,0,0,0,1
2022-11-01,7832.0,2022,11,-0.8660254037844386,0.5000000000000001,46,0,0,1,0,11859.0,7938.0,4070.0,3785.0,7955.666666666667,3894.530052950372,7460.5,2715.3589633785173,0,0,0,0,0,0,0,0,0,0,0,0,0,0,0,0,0,0,1
2022-12-01,5769.0,2022,12,-0.5000000000000004,0.8660254037844384,47,0,0,0,0,7832.0,11859.0,7938.0,3541.0,9209.666666666666,2295.0020334051173,7546.166666666667,2718.0708170808803,0,0,0,0,0,0,0,0,0,0,0,0,0,0,0,0,0,0,1
2023-01-01,6561.0,2023,1,0.0,1.0,48,0,0,0,0,5769.0,7832.0,11859.0,3259.0,8486.666666666666,3097.332131582538,7116.0,2769.1680339047784,0,0,0,0,0,0,0,0,0,0,0,0,0,0,0,0,0,0,1
2023-02-01,7887.0,2023,2,0.49999999999999994,0.8660254037844387,49,0,0,0,0,6561.0,5769.0,7832.0,3206.0,6720.666666666667,1040.7268293522723,7338.166666666667,2637.7562750691586,0,0,0,0,0,0,0,0,0,0,0,0,0,0,0,0,0,0,1
2023-03-01,9557.0,2023,3,0.8660254037844386,0.5000000000000001,50,0,1,0,0,7887.0,6561.0,5769.0,4909.0,6739.0,1070.1607355908272,7974.333333333333,2096.7044299725994,0,0,0,0,0,0,0,0,0,0,0,0,0,0,0,0,0,0,1
2023-04-01,8413.0,2023,4,1.0,6.123233995736766e-17,51,0,1,0,0,9557.0,7887.0,6561.0,7345.0,8001.666666666667,1501.2878915563228,8244.166666666666,2193.057264794224,0,0,0,0,0,0,0,0,0,0,0,0,0,0,0,0,0,0,1
2023-05-01,8546.0,2023,5,0.8660254037844387,-0.4999999999999998,52,0,1,0,0,8413.0,9557.0,7887.0,7318.0,8619.0,853.8454192652752,7669.833333333333,1343.8625549760384,0,0,0,0,0,0,0,0,0,0,0,0,0,0,0,0,0,0,1
2023-06-01,8470.0,2023,6,0.49999999999999994,-0.8660254037844387,53,0,0,0,1,8546.0,8413.0,9557.0,8350.0,8838.666666666666,625.6391398670849,7788.833333333333,1391.8503391768547,0,0,0,0,0,0,0,0,0,0,0,0,0,0,0,0,0,0,1
2023-07-01,5561.0,2023,7,1.2246467991473532e-16,-1.0,54,0,0,0,1,8470.0,8546.0,8413.0,5228.0,8476.333333333334,66.72580710361441,8239.0,985.3525257490629,0,0,0,0,0,0,0,0,0,0,0,0,0,0,0,0,0,0,1
2023-08-01,4629.0,2023,8,-0.4999999999999997,-0.8660254037844388,55,0,0,0,1,5561.0,8470.0,8546.0,4070.0,7525.666666666667,1701.8755340310981,8072.333333333333,1344.911248620787,0,0,0,0,0,0,0,0,0,0,0,0,0,0,0,0,0,0,1
2023-09-01,7364.0,2023,9,-0.8660254037844384,-0.5000000000000004,56,0,0,1,0,4629.0,5561.0,8470.0,7938.0,6220.0,2003.5046793058186,7529.333333333333,1954.3302348034033,0,0,0,0,0,0,0,0,0,0,0,0,0,0,0,0,0,0,1
2023-10-01,14878.0,2023,10,-1.0,-1.8369701987210297e-16,57,0,0,1,0,7364.0,4629.0,5561.0,11859.0,5851.333333333333,1390.423077100509,7163.833333333333,1685.9059780031405,0,0,0,0,0,0,0,0,0,0,0,0,0,0,0,0,0,0,1
2023-11-01,11461.0,2023,11,-0.8660254037844386,0.5000000000000001,58,0,0,1,0,14878.0,7364.0,4629.0,7832.0,8957.0,5306.951761604801,8241.333333333334,3610.9086760352616,0,0,0,0,0,0,0,0,0,0,0,0,0,0,0,0,0,0,1
2023-12-01,7028.0,2023,12,-0.5000000000000004,0.8660254037844384,59,0,0,0,0,11461.0,14878.0,7364.0,5769.0,11234.333333333334,3762.124709965582,8727.166666666666,3848.390178589838,0,0,0,0,0,0,0,0,0,0,0,0,0,0,0,0,0,0,1
2024-01-01,7048.0,2024,1,0.0,1.0,60,0,0,0,0,7028.0,11461.0,14878.0,6561.0,11122.333333333334,3935.9428772955553,8486.833333333334,3912.1607030727564,0,0,0,0,0,0,0,0,0,0,0,0,0,0,0,0,0,0,1
2024-02-01,9088.0,2024,2,0.49999999999999994,0.8660254037844387,61,0,0,0,0,7048.0,7028.0,11461.0,7887.0,8512.333333333334,2553.6398205960127,8734.666666666666,3732.726063705549,0,0,0,0,0,0,0,0,0,0,0,0,0,0,0,0,0,0,1
2024-03-01,10763.0,2024,3,0.8660254037844386,0.5000000000000001,62,0,1,0,0,9088.0,7048.0,7028.0,9557.0,7721.333333333333,1183.6102962266086,9477.833333333334,3150.2629996028454,0,0,0,0,0,0,0,0,0,0,0,0,0,0,0,0,0,0,1
2024-04-01,9948.0,2024,4,1.0,6.123233995736766e-17,63,0,1,0,0,10763.0,9088.0,7048.0,8413.0,8966.333333333334,1860.4860476052036,10044.333333333334,2995.951045438946,0,0,0,0,0,0,0,0,0,0,0,0,0,0,0,0,0,0,1
2024-05-01,8528.0,2024,5,0.8660254037844387,-0.4999999999999998,64,0,1,0,0,9948.0,10763.0,9088.0,8546.0,9933.0,837.6007402099708,9222.666666666666,1869.3711955271801,0,0,0,0,0,0,0,0,0,0,0,0,0,0,0,0,0,0,1
2024-06-01,8280.0,2024,6,0.49999999999999994,-0.8660254037844387,65,0,0,0,1,8528.0,9948.0,10763.0,8470.0,9746.333333333334,1131.0651322243232,8733.833333333334,1517.3279693812806,0,0,0,0,0,0,0,0,0,0,0,0,0,0,0,0,0,0,1
2024-07-01,7864.0,2024,7,1.2246467991473532e-16,-1.0,66,0,0,0,1,8280.0,8528.0,9948.0,5561.0,8918.666666666666,900.011851773982,8942.5,1307.3842204952807,0,0,0,0,0,0,0,0,0,0,0,0,0,0,0,0,0,0,1
2024-08-01,5614.0,2024,8,-0.4999999999999997,-0.8660254037844388,67,0,0,0,1,7864.0,8280.0,8528.0,4629.0,8224.0,335.52347160862575,9078.5,1096.2958998372892,0,0,0,0,0,0,0,0,0,0,0,0,0,0,0,0,0,0,1
2024-09-01,10084.0,2024,9,-0.8660254037844384,-0.5000000000000004,68,0,0,1,0,5614.0,7864.0,8280.0,7364.0,7252.666666666667,1434.289138679382,8499.5,1788.884987918468,0,0,0,0,0,0,0,0,0,0,0,0,0,0,0,0,0,0,1
2024-10-01,16024.0,2024,10,-1.0,-1.8369701987210297e-16,69,0,0,1,0,10084.0,5614.0,7864.0,14878.0,7854.0,2235.0167784605787,8386.333333333334,1631.6197677972414,0,0,0,0,0,0,0,0,0,0,0,0,0,0,0,0,0,0,1
2024-11-01,10980.0,2024,11,-0.8660254037844386,0.5000000000000001,70,0,0,1,0,16024.0,10084.0,5614.0,11461.0,10574.0,5222.269621534328,9399.0,3551.143534130949,0,0,0,0,0,0,0,0,0,0,0,0,0,0,0,0,0,0,1
2024-12-01,6996.0,2024,12,-0.5000000000000004,0.8660254037844384,71,0,0,0,0,10980.0,16024.0,10084.0,7028.0,12362.666666666666,3202.3000067660137,9807.666666666666,3571.88945330993,0,0,0,0,0,0,0,0,0,0,0,0,0,0,0,0,0,0,1
2025-01-01,8062.0,2025,1,0.0,1.0,72,0,0,0,0,6996.0,10980.0,16024.0,7048.0,11333.333333333334,4524.359549520089,9593.666666666666,3717.2274434942383,0,0,0,0,0,0,0,0,0,0,0,0,0,0,0,0,0,0,1
2025-02-01,10646.0,2025,2,0.49999999999999994,0.8660254037844387,73,0,0,0,0,8062.0,6996.0,10980.0,9088.0,8679.333333333334,2062.4958989858956,9626.666666666666,3699.638396744567,0,0,0,0,0,0,0,0,0,0,0,0,0,0,0,0,0,0,1
2025-03-01,11092.0,2025,3,0.8660254037844386,0.5000000000000001,74,0,1,0,0,10646.0,8062.0,6996.0,10763.0,8568.0,1876.8729312343726,10465.333333333334,3135.410573858981,0,0,0,0,0,0,0,0,0,0,0,0,0,0,0,0,0,0,1
2025-04-01,10053.0,2025,4,1.0,6.123233995736766e-17,75,0,1,0,0,11092.0,10646.0,8062.0,9948.0,9933.333333333334,1635.8928245253815,10633.333333333334,3137.8957705230905,0,0,0,0,0,0,0,0,0,0,0,0,0,0,0,0,0,0,1
2025-05-01,9074.0,2025,5,0.8660254037844387,-0.4999999999999998,76,0,1,0,0,10053.0,11092.0,10646.0,8528.0,10597.0,521.2302754064578,9638.166666666666,1706.8865711190979,0,0,0,0,0,0,0,0,0,0,0,0,0,0,0,0,0,0,1
2025-06-01,9696.0,2025,6,0.49999999999999994,-0.8660254037844387,77,0,0,0,1,9074.0,10053.0,11092.0,8280.0,10073.0,1009.1486510917483,9320.5,1579.8483155037534,0,0,0,0,0,0,0,0,0,0,0,0,0,0,0,0,0,0,1
2025-07-01,6626.0,2025,7,1.2246467991473532e-16,-1.0,78,0,0,0,1,9696.0,9074.0,10053.0,7864.0,9607.666666666666,495.4415539028105,9770.5,1095.65537465028,0,0,0,0,0,0,0,0,0,0,0,0,0,0,0,0,0,0,1
2025-08-01,6067.0,2025,8,-0.4999999999999997,-0.8660254037844388,79,0,0,0,1,6626.0,9696.0,9074.0,5614.0,8465.333333333334,1622.9853151934678,9531.166666666666,1589.1839939625345,0,0,0,0,0,0,0,0,0,0,0,0,0,0,0,0,0,0,1
2025-09-01,9775.0,2025,9,-0.8660254037844384,-0.5000000000000004,80,0,0,1,0,6067.0,6626.0,9696.0,10084.0,7463.0,1953.9286066794543,8768.0,1994.5217973238714,0,0,0,0,0,0,0,0,0,0,0,0,0,0,0,0,0,0,1
2025-10-01,13286.0,2025,10,-1.0,-1.8369701987210297e-16,81,0,0,1,0,9775.0,6067.0,6626.0,16024.0,7489.333333333333,1999.0808721344035,8548.5,1744.395454018396,0,0,0,0,0,0,0,0,0,0,0,0,0,0,0,0,0,0,1
2025-11-01,11253.0,2025,11,-0.8660254037844386,0.5000000000000001,82,0,0,1,0,13286.0,9775.0,6067.0,10980.0,9709.333333333334,3609.9479682307933,9087.333333333334,2594.336729622181,0,0,0,0,0,0,0,0,0,0,0,0,0,0,0,0,0,0,1
2025-12-01,7078.0,2025,12,-0.5000000000000004,0.8660254037844384,83,0,0,0,0,11253.0,13286.0,9775.0,6996.0,11438.0,1762.7957907824393,9450.5,2740.4930030927,0,0,0,0,0,0,0,0,0,0,0,0,0,0,0,0,0,0,1
